10:19:31  min_pts=80 filter: kept 85054 train, 9452 val
10:19:31  overfit on 500 samples (val == train)
10:19:31  object-level split: train=500 val=500 (seed=42)
10:19:31  params: 1.62M
10:19:34  [  1/1000]  train nll=+5.901(obj=+5.574 bg=+5.922) mse=13.485(obj=11.519 bg=13.611)  val nll=+5.766(obj=+5.437 bg=+5.787) mse=13.380(obj=11.002 bg=13.533)  lr=4.00e-04  tot=0.0min
10:19:34    ↳ saved (val_nll=5.7655)
10:19:34  [  2/1000]  train nll=+5.783(obj=+5.419 bg=+5.808) mse=13.395(obj=11.052 bg=13.549)  val nll=+5.778(obj=+5.509 bg=+5.797) mse=13.107(obj=10.843 bg=13.250)  lr=6.00e-04  tot=0.0min
10:19:35  [  3/1000]  train nll=+5.656(obj=+5.326 bg=+5.677) mse=12.751(obj=10.534 bg=12.890)  val nll=+5.670(obj=+5.394 bg=+5.688) mse=12.654(obj=10.882 bg=12.767)  lr=8.00e-04  tot=0.1min
10:19:35    ↳ saved (val_nll=5.6698)
10:19:35  [  4/1000]  train nll=+5.677(obj=+5.394 bg=+5.695) mse=12.839(obj=10.738 bg=12.968)  val nll=+5.673(obj=+5.421 bg=+5.690) mse=13.906(obj=12.296 bg=14.011)  lr=1.00e-03  tot=0.1min
10:19:36  [  5/1000]  train nll=+5.623(obj=+5.245 bg=+5.647) mse=11.897(obj=9.658 bg=12.032)  val nll=+5.460(obj=+5.044 bg=+5.488) mse=12.016(obj=10.404 bg=12.122)  lr=1.00e-03  tot=0.1min
10:19:36    ↳ saved (val_nll=5.4602)
10:19:36  [  6/1000]  train nll=+5.564(obj=+5.249 bg=+5.583) mse=12.171(obj=9.998 bg=12.301)  val nll=+6.064(obj=+5.750 bg=+6.086) mse=15.251(obj=13.694 bg=15.352)  lr=1.00e-03  tot=0.1min
10:19:36  [  7/1000]  train nll=+5.511(obj=+5.219 bg=+5.531) mse=11.923(obj=10.001 bg=12.046)  val nll=+5.721(obj=+5.263 bg=+5.751) mse=12.595(obj=10.148 bg=12.751)  lr=1.00e-03  tot=0.1min
10:19:37  [  8/1000]  train nll=+5.499(obj=+5.075 bg=+5.527) mse=11.421(obj=9.060 bg=11.571)  val nll=+6.034(obj=+5.412 bg=+6.074) mse=11.820(obj=9.708 bg=11.956)  lr=1.00e-03  tot=0.1min
10:19:37  [  9/1000]  train nll=+5.533(obj=+5.058 bg=+5.566) mse=11.074(obj=8.843 bg=11.216)  val nll=+5.262(obj=+5.033 bg=+5.277) mse=10.171(obj=8.215 bg=10.297)  lr=1.00e-03  tot=0.1min
10:19:37    ↳ saved (val_nll=5.2617)
10:19:38  [ 10/1000]  train nll=+5.457(obj=+5.051 bg=+5.483) mse=10.986(obj=8.602 bg=11.139)  val nll=+6.545(obj=+6.045 bg=+6.576) mse=13.461(obj=11.632 bg=13.577)  lr=1.00e-03  tot=0.1min
10:19:38  [ 11/1000]  train nll=+5.263(obj=+4.990 bg=+5.280) mse=10.372(obj=8.837 bg=10.469)  val nll=+5.057(obj=+4.813 bg=+5.072) mse=9.429(obj=7.638 bg=9.541)  lr=1.00e-03  tot=0.1min
10:19:38    ↳ saved (val_nll=5.0572)
10:19:39  [ 12/1000]  train nll=+5.309(obj=+4.875 bg=+5.335) mse=10.236(obj=8.047 bg=10.368)  val nll=+5.193(obj=+4.798 bg=+5.217) mse=10.550(obj=8.540 bg=10.675)  lr=1.00e-03  tot=0.1min
10:19:39  [ 13/1000]  train nll=+5.142(obj=+4.850 bg=+5.160) mse=10.020(obj=8.467 bg=10.118)  val nll=+4.957(obj=+4.555 bg=+4.983) mse=9.534(obj=7.147 bg=9.688)  lr=1.00e-03  tot=0.1min
10:19:39    ↳ saved (val_nll=4.9568)
10:19:40  [ 14/1000]  train nll=+5.142(obj=+4.743 bg=+5.167) mse=10.013(obj=7.661 bg=10.160)  val nll=+4.999(obj=+4.848 bg=+5.009) mse=9.280(obj=7.890 bg=9.370)  lr=1.00e-03  tot=0.1min
10:19:40  [ 15/1000]  train nll=+5.268(obj=+4.992 bg=+5.285) mse=10.394(obj=8.638 bg=10.502)  val nll=+4.999(obj=+4.712 bg=+5.018) mse=9.319(obj=7.787 bg=9.418)  lr=1.00e-03  tot=0.2min
10:19:41  [ 16/1000]  train nll=+5.297(obj=+5.031 bg=+5.314) mse=9.776(obj=8.099 bg=9.882)  val nll=+5.971(obj=+5.439 bg=+6.006) mse=13.335(obj=11.169 bg=13.473)  lr=1.00e-03  tot=0.2min
10:19:41  [ 17/1000]  train nll=+5.311(obj=+4.841 bg=+5.341) mse=9.995(obj=7.772 bg=10.136)  val nll=+4.922(obj=+4.638 bg=+4.940) mse=9.413(obj=7.894 bg=9.509)  lr=1.00e-03  tot=0.2min
10:19:41    ↳ saved (val_nll=4.9216)
10:19:42  [ 18/1000]  train nll=+4.912(obj=+4.602 bg=+4.931) mse=9.160(obj=7.102 bg=9.285)  val nll=+4.692(obj=+4.399 bg=+4.712) mse=8.351(obj=6.814 bg=8.447)  lr=1.00e-03  tot=0.2min
10:19:42    ↳ saved (val_nll=4.6924)
10:19:42  [ 19/1000]  train nll=+4.877(obj=+4.422 bg=+4.906) mse=8.872(obj=6.650 bg=9.010)  val nll=+5.803(obj=+6.166 bg=+5.779) mse=11.084(obj=10.835 bg=11.100)  lr=1.00e-03  tot=0.2min
10:19:42  [ 20/1000]  train nll=+4.900(obj=+4.647 bg=+4.917) mse=9.287(obj=7.643 bg=9.398)  val nll=+4.582(obj=+4.255 bg=+4.603) mse=7.854(obj=6.026 bg=7.972)  lr=9.99e-04  tot=0.2min
10:19:42    ↳ saved (val_nll=4.5820)
10:19:43  [ 21/1000]  train nll=+4.793(obj=+4.474 bg=+4.813) mse=8.672(obj=7.053 bg=8.772)  val nll=+4.823(obj=+4.450 bg=+4.845) mse=8.575(obj=6.986 bg=8.675)  lr=9.99e-04  tot=0.2min
10:19:43  [ 22/1000]  train nll=+4.687(obj=+4.320 bg=+4.711) mse=8.027(obj=6.433 bg=8.131)  val nll=+4.664(obj=+4.379 bg=+4.682) mse=8.017(obj=6.854 bg=8.093)  lr=9.99e-04  tot=0.2min
10:19:44  [ 23/1000]  train nll=+4.670(obj=+4.280 bg=+4.693) mse=8.159(obj=6.548 bg=8.255)  val nll=+4.557(obj=+4.291 bg=+4.575) mse=7.823(obj=6.702 bg=7.895)  lr=9.99e-04  tot=0.2min
10:19:44    ↳ saved (val_nll=4.5571)
10:19:44  [ 24/1000]  train nll=+4.770(obj=+4.353 bg=+4.797) mse=8.591(obj=6.648 bg=8.713)  val nll=+4.421(obj=+4.043 bg=+4.448) mse=7.494(obj=5.709 bg=7.611)  lr=9.99e-04  tot=0.2min
10:19:44    ↳ saved (val_nll=4.4214)
10:19:45  [ 25/1000]  train nll=+4.600(obj=+4.223 bg=+4.622) mse=7.899(obj=6.119 bg=8.004)  val nll=+4.661(obj=+4.445 bg=+4.674) mse=7.695(obj=6.533 bg=7.767)  lr=9.99e-04  tot=0.2min
10:19:45  [ 26/1000]  train nll=+4.578(obj=+4.209 bg=+4.602) mse=7.849(obj=6.389 bg=7.942)  val nll=+5.738(obj=+5.264 bg=+5.767) mse=9.669(obj=8.298 bg=9.755)  lr=9.99e-04  tot=0.2min
10:19:46  [ 27/1000]  train nll=+4.686(obj=+4.260 bg=+4.712) mse=8.262(obj=6.429 bg=8.371)  val nll=+4.818(obj=+4.584 bg=+4.833) mse=8.381(obj=7.098 bg=8.464)  lr=9.99e-04  tot=0.2min
10:19:46  [ 28/1000]  train nll=+4.567(obj=+4.249 bg=+4.588) mse=7.794(obj=6.555 bg=7.874)  val nll=+4.840(obj=+4.525 bg=+4.861) mse=8.383(obj=7.285 bg=8.457)  lr=9.99e-04  tot=0.2min
10:19:46  [ 29/1000]  train nll=+4.554(obj=+4.362 bg=+4.567) mse=7.529(obj=6.709 bg=7.584)  val nll=+4.486(obj=+4.093 bg=+4.512) mse=8.046(obj=6.288 bg=8.161)  lr=9.99e-04  tot=0.3min
10:19:47  [ 30/1000]  train nll=+4.528(obj=+4.179 bg=+4.550) mse=7.865(obj=6.305 bg=7.964)  val nll=+4.433(obj=+4.121 bg=+4.454) mse=7.117(obj=5.437 bg=7.227)  lr=9.98e-04  tot=0.3min
10:19:47  [ 31/1000]  train nll=+4.892(obj=+4.429 bg=+4.922) mse=8.470(obj=6.463 bg=8.597)  val nll=+4.552(obj=+4.202 bg=+4.575) mse=8.200(obj=6.408 bg=8.314)  lr=9.98e-04  tot=0.3min
10:19:48  [ 32/1000]  train nll=+4.574(obj=+4.221 bg=+4.596) mse=7.792(obj=6.081 bg=7.897)  val nll=+4.410(obj=+4.017 bg=+4.435) mse=7.494(obj=6.019 bg=7.590)  lr=9.98e-04  tot=0.3min
10:19:48    ↳ saved (val_nll=4.4103)
10:19:48  [ 33/1000]  train nll=+4.375(obj=+3.970 bg=+4.402) mse=7.202(obj=5.566 bg=7.308)  val nll=+5.054(obj=+4.705 bg=+5.077) mse=8.301(obj=7.038 bg=8.383)  lr=9.98e-04  tot=0.3min
10:19:49  [ 34/1000]  train nll=+4.494(obj=+4.070 bg=+4.519) mse=7.385(obj=5.877 bg=7.477)  val nll=+4.254(obj=+3.882 bg=+4.279) mse=6.857(obj=5.249 bg=6.962)  lr=9.98e-04  tot=0.3min
10:19:49    ↳ saved (val_nll=4.2543)
10:19:49  [ 35/1000]  train nll=+4.468(obj=+3.996 bg=+4.498) mse=7.209(obj=5.493 bg=7.318)  val nll=+4.298(obj=+3.993 bg=+4.318) mse=7.141(obj=5.812 bg=7.229)  lr=9.98e-04  tot=0.3min
10:19:50  [ 36/1000]  train nll=+4.321(obj=+3.977 bg=+4.342) mse=7.097(obj=5.610 bg=7.192)  val nll=+4.269(obj=+3.946 bg=+4.290) mse=7.010(obj=6.004 bg=7.075)  lr=9.98e-04  tot=0.3min
10:19:50  [ 37/1000]  train nll=+4.519(obj=+4.126 bg=+4.542) mse=7.568(obj=5.945 bg=7.666)  val nll=+4.505(obj=+4.074 bg=+4.533) mse=7.611(obj=6.046 bg=7.713)  lr=9.97e-04  tot=0.3min
10:19:51  [ 38/1000]  train nll=+4.329(obj=+3.934 bg=+4.353) mse=7.240(obj=5.527 bg=7.342)  val nll=+4.035(obj=+3.512 bg=+4.068) mse=6.388(obj=4.475 bg=6.510)  lr=9.97e-04  tot=0.3min
10:19:51    ↳ saved (val_nll=4.0351)
10:19:51  [ 39/1000]  train nll=+4.348(obj=+3.982 bg=+4.371) mse=6.724(obj=5.432 bg=6.809)  val nll=+5.105(obj=+4.861 bg=+5.121) mse=7.845(obj=6.474 bg=7.934)  lr=9.97e-04  tot=0.3min
10:19:52  [ 40/1000]  train nll=+4.575(obj=+4.193 bg=+4.600) mse=7.245(obj=5.924 bg=7.331)  val nll=+4.255(obj=+3.923 bg=+4.277) mse=6.461(obj=5.252 bg=6.540)  lr=9.97e-04  tot=0.3min
10:19:52  [ 41/1000]  train nll=+4.268(obj=+3.847 bg=+4.295) mse=6.856(obj=5.216 bg=6.959)  val nll=+4.093(obj=+3.809 bg=+4.112) mse=6.284(obj=5.225 bg=6.354)  lr=9.97e-04  tot=0.3min
10:19:53  [ 42/1000]  train nll=+4.216(obj=+3.840 bg=+4.240) mse=6.766(obj=5.254 bg=6.863)  val nll=+4.062(obj=+3.642 bg=+4.090) mse=6.423(obj=4.766 bg=6.529)  lr=9.97e-04  tot=0.4min
10:19:53  [ 43/1000]  train nll=+4.302(obj=+3.844 bg=+4.332) mse=6.899(obj=5.249 bg=7.004)  val nll=+4.159(obj=+3.718 bg=+4.187) mse=6.477(obj=4.847 bg=6.583)  lr=9.96e-04  tot=0.4min
10:19:54  [ 44/1000]  train nll=+4.248(obj=+3.794 bg=+4.277) mse=6.921(obj=5.301 bg=7.025)  val nll=+3.909(obj=+3.521 bg=+3.935) mse=5.878(obj=4.393 bg=5.973)  lr=9.96e-04  tot=0.4min
10:19:54    ↳ saved (val_nll=3.9091)
10:19:54  [ 45/1000]  train nll=+4.504(obj=+4.104 bg=+4.528) mse=7.197(obj=5.641 bg=7.289)  val nll=+4.471(obj=+4.107 bg=+4.494) mse=7.721(obj=6.484 bg=7.800)  lr=9.96e-04  tot=0.4min
10:19:55  [ 46/1000]  train nll=+4.143(obj=+3.702 bg=+4.170) mse=6.452(obj=4.850 bg=6.555)  val nll=+4.076(obj=+3.733 bg=+4.098) mse=6.228(obj=5.027 bg=6.305)  lr=9.96e-04  tot=0.4min
10:19:55  [ 47/1000]  train nll=+4.156(obj=+3.821 bg=+4.178) mse=6.440(obj=5.327 bg=6.512)  val nll=+4.082(obj=+3.624 bg=+4.113) mse=6.452(obj=4.853 bg=6.557)  lr=9.96e-04  tot=0.4min
10:19:56  [ 48/1000]  train nll=+4.154(obj=+3.780 bg=+4.178) mse=6.605(obj=5.067 bg=6.701)  val nll=+4.198(obj=+3.879 bg=+4.219) mse=6.171(obj=4.928 bg=6.250)  lr=9.95e-04  tot=0.4min
10:19:56  [ 49/1000]  train nll=+4.159(obj=+3.691 bg=+4.188) mse=6.244(obj=4.664 bg=6.339)  val nll=+4.097(obj=+3.575 bg=+4.130) mse=6.246(obj=4.696 bg=6.345)  lr=9.95e-04  tot=0.4min
10:19:56  [ 50/1000]  train nll=+4.380(obj=+3.934 bg=+4.405) mse=6.888(obj=5.397 bg=6.976)  val nll=+4.376(obj=+3.986 bg=+4.401) mse=7.278(obj=5.926 bg=7.366)  lr=9.95e-04  tot=0.4min
10:19:57  [ 51/1000]  train nll=+4.205(obj=+3.751 bg=+4.234) mse=6.471(obj=4.919 bg=6.570)  val nll=+4.048(obj=+3.578 bg=+4.079) mse=6.235(obj=4.682 bg=6.337)  lr=9.95e-04  tot=0.4min
10:19:57  [ 52/1000]  train nll=+4.161(obj=+3.772 bg=+4.186) mse=6.407(obj=5.012 bg=6.495)  val nll=+4.150(obj=+3.861 bg=+4.168) mse=6.334(obj=5.342 bg=6.400)  lr=9.95e-04  tot=0.4min
10:19:58  [ 53/1000]  train nll=+4.186(obj=+3.888 bg=+4.206) mse=6.465(obj=5.248 bg=6.545)  val nll=+4.092(obj=+3.655 bg=+4.121) mse=6.312(obj=4.623 bg=6.421)  lr=9.94e-04  tot=0.4min
10:19:58  [ 54/1000]  train nll=+4.126(obj=+3.781 bg=+4.148) mse=6.250(obj=5.045 bg=6.324)  val nll=+3.959(obj=+3.576 bg=+3.984) mse=6.028(obj=4.651 bg=6.118)  lr=9.94e-04  tot=0.5min
10:19:59  [ 55/1000]  train nll=+3.950(obj=+3.658 bg=+3.968) mse=5.947(obj=4.889 bg=6.011)  val nll=+4.158(obj=+3.725 bg=+4.186) mse=6.627(obj=5.106 bg=6.722)  lr=9.94e-04  tot=0.5min
10:19:59  [ 56/1000]  train nll=+4.172(obj=+3.772 bg=+4.198) mse=6.537(obj=4.980 bg=6.637)  val nll=+4.295(obj=+3.930 bg=+4.320) mse=6.773(obj=5.375 bg=6.865)  lr=9.94e-04  tot=0.5min
10:20:00  [ 57/1000]  train nll=+4.102(obj=+3.696 bg=+4.130) mse=6.197(obj=4.910 bg=6.284)  val nll=+4.074(obj=+3.596 bg=+4.105) mse=6.230(obj=4.812 bg=6.322)  lr=9.93e-04  tot=0.5min
10:20:00  [ 58/1000]  train nll=+4.055(obj=+3.680 bg=+4.079) mse=6.092(obj=4.778 bg=6.180)  val nll=+4.306(obj=+3.930 bg=+4.331) mse=6.996(obj=5.909 bg=7.067)  lr=9.93e-04  tot=0.5min
10:20:00  [ 59/1000]  train nll=+4.286(obj=+3.977 bg=+4.306) mse=6.608(obj=5.382 bg=6.685)  val nll=+3.948(obj=+3.625 bg=+3.969) mse=5.904(obj=4.662 bg=5.984)  lr=9.93e-04  tot=0.5min
10:20:01  [ 60/1000]  train nll=+4.264(obj=+3.817 bg=+4.292) mse=6.268(obj=4.760 bg=6.363)  val nll=+4.138(obj=+3.696 bg=+4.166) mse=6.253(obj=4.872 bg=6.341)  lr=9.92e-04  tot=0.5min
10:20:01  [ 61/1000]  train nll=+4.119(obj=+3.679 bg=+4.146) mse=6.034(obj=4.722 bg=6.115)  val nll=+3.815(obj=+3.238 bg=+3.852) mse=5.725(obj=4.104 bg=5.831)  lr=9.92e-04  tot=0.5min
10:20:01    ↳ saved (val_nll=3.8146)
10:20:02  [ 62/1000]  train nll=+4.225(obj=+3.924 bg=+4.241) mse=6.271(obj=4.764 bg=6.362)  val nll=+4.124(obj=+3.668 bg=+4.154) mse=6.193(obj=4.739 bg=6.289)  lr=9.92e-04  tot=0.5min
10:20:02  [ 63/1000]  train nll=+4.104(obj=+3.686 bg=+4.130) mse=6.299(obj=4.868 bg=6.386)  val nll=+4.322(obj=+4.080 bg=+4.338) mse=6.174(obj=5.195 bg=6.238)  lr=9.92e-04  tot=0.5min
10:20:03  [ 64/1000]  train nll=+4.092(obj=+3.597 bg=+4.124) mse=6.320(obj=4.569 bg=6.431)  val nll=+4.386(obj=+3.955 bg=+4.414) mse=6.498(obj=5.212 bg=6.582)  lr=9.91e-04  tot=0.5min
10:20:03  [ 65/1000]  train nll=+4.053(obj=+3.632 bg=+4.079) mse=6.174(obj=4.707 bg=6.265)  val nll=+4.126(obj=+3.617 bg=+4.159) mse=6.293(obj=4.852 bg=6.386)  lr=9.91e-04  tot=0.5min
10:20:04  [ 66/1000]  train nll=+4.030(obj=+3.692 bg=+4.051) mse=6.182(obj=4.882 bg=6.263)  val nll=+3.994(obj=+3.555 bg=+4.022) mse=5.991(obj=4.590 bg=6.082)  lr=9.91e-04  tot=0.5min
10:20:04  [ 67/1000]  train nll=+4.063(obj=+3.646 bg=+4.090) mse=6.096(obj=4.901 bg=6.174)  val nll=+4.404(obj=+4.213 bg=+4.418) mse=6.918(obj=6.138 bg=6.970)  lr=9.90e-04  tot=0.5min
10:20:05  [ 68/1000]  train nll=+4.074(obj=+3.654 bg=+4.100) mse=6.059(obj=4.708 bg=6.146)  val nll=+3.787(obj=+3.143 bg=+3.829) mse=5.318(obj=3.763 bg=5.417)  lr=9.90e-04  tot=0.6min
10:20:05    ↳ saved (val_nll=3.7873)
10:20:05  [ 69/1000]  train nll=+4.117(obj=+3.622 bg=+4.147) mse=6.173(obj=4.587 bg=6.272)  val nll=+4.897(obj=+4.748 bg=+4.907) mse=7.533(obj=6.566 bg=7.597)  lr=9.90e-04  tot=0.6min
10:20:05  [ 70/1000]  train nll=+4.215(obj=+3.733 bg=+4.245) mse=6.514(obj=5.031 bg=6.610)  val nll=+4.429(obj=+4.057 bg=+4.453) mse=6.604(obj=5.544 bg=6.674)  lr=9.90e-04  tot=0.6min
10:20:06  [ 71/1000]  train nll=+4.174(obj=+3.723 bg=+4.202) mse=6.257(obj=4.902 bg=6.343)  val nll=+3.841(obj=+3.235 bg=+3.880) mse=5.540(obj=3.907 bg=5.646)  lr=9.89e-04  tot=0.6min
10:20:06  [ 72/1000]  train nll=+3.906(obj=+3.432 bg=+3.936) mse=5.791(obj=4.325 bg=5.883)  val nll=+4.166(obj=+3.864 bg=+4.186) mse=6.178(obj=5.205 bg=6.241)  lr=9.89e-04  tot=0.6min
10:20:07  [ 73/1000]  train nll=+3.953(obj=+3.589 bg=+3.976) mse=5.716(obj=4.619 bg=5.785)  val nll=+5.572(obj=+4.965 bg=+5.610) mse=8.014(obj=6.595 bg=8.105)  lr=9.89e-04  tot=0.6min
10:20:07  [ 74/1000]  train nll=+4.199(obj=+3.800 bg=+4.223) mse=6.615(obj=5.109 bg=6.707)  val nll=+4.221(obj=+3.735 bg=+4.253) mse=6.476(obj=5.095 bg=6.566)  lr=9.88e-04  tot=0.6min
10:20:08  [ 75/1000]  train nll=+3.933(obj=+3.536 bg=+3.959) mse=5.771(obj=4.493 bg=5.856)  val nll=+3.864(obj=+3.381 bg=+3.895) mse=5.781(obj=4.290 bg=5.879)  lr=9.88e-04  tot=0.6min
10:20:08  [ 76/1000]  train nll=+4.033(obj=+3.642 bg=+4.058) mse=6.130(obj=4.811 bg=6.215)  val nll=+3.921(obj=+3.363 bg=+3.958) mse=5.841(obj=4.301 bg=5.943)  lr=9.88e-04  tot=0.6min
10:20:09  [ 77/1000]  train nll=+4.259(obj=+3.853 bg=+4.284) mse=6.669(obj=5.326 bg=6.751)  val nll=+3.814(obj=+3.324 bg=+3.846) mse=5.472(obj=3.907 bg=5.572)  lr=9.87e-04  tot=0.6min
10:20:09  [ 78/1000]  train nll=+3.950(obj=+3.517 bg=+3.978) mse=5.810(obj=4.490 bg=5.895)  val nll=+4.311(obj=+3.821 bg=+4.342) mse=6.433(obj=5.094 bg=6.520)  lr=9.87e-04  tot=0.6min
10:20:10  [ 79/1000]  train nll=+4.091(obj=+3.713 bg=+4.113) mse=5.979(obj=4.689 bg=6.058)  val nll=+4.095(obj=+3.840 bg=+4.112) mse=6.075(obj=5.185 bg=6.134)  lr=9.86e-04  tot=0.6min
10:20:10  [ 80/1000]  train nll=+3.934(obj=+3.551 bg=+3.958) mse=5.765(obj=4.526 bg=5.842)  val nll=+4.406(obj=+3.973 bg=+4.434) mse=6.193(obj=4.952 bg=6.274)  lr=9.86e-04  tot=0.7min
10:20:11  [ 81/1000]  train nll=+4.034(obj=+3.605 bg=+4.062) mse=5.805(obj=4.601 bg=5.882)  val nll=+3.767(obj=+3.319 bg=+3.796) mse=5.499(obj=4.273 bg=5.579)  lr=9.86e-04  tot=0.7min
10:20:11    ↳ saved (val_nll=3.7673)
10:20:11  [ 82/1000]  train nll=+4.024(obj=+3.516 bg=+4.056) mse=6.025(obj=4.524 bg=6.119)  val nll=+4.154(obj=+3.666 bg=+4.186) mse=6.393(obj=5.047 bg=6.482)  lr=9.85e-04  tot=0.7min
10:20:12  [ 83/1000]  train nll=+4.143(obj=+3.793 bg=+4.164) mse=6.509(obj=5.151 bg=6.592)  val nll=+3.895(obj=+3.503 bg=+3.920) mse=5.387(obj=4.208 bg=5.463)  lr=9.85e-04  tot=0.7min
10:20:12  [ 84/1000]  train nll=+4.008(obj=+3.585 bg=+4.034) mse=5.832(obj=4.557 bg=5.913)  val nll=+3.825(obj=+3.334 bg=+3.857) mse=5.671(obj=4.251 bg=5.763)  lr=9.85e-04  tot=0.7min
10:20:13  [ 85/1000]  train nll=+3.816(obj=+3.364 bg=+3.847) mse=5.681(obj=4.261 bg=5.774)  val nll=+3.677(obj=+3.278 bg=+3.704) mse=5.372(obj=4.309 bg=5.442)  lr=9.84e-04  tot=0.7min
10:20:13    ↳ saved (val_nll=3.6774)
10:20:13  [ 86/1000]  train nll=+3.781(obj=+3.340 bg=+3.809) mse=5.530(obj=4.314 bg=5.603)  val nll=+3.853(obj=+3.476 bg=+3.878) mse=5.658(obj=4.491 bg=5.734)  lr=9.84e-04  tot=0.7min
10:20:14  [ 87/1000]  train nll=+3.862(obj=+3.425 bg=+3.890) mse=5.608(obj=4.306 bg=5.692)  val nll=+3.737(obj=+3.316 bg=+3.765) mse=5.400(obj=4.101 bg=5.483)  lr=9.83e-04  tot=0.7min
10:20:14  [ 88/1000]  train nll=+3.860(obj=+3.435 bg=+3.887) mse=5.730(obj=4.365 bg=5.816)  val nll=+3.659(obj=+3.181 bg=+3.691) mse=5.267(obj=3.923 bg=5.356)  lr=9.83e-04  tot=0.7min
10:20:14    ↳ saved (val_nll=3.6592)
10:20:15  [ 89/1000]  train nll=+3.849(obj=+3.295 bg=+3.884) mse=5.716(obj=4.201 bg=5.814)  val nll=+3.855(obj=+3.505 bg=+3.879) mse=5.684(obj=4.620 bg=5.754)  lr=9.83e-04  tot=0.7min
10:20:15  [ 90/1000]  train nll=+3.906(obj=+3.465 bg=+3.935) mse=5.844(obj=4.541 bg=5.926)  val nll=+3.690(obj=+3.293 bg=+3.716) mse=5.212(obj=3.973 bg=5.290)  lr=9.82e-04  tot=0.7min
10:20:16  [ 91/1000]  train nll=+3.749(obj=+3.287 bg=+3.779) mse=5.571(obj=4.101 bg=5.666)  val nll=+3.852(obj=+3.370 bg=+3.884) mse=5.694(obj=4.268 bg=5.786)  lr=9.82e-04  tot=0.7min
10:20:16  [ 92/1000]  train nll=+3.918(obj=+3.400 bg=+3.953) mse=5.947(obj=4.242 bg=6.064)  val nll=+3.726(obj=+3.238 bg=+3.758) mse=5.549(obj=4.149 bg=5.641)  lr=9.81e-04  tot=0.8min
10:20:17  [ 93/1000]  train nll=+3.819(obj=+3.434 bg=+3.845) mse=5.601(obj=4.385 bg=5.679)  val nll=+3.688(obj=+3.286 bg=+3.714) mse=5.101(obj=4.072 bg=5.167)  lr=9.81e-04  tot=0.8min
10:20:17  [ 94/1000]  train nll=+3.993(obj=+3.487 bg=+4.025) mse=5.800(obj=4.512 bg=5.879)  val nll=+3.808(obj=+3.489 bg=+3.829) mse=5.436(obj=4.354 bg=5.505)  lr=9.80e-04  tot=0.8min
10:20:18  [ 95/1000]  train nll=+3.815(obj=+3.297 bg=+3.849) mse=5.506(obj=4.125 bg=5.596)  val nll=+3.622(obj=+3.141 bg=+3.652) mse=5.396(obj=4.094 bg=5.480)  lr=9.80e-04  tot=0.8min
10:20:18    ↳ saved (val_nll=3.6219)
10:20:18  [ 96/1000]  train nll=+3.801(obj=+3.352 bg=+3.830) mse=5.587(obj=4.328 bg=5.670)  val nll=+3.729(obj=+3.322 bg=+3.756) mse=5.357(obj=4.169 bg=5.434)  lr=9.80e-04  tot=0.8min
10:20:19  [ 97/1000]  train nll=+3.837(obj=+3.451 bg=+3.861) mse=5.707(obj=4.485 bg=5.786)  val nll=+4.480(obj=+4.146 bg=+4.500) mse=6.087(obj=4.989 bg=6.157)  lr=9.79e-04  tot=0.8min
10:20:20  [ 98/1000]  train nll=+3.854(obj=+3.393 bg=+3.883) mse=5.400(obj=4.116 bg=5.480)  val nll=+4.365(obj=+4.226 bg=+4.373) mse=6.094(obj=5.168 bg=6.153)  lr=9.79e-04  tot=0.8min
10:20:20  [ 99/1000]  train nll=+3.886(obj=+3.507 bg=+3.910) mse=5.593(obj=4.346 bg=5.673)  val nll=+3.987(obj=+3.462 bg=+4.021) mse=5.672(obj=4.382 bg=5.756)  lr=9.78e-04  tot=0.8min
10:20:21  [100/1000]  train nll=+3.977(obj=+3.458 bg=+4.010) mse=5.996(obj=4.517 bg=6.088)  val nll=+4.177(obj=+3.543 bg=+4.217) mse=6.158(obj=4.468 bg=6.266)  lr=9.78e-04  tot=0.8min
10:20:21  [101/1000]  train nll=+3.918(obj=+3.452 bg=+3.947) mse=5.648(obj=4.314 bg=5.730)  val nll=+3.612(obj=+3.162 bg=+3.642) mse=5.021(obj=3.661 bg=5.108)  lr=9.77e-04  tot=0.8min
10:20:21    ↳ saved (val_nll=3.6124)
10:20:21  [102/1000]  train nll=+3.708(obj=+3.305 bg=+3.734) mse=5.342(obj=4.033 bg=5.425)  val nll=+3.595(obj=+3.053 bg=+3.631) mse=5.095(obj=3.697 bg=5.185)  lr=9.77e-04  tot=0.8min
10:20:21    ↳ saved (val_nll=3.5954)
10:20:22  [103/1000]  train nll=+3.682(obj=+3.183 bg=+3.714) mse=5.446(obj=4.054 bg=5.533)  val nll=+3.712(obj=+3.341 bg=+3.737) mse=5.310(obj=4.090 bg=5.389)  lr=9.76e-04  tot=0.8min
10:20:22  [104/1000]  train nll=+3.823(obj=+3.313 bg=+3.855) mse=5.661(obj=4.121 bg=5.757)  val nll=+3.634(obj=+3.126 bg=+3.668) mse=5.232(obj=3.820 bg=5.326)  lr=9.76e-04  tot=0.9min
10:20:23  [105/1000]  train nll=+3.803(obj=+3.279 bg=+3.837) mse=5.539(obj=4.125 bg=5.629)  val nll=+3.639(obj=+3.224 bg=+3.666) mse=5.008(obj=3.827 bg=5.083)  lr=9.75e-04  tot=0.9min
10:20:23  [106/1000]  train nll=+3.827(obj=+3.355 bg=+3.857) mse=5.479(obj=4.132 bg=5.565)  val nll=+3.731(obj=+3.252 bg=+3.764) mse=5.289(obj=3.890 bg=5.383)  lr=9.75e-04  tot=0.9min
10:20:24  [107/1000]  train nll=+3.719(obj=+3.292 bg=+3.744) mse=5.386(obj=4.151 bg=5.458)  val nll=+3.422(obj=+2.861 bg=+3.458) mse=4.855(obj=3.473 bg=4.943)  lr=9.74e-04  tot=0.9min
10:20:24    ↳ saved (val_nll=3.4222)
10:20:24  [108/1000]  train nll=+3.571(obj=+3.139 bg=+3.598) mse=5.173(obj=3.918 bg=5.253)  val nll=+3.700(obj=+3.147 bg=+3.735) mse=5.265(obj=3.882 bg=5.353)  lr=9.74e-04  tot=0.9min
10:20:25  [109/1000]  train nll=+3.686(obj=+3.305 bg=+3.709) mse=5.278(obj=4.197 bg=5.342)  val nll=+3.648(obj=+3.263 bg=+3.672) mse=4.956(obj=3.968 bg=5.018)  lr=9.73e-04  tot=0.9min
10:20:25  [110/1000]  train nll=+3.724(obj=+3.375 bg=+3.748) mse=5.420(obj=4.391 bg=5.487)  val nll=+3.751(obj=+3.407 bg=+3.773) mse=5.340(obj=4.448 bg=5.398)  lr=9.73e-04  tot=0.9min
10:20:26  [111/1000]  train nll=+3.716(obj=+3.184 bg=+3.750) mse=5.321(obj=3.932 bg=5.408)  val nll=+3.570(obj=+3.209 bg=+3.594) mse=4.925(obj=3.790 bg=4.998)  lr=9.72e-04  tot=0.9min
10:20:26  [112/1000]  train nll=+3.640(obj=+3.201 bg=+3.668) mse=5.104(obj=4.016 bg=5.171)  val nll=+3.627(obj=+3.158 bg=+3.657) mse=5.317(obj=4.109 bg=5.395)  lr=9.72e-04  tot=0.9min
10:20:27  [113/1000]  train nll=+3.714(obj=+3.250 bg=+3.742) mse=5.299(obj=4.048 bg=5.376)  val nll=+3.599(obj=+3.215 bg=+3.623) mse=5.219(obj=4.202 bg=5.284)  lr=9.71e-04  tot=0.9min
10:20:27  [114/1000]  train nll=+3.695(obj=+3.121 bg=+3.732) mse=5.453(obj=3.878 bg=5.554)  val nll=+3.516(obj=+3.098 bg=+3.543) mse=4.892(obj=3.906 bg=4.957)  lr=9.71e-04  tot=0.9min
10:20:27  [115/1000]  train nll=+3.595(obj=+3.209 bg=+3.620) mse=5.087(obj=4.098 bg=5.152)  val nll=+3.534(obj=+3.039 bg=+3.566) mse=5.003(obj=3.663 bg=5.089)  lr=9.70e-04  tot=0.9min
10:20:28  [116/1000]  train nll=+3.713(obj=+3.277 bg=+3.740) mse=5.381(obj=4.092 bg=5.459)  val nll=+3.649(obj=+3.137 bg=+3.683) mse=5.230(obj=3.782 bg=5.326)  lr=9.70e-04  tot=0.9min
10:20:28  [117/1000]  train nll=+3.708(obj=+3.295 bg=+3.734) mse=5.359(obj=4.173 bg=5.431)  val nll=+3.444(obj=+2.969 bg=+3.474) mse=4.885(obj=3.681 bg=4.963)  lr=9.69e-04  tot=1.0min
10:20:29  [118/1000]  train nll=+3.626(obj=+3.159 bg=+3.656) mse=5.163(obj=3.975 bg=5.240)  val nll=+3.396(obj=+2.910 bg=+3.429) mse=4.694(obj=3.448 bg=4.776)  lr=9.69e-04  tot=1.0min
10:20:29    ↳ saved (val_nll=3.3965)
10:20:29  [119/1000]  train nll=+3.606(obj=+3.087 bg=+3.639) mse=5.157(obj=3.830 bg=5.244)  val nll=+3.929(obj=+3.446 bg=+3.960) mse=6.041(obj=4.705 bg=6.129)  lr=9.68e-04  tot=1.0min
10:20:30  [120/1000]  train nll=+3.701(obj=+3.317 bg=+3.725) mse=5.189(obj=4.140 bg=5.258)  val nll=+3.645(obj=+3.123 bg=+3.680) mse=4.974(obj=3.757 bg=5.054)  lr=9.67e-04  tot=1.0min
10:20:30  [121/1000]  train nll=+3.858(obj=+3.219 bg=+3.899) mse=5.430(obj=3.929 bg=5.525)  val nll=+3.604(obj=+3.296 bg=+3.625) mse=5.228(obj=4.305 bg=5.288)  lr=9.67e-04  tot=1.0min
10:20:31  [122/1000]  train nll=+3.805(obj=+3.491 bg=+3.825) mse=5.499(obj=4.563 bg=5.559)  val nll=+3.638(obj=+3.137 bg=+3.670) mse=5.301(obj=3.933 bg=5.388)  lr=9.66e-04  tot=1.0min
10:20:31  [123/1000]  train nll=+3.832(obj=+3.448 bg=+3.857) mse=5.739(obj=4.436 bg=5.822)  val nll=+3.791(obj=+3.206 bg=+3.829) mse=5.557(obj=3.971 bg=5.659)  lr=9.66e-04  tot=1.0min
10:20:32  [124/1000]  train nll=+3.648(obj=+3.198 bg=+3.677) mse=5.188(obj=3.952 bg=5.267)  val nll=+3.693(obj=+3.345 bg=+3.715) mse=5.271(obj=4.275 bg=5.336)  lr=9.65e-04  tot=1.0min
10:20:32  [125/1000]  train nll=+3.554(obj=+2.978 bg=+3.590) mse=5.050(obj=3.617 bg=5.138)  val nll=+3.496(obj=+2.943 bg=+3.531) mse=5.015(obj=3.577 bg=5.108)  lr=9.65e-04  tot=1.0min
10:20:32  [126/1000]  train nll=+3.670(obj=+3.210 bg=+3.700) mse=5.239(obj=3.954 bg=5.319)  val nll=+4.034(obj=+3.299 bg=+4.080) mse=5.709(obj=3.968 bg=5.821)  lr=9.64e-04  tot=1.0min
10:20:33  [127/1000]  train nll=+3.687(obj=+3.202 bg=+3.719) mse=5.286(obj=3.891 bg=5.375)  val nll=+4.145(obj=+3.885 bg=+4.161) mse=5.517(obj=4.689 bg=5.570)  lr=9.63e-04  tot=1.0min
10:20:33  [128/1000]  train nll=+3.636(obj=+3.134 bg=+3.668) mse=5.162(obj=3.848 bg=5.245)  val nll=+3.473(obj=+2.858 bg=+3.512) mse=4.825(obj=3.409 bg=4.917)  lr=9.63e-04  tot=1.0min
10:20:34  [129/1000]  train nll=+3.602(obj=+3.141 bg=+3.632) mse=5.192(obj=3.934 bg=5.273)  val nll=+3.721(obj=+3.220 bg=+3.754) mse=5.123(obj=3.905 bg=5.203)  lr=9.62e-04  tot=1.0min
10:20:34  [130/1000]  train nll=+3.741(obj=+3.230 bg=+3.773) mse=5.538(obj=4.054 bg=5.625)  val nll=+3.547(obj=+2.953 bg=+3.585) mse=5.157(obj=3.666 bg=5.253)  lr=9.62e-04  tot=1.1min
10:20:35  [131/1000]  train nll=+3.551(obj=+3.029 bg=+3.584) mse=5.174(obj=3.805 bg=5.260)  val nll=+3.774(obj=+3.264 bg=+3.807) mse=5.212(obj=3.821 bg=5.301)  lr=9.61e-04  tot=1.1min
10:20:35  [132/1000]  train nll=+3.774(obj=+3.298 bg=+3.805) mse=5.416(obj=4.139 bg=5.498)  val nll=+3.617(obj=+3.157 bg=+3.647) mse=4.922(obj=3.764 bg=4.998)  lr=9.60e-04  tot=1.1min
10:20:35  [133/1000]  train nll=+3.801(obj=+3.269 bg=+3.835) mse=5.635(obj=4.190 bg=5.730)  val nll=+3.733(obj=+3.275 bg=+3.762) mse=5.682(obj=4.282 bg=5.769)  lr=9.60e-04  tot=1.1min
10:20:36  [134/1000]  train nll=+3.718(obj=+3.351 bg=+3.742) mse=5.250(obj=4.088 bg=5.324)  val nll=+3.688(obj=+3.280 bg=+3.715) mse=5.189(obj=3.896 bg=5.271)  lr=9.59e-04  tot=1.1min
10:20:36  [135/1000]  train nll=+3.994(obj=+3.440 bg=+4.029) mse=5.532(obj=4.151 bg=5.619)  val nll=+3.731(obj=+3.211 bg=+3.765) mse=5.375(obj=3.828 bg=5.474)  lr=9.59e-04  tot=1.1min
10:20:37  [136/1000]  train nll=+3.785(obj=+3.195 bg=+3.823) mse=5.418(obj=3.856 bg=5.518)  val nll=+3.660(obj=+3.116 bg=+3.696) mse=5.338(obj=3.776 bg=5.440)  lr=9.58e-04  tot=1.1min
10:20:37  [137/1000]  train nll=+3.769(obj=+3.237 bg=+3.804) mse=5.498(obj=3.883 bg=5.604)  val nll=+3.668(obj=+3.218 bg=+3.698) mse=5.391(obj=4.017 bg=5.481)  lr=9.57e-04  tot=1.1min
10:20:38  [138/1000]  train nll=+3.880(obj=+3.296 bg=+3.918) mse=5.592(obj=4.188 bg=5.684)  val nll=+3.570(obj=+3.157 bg=+3.596) mse=5.049(obj=3.718 bg=5.134)  lr=9.57e-04  tot=1.1min
10:20:38  [139/1000]  train nll=+3.759(obj=+3.311 bg=+3.788) mse=5.496(obj=4.289 bg=5.573)  val nll=+4.069(obj=+3.672 bg=+4.094) mse=5.752(obj=4.375 bg=5.841)  lr=9.56e-04  tot=1.1min
10:20:39  [140/1000]  train nll=+3.691(obj=+3.248 bg=+3.718) mse=5.171(obj=3.873 bg=5.251)  val nll=+3.671(obj=+3.130 bg=+3.707) mse=5.130(obj=3.999 bg=5.204)  lr=9.55e-04  tot=1.1min
10:20:39  [141/1000]  train nll=+3.677(obj=+3.191 bg=+3.709) mse=5.411(obj=4.013 bg=5.499)  val nll=+3.539(obj=+3.065 bg=+3.572) mse=4.927(obj=3.782 bg=5.003)  lr=9.55e-04  tot=1.1min
10:20:39  [142/1000]  train nll=+3.531(obj=+3.049 bg=+3.561) mse=5.146(obj=3.877 bg=5.224)  val nll=+3.751(obj=+3.208 bg=+3.786) mse=5.520(obj=4.108 bg=5.611)  lr=9.54e-04  tot=1.1min
10:20:40  [143/1000]  train nll=+3.688(obj=+3.097 bg=+3.725) mse=5.289(obj=3.822 bg=5.381)  val nll=+3.436(obj=+3.043 bg=+3.462) mse=4.679(obj=3.763 bg=4.740)  lr=9.53e-04  tot=1.1min
10:20:40  [144/1000]  train nll=+3.657(obj=+3.243 bg=+3.684) mse=5.246(obj=3.928 bg=5.333)  val nll=+3.787(obj=+3.361 bg=+3.815) mse=5.425(obj=4.219 bg=5.502)  lr=9.53e-04  tot=1.2min
10:20:41  [145/1000]  train nll=+3.772(obj=+3.204 bg=+3.807) mse=5.178(obj=3.905 bg=5.256)  val nll=+3.585(obj=+3.219 bg=+3.609) mse=5.121(obj=3.989 bg=5.195)  lr=9.52e-04  tot=1.2min
10:20:41  [146/1000]  train nll=+3.582(obj=+3.053 bg=+3.616) mse=5.018(obj=3.589 bg=5.108)  val nll=+3.443(obj=+2.963 bg=+3.474) mse=4.681(obj=3.632 bg=4.749)  lr=9.51e-04  tot=1.2min
10:20:42  [147/1000]  train nll=+3.572(obj=+3.078 bg=+3.603) mse=5.121(obj=3.834 bg=5.203)  val nll=+3.457(obj=+3.031 bg=+3.486) mse=4.793(obj=3.641 bg=4.871)  lr=9.51e-04  tot=1.2min
10:20:42  [148/1000]  train nll=+3.704(obj=+3.220 bg=+3.734) mse=5.399(obj=4.028 bg=5.485)  val nll=+3.744(obj=+3.329 bg=+3.771) mse=5.530(obj=4.260 bg=5.612)  lr=9.50e-04  tot=1.2min
10:20:43  [149/1000]  train nll=+3.454(obj=+3.034 bg=+3.480) mse=4.689(obj=3.590 bg=4.756)  val nll=+3.488(obj=+3.039 bg=+3.518) mse=5.018(obj=3.718 bg=5.105)  lr=9.49e-04  tot=1.2min
10:20:43  [150/1000]  train nll=+3.668(obj=+3.144 bg=+3.702) mse=5.225(obj=3.906 bg=5.310)  val nll=+3.646(obj=+3.209 bg=+3.674) mse=5.247(obj=3.984 bg=5.329)  lr=9.49e-04  tot=1.2min
10:20:43  [151/1000]  train nll=+3.584(obj=+3.041 bg=+3.618) mse=5.119(obj=3.733 bg=5.206)  val nll=+3.439(obj=+2.867 bg=+3.475) mse=4.817(obj=3.504 bg=4.902)  lr=9.48e-04  tot=1.2min
10:20:44  [152/1000]  train nll=+3.585(obj=+3.103 bg=+3.616) mse=5.053(obj=3.816 bg=5.130)  val nll=+3.636(obj=+3.083 bg=+3.671) mse=5.128(obj=3.901 bg=5.207)  lr=9.47e-04  tot=1.2min
10:20:44  [153/1000]  train nll=+3.534(obj=+3.027 bg=+3.568) mse=5.089(obj=3.759 bg=5.174)  val nll=+3.594(obj=+3.222 bg=+3.618) mse=5.304(obj=4.125 bg=5.380)  lr=9.46e-04  tot=1.2min
10:20:45  [154/1000]  train nll=+3.591(obj=+3.089 bg=+3.623) mse=5.000(obj=3.749 bg=5.078)  val nll=+3.730(obj=+3.294 bg=+3.759) mse=5.332(obj=3.865 bg=5.427)  lr=9.46e-04  tot=1.2min
10:20:45  [155/1000]  train nll=+3.626(obj=+3.166 bg=+3.655) mse=5.108(obj=3.951 bg=5.179)  val nll=+3.560(obj=+3.082 bg=+3.591) mse=4.999(obj=3.745 bg=5.079)  lr=9.45e-04  tot=1.2min
10:20:46  [156/1000]  train nll=+3.492(obj=+3.004 bg=+3.522) mse=4.948(obj=3.745 bg=5.023)  val nll=+3.473(obj=+3.043 bg=+3.500) mse=4.849(obj=3.724 bg=4.921)  lr=9.44e-04  tot=1.2min
10:20:46  [157/1000]  train nll=+3.538(obj=+3.008 bg=+3.572) mse=5.100(obj=3.754 bg=5.186)  val nll=+3.544(obj=+3.030 bg=+3.577) mse=5.077(obj=3.837 bg=5.157)  lr=9.44e-04  tot=1.3min
10:20:47  [158/1000]  train nll=+3.559(obj=+3.019 bg=+3.593) mse=5.069(obj=3.629 bg=5.162)  val nll=+3.434(obj=+3.003 bg=+3.462) mse=4.726(obj=3.651 bg=4.794)  lr=9.43e-04  tot=1.3min
10:20:47  [159/1000]  train nll=+3.625(obj=+3.148 bg=+3.656) mse=5.150(obj=3.994 bg=5.225)  val nll=+3.671(obj=+3.210 bg=+3.701) mse=5.083(obj=3.844 bg=5.163)  lr=9.42e-04  tot=1.3min
10:20:48  [160/1000]  train nll=+3.519(obj=+3.150 bg=+3.542) mse=4.776(obj=3.849 bg=4.835)  val nll=+3.423(obj=+2.890 bg=+3.457) mse=4.736(obj=3.321 bg=4.825)  lr=9.41e-04  tot=1.3min
10:20:48  [161/1000]  train nll=+3.378(obj=+2.934 bg=+3.406) mse=4.580(obj=3.531 bg=4.646)  val nll=+3.639(obj=+3.111 bg=+3.672) mse=4.943(obj=3.690 bg=5.024)  lr=9.41e-04  tot=1.3min
10:20:49  [162/1000]  train nll=+3.633(obj=+3.135 bg=+3.666) mse=5.129(obj=3.778 bg=5.216)  val nll=+3.473(obj=+2.989 bg=+3.505) mse=4.858(obj=3.630 bg=4.938)  lr=9.40e-04  tot=1.3min
10:20:49  [163/1000]  train nll=+3.476(obj=+2.857 bg=+3.515) mse=4.921(obj=3.405 bg=5.016)  val nll=+3.486(obj=+3.083 bg=+3.511) mse=4.934(obj=3.810 bg=5.006)  lr=9.39e-04  tot=1.3min
10:20:50  [164/1000]  train nll=+3.701(obj=+3.253 bg=+3.729) mse=5.385(obj=4.039 bg=5.468)  val nll=+3.655(obj=+3.263 bg=+3.681) mse=5.063(obj=4.025 bg=5.132)  lr=9.38e-04  tot=1.3min
10:20:50  [165/1000]  train nll=+3.660(obj=+3.017 bg=+3.701) mse=5.305(obj=3.675 bg=5.407)  val nll=+3.511(obj=+3.024 bg=+3.542) mse=4.904(obj=3.794 bg=4.974)  lr=9.38e-04  tot=1.3min
10:20:51  [166/1000]  train nll=+3.500(obj=+3.115 bg=+3.526) mse=4.733(obj=3.709 bg=4.798)  val nll=+3.482(obj=+3.017 bg=+3.511) mse=4.852(obj=3.757 bg=4.922)  lr=9.37e-04  tot=1.3min
10:20:51  [167/1000]  train nll=+3.513(obj=+3.063 bg=+3.542) mse=4.864(obj=3.711 bg=4.938)  val nll=+3.890(obj=+3.276 bg=+3.930) mse=5.229(obj=3.852 bg=5.319)  lr=9.36e-04  tot=1.3min
10:20:52  [168/1000]  train nll=+3.678(obj=+3.323 bg=+3.698) mse=5.001(obj=3.983 bg=5.061)  val nll=+3.724(obj=+3.561 bg=+3.735) mse=5.120(obj=4.386 bg=5.168)  lr=9.35e-04  tot=1.3min
10:20:52  [169/1000]  train nll=+3.566(obj=+3.132 bg=+3.594) mse=5.037(obj=3.842 bg=5.113)  val nll=+3.393(obj=+2.839 bg=+3.429) mse=4.952(obj=3.663 bg=5.035)  lr=9.35e-04  tot=1.4min
10:20:52    ↳ saved (val_nll=3.3927)
10:20:53  [170/1000]  train nll=+3.441(obj=+2.944 bg=+3.474) mse=4.877(obj=3.708 bg=4.954)  val nll=+3.260(obj=+2.775 bg=+3.292) mse=4.384(obj=3.312 bg=4.452)  lr=9.34e-04  tot=1.4min
10:20:53    ↳ saved (val_nll=3.2603)
10:20:53  [171/1000]  train nll=+3.435(obj=+2.894 bg=+3.469) mse=4.885(obj=3.622 bg=4.962)  val nll=+3.391(obj=+2.894 bg=+3.424) mse=4.639(obj=3.593 bg=4.708)  lr=9.33e-04  tot=1.4min
10:20:54  [172/1000]  train nll=+3.794(obj=+3.400 bg=+3.818) mse=5.504(obj=4.510 bg=5.564)  val nll=+3.524(obj=+2.942 bg=+3.561) mse=4.920(obj=3.324 bg=5.022)  lr=9.32e-04  tot=1.4min
10:20:54  [173/1000]  train nll=+3.549(obj=+3.064 bg=+3.580) mse=5.041(obj=3.838 bg=5.119)  val nll=+3.352(obj=+2.831 bg=+3.386) mse=4.653(obj=3.361 bg=4.738)  lr=9.31e-04  tot=1.4min
10:20:55  [174/1000]  train nll=+3.452(obj=+2.802 bg=+3.494) mse=4.871(obj=3.350 bg=4.966)  val nll=+3.412(obj=+2.960 bg=+3.441) mse=4.776(obj=3.730 bg=4.843)  lr=9.31e-04  tot=1.4min
10:20:55  [175/1000]  train nll=+3.561(obj=+3.064 bg=+3.593) mse=5.021(obj=3.763 bg=5.102)  val nll=+3.532(obj=+3.088 bg=+3.561) mse=5.052(obj=3.937 bg=5.124)  lr=9.30e-04  tot=1.4min
10:20:56  [176/1000]  train nll=+3.552(obj=+3.018 bg=+3.587) mse=5.095(obj=3.683 bg=5.189)  val nll=+3.371(obj=+2.683 bg=+3.415) mse=4.521(obj=3.111 bg=4.612)  lr=9.29e-04  tot=1.4min
10:20:56  [177/1000]  train nll=+3.526(obj=+3.016 bg=+3.558) mse=4.956(obj=3.822 bg=5.027)  val nll=+3.701(obj=+3.184 bg=+3.734) mse=5.246(obj=3.784 bg=5.339)  lr=9.28e-04  tot=1.4min
10:20:57  [178/1000]  train nll=+3.639(obj=+3.103 bg=+3.674) mse=5.122(obj=3.674 bg=5.215)  val nll=+3.480(obj=+3.010 bg=+3.511) mse=4.791(obj=3.632 bg=4.867)  lr=9.27e-04  tot=1.4min
10:20:57  [179/1000]  train nll=+3.583(obj=+3.182 bg=+3.607) mse=4.942(obj=3.913 bg=5.004)  val nll=+3.535(obj=+2.990 bg=+3.570) mse=5.007(obj=3.635 bg=5.093)  lr=9.26e-04  tot=1.4min
10:20:58  [180/1000]  train nll=+3.440(obj=+2.966 bg=+3.470) mse=4.720(obj=3.571 bg=4.793)  val nll=+3.224(obj=+2.564 bg=+3.266) mse=4.589(obj=3.027 bg=4.688)  lr=9.26e-04  tot=1.4min
10:20:58    ↳ saved (val_nll=3.2236)
10:20:58  [181/1000]  train nll=+3.499(obj=+2.904 bg=+3.537) mse=4.959(obj=3.546 bg=5.047)  val nll=+3.485(obj=+2.945 bg=+3.520) mse=4.931(obj=3.362 bg=5.032)  lr=9.25e-04  tot=1.4min
10:20:58  [182/1000]  train nll=+3.589(obj=+3.119 bg=+3.619) mse=5.053(obj=3.740 bg=5.137)  val nll=+3.596(obj=+3.077 bg=+3.629) mse=5.128(obj=3.624 bg=5.223)  lr=9.24e-04  tot=1.5min
10:20:59  [183/1000]  train nll=+3.626(obj=+3.137 bg=+3.658) mse=4.906(obj=3.673 bg=4.985)  val nll=+3.507(obj=+2.978 bg=+3.542) mse=5.054(obj=3.743 bg=5.139)  lr=9.23e-04  tot=1.5min
10:20:59  [184/1000]  train nll=+3.534(obj=+3.031 bg=+3.567) mse=4.818(obj=3.571 bg=4.898)  val nll=+3.516(obj=+3.050 bg=+3.546) mse=4.985(obj=3.871 bg=5.056)  lr=9.22e-04  tot=1.5min
10:21:00  [185/1000]  train nll=+3.517(obj=+3.107 bg=+3.544) mse=4.763(obj=3.616 bg=4.838)  val nll=+3.391(obj=+2.756 bg=+3.431) mse=4.718(obj=3.292 bg=4.809)  lr=9.21e-04  tot=1.5min
10:21:00  [186/1000]  train nll=+3.394(obj=+2.875 bg=+3.428) mse=4.545(obj=3.347 bg=4.622)  val nll=+3.385(obj=+2.919 bg=+3.415) mse=4.626(obj=3.575 bg=4.693)  lr=9.21e-04  tot=1.5min
10:21:01  [187/1000]  train nll=+3.599(obj=+3.094 bg=+3.630) mse=5.191(obj=3.870 bg=5.273)  val nll=+3.541(obj=+3.114 bg=+3.569) mse=5.195(obj=4.034 bg=5.269)  lr=9.20e-04  tot=1.5min
10:21:01  [188/1000]  train nll=+3.491(obj=+3.017 bg=+3.522) mse=4.857(obj=3.594 bg=4.938)  val nll=+3.287(obj=+2.755 bg=+3.321) mse=4.601(obj=3.270 bg=4.688)  lr=9.19e-04  tot=1.5min
10:21:02  [189/1000]  train nll=+3.637(obj=+2.967 bg=+3.680) mse=5.164(obj=3.598 bg=5.264)  val nll=+3.381(obj=+2.819 bg=+3.417) mse=4.714(obj=3.428 bg=4.796)  lr=9.18e-04  tot=1.5min
10:21:02  [190/1000]  train nll=+3.501(obj=+2.985 bg=+3.533) mse=4.911(obj=3.599 bg=4.993)  val nll=+3.456(obj=+2.884 bg=+3.492) mse=4.808(obj=3.532 bg=4.890)  lr=9.17e-04  tot=1.5min
10:21:03  [191/1000]  train nll=+3.682(obj=+3.074 bg=+3.722) mse=5.176(obj=3.715 bg=5.273)  val nll=+3.461(obj=+2.928 bg=+3.495) mse=4.889(obj=3.560 bg=4.974)  lr=9.16e-04  tot=1.5min
10:21:03  [192/1000]  train nll=+3.395(obj=+2.851 bg=+3.428) mse=4.802(obj=3.456 bg=4.886)  val nll=+3.546(obj=+3.049 bg=+3.579) mse=4.900(obj=3.686 bg=4.980)  lr=9.15e-04  tot=1.5min
10:21:04  [193/1000]  train nll=+3.411(obj=+2.885 bg=+3.444) mse=4.753(obj=3.544 bg=4.828)  val nll=+3.243(obj=+2.670 bg=+3.280) mse=4.475(obj=3.334 bg=4.548)  lr=9.15e-04  tot=1.5min
10:21:04  [194/1000]  train nll=+3.304(obj=+2.835 bg=+3.334) mse=4.507(obj=3.442 bg=4.573)  val nll=+3.531(obj=+2.973 bg=+3.567) mse=4.683(obj=3.419 bg=4.764)  lr=9.14e-04  tot=1.6min
10:21:05  [195/1000]  train nll=+3.478(obj=+2.974 bg=+3.509) mse=4.705(obj=3.467 bg=4.781)  val nll=+3.898(obj=+3.291 bg=+3.937) mse=5.152(obj=3.814 bg=5.239)  lr=9.13e-04  tot=1.6min
10:21:05  [196/1000]  train nll=+3.701(obj=+3.170 bg=+3.735) mse=5.318(obj=3.858 bg=5.411)  val nll=+3.398(obj=+2.961 bg=+3.426) mse=4.766(obj=3.725 bg=4.833)  lr=9.12e-04  tot=1.6min
10:21:05  [197/1000]  train nll=+3.375(obj=+2.934 bg=+3.403) mse=4.714(obj=3.531 bg=4.789)  val nll=+3.797(obj=+3.659 bg=+3.806) mse=4.969(obj=4.063 bg=5.027)  lr=9.11e-04  tot=1.6min
10:21:06  [198/1000]  train nll=+3.564(obj=+3.127 bg=+3.593) mse=4.935(obj=3.734 bg=5.016)  val nll=+3.304(obj=+2.833 bg=+3.335) mse=4.651(obj=3.489 bg=4.729)  lr=9.10e-04  tot=1.6min
10:21:06  [199/1000]  train nll=+3.348(obj=+2.875 bg=+3.378) mse=4.685(obj=3.432 bg=4.767)  val nll=+3.210(obj=+2.692 bg=+3.242) mse=4.347(obj=3.240 bg=4.416)  lr=9.09e-04  tot=1.6min
10:21:06    ↳ saved (val_nll=3.2102)
10:21:07  [200/1000]  train nll=+3.457(obj=+2.916 bg=+3.492) mse=4.697(obj=3.456 bg=4.776)  val nll=+3.250(obj=+2.840 bg=+3.277) mse=4.349(obj=3.377 bg=4.411)  lr=9.08e-04  tot=1.6min
10:21:07  [201/1000]  train nll=+3.490(obj=+2.939 bg=+3.524) mse=4.904(obj=3.439 bg=4.995)  val nll=+3.414(obj=+2.801 bg=+3.453) mse=4.863(obj=3.392 bg=4.958)  lr=9.07e-04  tot=1.6min
10:21:08  [202/1000]  train nll=+3.337(obj=+2.751 bg=+3.375) mse=4.487(obj=3.113 bg=4.574)  val nll=+3.846(obj=+3.411 bg=+3.873) mse=5.420(obj=4.348 bg=5.487)  lr=9.06e-04  tot=1.6min
10:21:08  [203/1000]  train nll=+3.466(obj=+2.975 bg=+3.497) mse=4.791(obj=3.551 bg=4.869)  val nll=+3.601(obj=+3.331 bg=+3.617) mse=4.921(obj=3.980 bg=4.981)  lr=9.06e-04  tot=1.6min
10:21:09  [204/1000]  train nll=+3.484(obj=+2.979 bg=+3.514) mse=4.834(obj=3.532 bg=4.912)  val nll=+3.692(obj=+3.240 bg=+3.721) mse=4.640(obj=3.606 bg=4.706)  lr=9.05e-04  tot=1.6min
10:21:09  [205/1000]  train nll=+3.318(obj=+2.735 bg=+3.357) mse=4.469(obj=3.090 bg=4.558)  val nll=+3.905(obj=+3.587 bg=+3.927) mse=5.032(obj=3.920 bg=5.106)  lr=9.04e-04  tot=1.6min
10:21:10  [206/1000]  train nll=+3.501(obj=+3.262 bg=+3.515) mse=4.720(obj=3.953 bg=4.767)  val nll=+3.404(obj=+2.984 bg=+3.431) mse=4.823(obj=3.730 bg=4.893)  lr=9.03e-04  tot=1.6min
10:21:10  [207/1000]  train nll=+3.332(obj=+2.842 bg=+3.364) mse=4.579(obj=3.396 bg=4.657)  val nll=+3.276(obj=+2.697 bg=+3.313) mse=4.588(obj=3.196 bg=4.678)  lr=9.02e-04  tot=1.7min
10:21:11  [208/1000]  train nll=+3.265(obj=+2.773 bg=+3.295) mse=4.383(obj=3.302 bg=4.446)  val nll=+3.255(obj=+2.691 bg=+3.292) mse=4.534(obj=3.190 bg=4.622)  lr=9.01e-04  tot=1.7min
10:21:11  [209/1000]  train nll=+3.362(obj=+2.935 bg=+3.389) mse=4.681(obj=3.542 bg=4.752)  val nll=+3.239(obj=+2.768 bg=+3.270) mse=4.379(obj=3.118 bg=4.460)  lr=9.00e-04  tot=1.7min
10:21:12  [210/1000]  train nll=+3.390(obj=+2.894 bg=+3.422) mse=4.685(obj=3.490 bg=4.762)  val nll=+3.328(obj=+2.873 bg=+3.358) mse=4.471(obj=3.344 bg=4.543)  lr=8.99e-04  tot=1.7min
10:21:12  [211/1000]  train nll=+3.378(obj=+2.920 bg=+3.407) mse=4.536(obj=3.492 bg=4.602)  val nll=+3.340(obj=+2.801 bg=+3.375) mse=4.675(obj=3.459 bg=4.755)  lr=8.98e-04  tot=1.7min
10:21:13  [212/1000]  train nll=+3.311(obj=+2.719 bg=+3.350) mse=4.572(obj=3.158 bg=4.664)  val nll=+3.214(obj=+2.630 bg=+3.251) mse=4.508(obj=3.265 bg=4.587)  lr=8.97e-04  tot=1.7min
10:21:13  [213/1000]  train nll=+3.320(obj=+2.771 bg=+3.354) mse=4.550(obj=3.277 bg=4.631)  val nll=+3.354(obj=+2.876 bg=+3.385) mse=4.395(obj=3.369 bg=4.463)  lr=8.96e-04  tot=1.7min
10:21:14  [214/1000]  train nll=+3.486(obj=+2.905 bg=+3.522) mse=4.680(obj=3.470 bg=4.757)  val nll=+3.232(obj=+2.709 bg=+3.265) mse=4.418(obj=3.265 bg=4.493)  lr=8.95e-04  tot=1.7min
10:21:14  [215/1000]  train nll=+3.478(obj=+3.004 bg=+3.508) mse=4.807(obj=3.589 bg=4.885)  val nll=+3.291(obj=+2.693 bg=+3.329) mse=4.634(obj=3.169 bg=4.725)  lr=8.94e-04  tot=1.7min
10:21:15  [216/1000]  train nll=+3.398(obj=+2.783 bg=+3.437) mse=4.735(obj=3.387 bg=4.818)  val nll=+3.304(obj=+2.854 bg=+3.334) mse=4.590(obj=3.355 bg=4.672)  lr=8.93e-04  tot=1.7min
10:21:15  [217/1000]  train nll=+3.336(obj=+2.772 bg=+3.372) mse=4.478(obj=3.268 bg=4.555)  val nll=+3.193(obj=+2.644 bg=+3.229) mse=4.133(obj=2.925 bg=4.211)  lr=8.92e-04  tot=1.7min
10:21:15    ↳ saved (val_nll=3.1933)
10:21:16  [218/1000]  train nll=+3.264(obj=+2.771 bg=+3.295) mse=4.384(obj=3.251 bg=4.456)  val nll=+3.127(obj=+2.488 bg=+3.168) mse=4.240(obj=2.939 bg=4.326)  lr=8.91e-04  tot=1.7min
10:21:16    ↳ saved (val_nll=3.1268)
10:21:16  [219/1000]  train nll=+3.313(obj=+2.724 bg=+3.352) mse=4.629(obj=3.283 bg=4.717)  val nll=+3.468(obj=+3.099 bg=+3.493) mse=4.770(obj=3.746 bg=4.839)  lr=8.90e-04  tot=1.8min
10:21:17  [220/1000]  train nll=+3.388(obj=+2.861 bg=+3.421) mse=4.669(obj=3.531 bg=4.741)  val nll=+3.383(obj=+3.067 bg=+3.404) mse=4.635(obj=3.789 bg=4.691)  lr=8.89e-04  tot=1.8min
10:21:17  [221/1000]  train nll=+3.335(obj=+2.798 bg=+3.368) mse=4.636(obj=3.361 bg=4.715)  val nll=+3.212(obj=+2.636 bg=+3.250) mse=4.429(obj=3.060 bg=4.518)  lr=8.88e-04  tot=1.8min
10:21:18  [222/1000]  train nll=+3.456(obj=+2.873 bg=+3.491) mse=4.683(obj=3.333 bg=4.763)  val nll=+3.227(obj=+2.564 bg=+3.269) mse=4.487(obj=2.904 bg=4.588)  lr=8.87e-04  tot=1.8min
10:21:18  [223/1000]  train nll=+3.429(obj=+2.888 bg=+3.464) mse=4.698(obj=3.251 bg=4.793)  val nll=+3.231(obj=+2.771 bg=+3.261) mse=4.366(obj=3.273 bg=4.439)  lr=8.86e-04  tot=1.8min
10:21:19  [224/1000]  train nll=+3.276(obj=+2.730 bg=+3.311) mse=4.504(obj=3.255 bg=4.583)  val nll=+3.190(obj=+2.567 bg=+3.231) mse=4.252(obj=3.041 bg=4.332)  lr=8.85e-04  tot=1.8min
10:21:19  [225/1000]  train nll=+3.340(obj=+2.801 bg=+3.376) mse=4.590(obj=3.323 bg=4.672)  val nll=+3.387(obj=+2.882 bg=+3.420) mse=4.349(obj=3.215 bg=4.422)  lr=8.84e-04  tot=1.8min
10:21:20  [226/1000]  train nll=+3.330(obj=+2.806 bg=+3.364) mse=4.449(obj=3.262 bg=4.527)  val nll=+3.313(obj=+2.671 bg=+3.354) mse=4.524(obj=3.077 bg=4.618)  lr=8.83e-04  tot=1.8min
10:21:20  [227/1000]  train nll=+3.262(obj=+2.778 bg=+3.293) mse=4.334(obj=3.193 bg=4.408)  val nll=+3.135(obj=+2.575 bg=+3.172) mse=4.424(obj=2.981 bg=4.517)  lr=8.82e-04  tot=1.8min
10:21:21  [228/1000]  train nll=+3.305(obj=+2.712 bg=+3.342) mse=4.484(obj=3.146 bg=4.568)  val nll=+3.046(obj=+2.429 bg=+3.087) mse=4.118(obj=2.807 bg=4.203)  lr=8.81e-04  tot=1.8min
10:21:21    ↳ saved (val_nll=3.0464)
10:21:21  [229/1000]  train nll=+3.485(obj=+2.999 bg=+3.515) mse=4.677(obj=3.507 bg=4.750)  val nll=+3.183(obj=+2.679 bg=+3.215) mse=4.105(obj=2.949 bg=4.180)  lr=8.80e-04  tot=1.8min
10:21:22  [230/1000]  train nll=+3.323(obj=+2.683 bg=+3.363) mse=4.514(obj=3.093 bg=4.603)  val nll=+3.220(obj=+2.619 bg=+3.258) mse=4.341(obj=3.224 bg=4.413)  lr=8.79e-04  tot=1.8min
10:21:22  [231/1000]  train nll=+3.351(obj=+2.903 bg=+3.382) mse=4.503(obj=3.213 bg=4.586)  val nll=+3.219(obj=+2.759 bg=+3.248) mse=4.285(obj=3.324 bg=4.345)  lr=8.78e-04  tot=1.8min
10:21:22  [232/1000]  train nll=+3.315(obj=+2.809 bg=+3.348) mse=4.380(obj=3.185 bg=4.457)  val nll=+3.296(obj=+2.787 bg=+3.329) mse=4.370(obj=3.171 bg=4.448)  lr=8.77e-04  tot=1.9min
10:21:23  [233/1000]  train nll=+3.299(obj=+2.683 bg=+3.338) mse=4.428(obj=3.060 bg=4.512)  val nll=+3.043(obj=+2.544 bg=+3.075) mse=4.185(obj=2.893 bg=4.268)  lr=8.76e-04  tot=1.9min
10:21:23    ↳ saved (val_nll=3.0430)
10:21:23  [234/1000]  train nll=+3.274(obj=+2.680 bg=+3.312) mse=4.404(obj=3.066 bg=4.490)  val nll=+3.076(obj=+2.387 bg=+3.120) mse=4.033(obj=2.606 bg=4.124)  lr=8.75e-04  tot=1.9min
10:21:24  [235/1000]  train nll=+3.388(obj=+2.816 bg=+3.423) mse=4.475(obj=3.303 bg=4.547)  val nll=+3.376(obj=+2.889 bg=+3.407) mse=4.539(obj=3.299 bg=4.618)  lr=8.74e-04  tot=1.9min
10:21:24  [236/1000]  train nll=+3.468(obj=+2.890 bg=+3.504) mse=4.909(obj=3.481 bg=4.997)  val nll=+3.343(obj=+2.744 bg=+3.381) mse=4.754(obj=3.194 bg=4.854)  lr=8.73e-04  tot=1.9min
10:21:25  [237/1000]  train nll=+3.439(obj=+3.040 bg=+3.465) mse=4.568(obj=3.462 bg=4.636)  val nll=+3.275(obj=+2.763 bg=+3.309) mse=4.538(obj=3.325 bg=4.618)  lr=8.72e-04  tot=1.9min
10:21:25  [238/1000]  train nll=+3.414(obj=+2.911 bg=+3.445) mse=4.656(obj=3.467 bg=4.730)  val nll=+3.253(obj=+2.755 bg=+3.285) mse=4.368(obj=3.181 bg=4.444)  lr=8.71e-04  tot=1.9min
10:21:26  [239/1000]  train nll=+3.379(obj=+2.932 bg=+3.406) mse=4.827(obj=3.573 bg=4.906)  val nll=+3.293(obj=+2.663 bg=+3.333) mse=4.681(obj=3.201 bg=4.778)  lr=8.70e-04  tot=1.9min
10:21:26  [240/1000]  train nll=+3.326(obj=+2.722 bg=+3.365) mse=4.792(obj=3.314 bg=4.889)  val nll=+3.241(obj=+2.655 bg=+3.278) mse=4.363(obj=3.234 bg=4.436)  lr=8.69e-04  tot=1.9min
10:21:27  [241/1000]  train nll=+3.396(obj=+2.876 bg=+3.429) mse=4.641(obj=3.474 bg=4.713)  val nll=+3.322(obj=+2.744 bg=+3.359) mse=4.632(obj=3.324 bg=4.716)  lr=8.68e-04  tot=1.9min
10:21:27  [242/1000]  train nll=+3.309(obj=+2.792 bg=+3.343) mse=4.587(obj=3.395 bg=4.665)  val nll=+3.406(obj=+3.155 bg=+3.423) mse=4.846(obj=3.853 bg=4.913)  lr=8.67e-04  tot=1.9min
10:21:28  [243/1000]  train nll=+3.249(obj=+2.688 bg=+3.284) mse=4.451(obj=3.236 bg=4.527)  val nll=+3.248(obj=+2.805 bg=+3.276) mse=4.327(obj=3.330 bg=4.391)  lr=8.65e-04  tot=1.9min
10:21:28  [244/1000]  train nll=+3.202(obj=+2.615 bg=+3.240) mse=4.390(obj=3.151 bg=4.469)  val nll=+3.131(obj=+2.619 bg=+3.164) mse=4.100(obj=3.018 bg=4.170)  lr=8.64e-04  tot=1.9min
10:21:28  [245/1000]  train nll=+3.325(obj=+2.805 bg=+3.359) mse=4.418(obj=3.319 bg=4.489)  val nll=+3.509(obj=+3.033 bg=+3.540) mse=4.660(obj=3.580 bg=4.730)  lr=8.63e-04  tot=2.0min
10:21:29  [246/1000]  train nll=+3.379(obj=+2.852 bg=+3.412) mse=4.478(obj=3.275 bg=4.555)  val nll=+3.134(obj=+2.500 bg=+3.175) mse=4.194(obj=2.792 bg=4.285)  lr=8.62e-04  tot=2.0min
10:21:29  [247/1000]  train nll=+3.272(obj=+2.787 bg=+3.303) mse=4.413(obj=3.271 bg=4.487)  val nll=+3.200(obj=+2.614 bg=+3.238) mse=4.355(obj=3.084 bg=4.438)  lr=8.61e-04  tot=2.0min
10:21:30  [248/1000]  train nll=+3.312(obj=+2.740 bg=+3.348) mse=4.299(obj=3.118 bg=4.373)  val nll=+3.453(obj=+3.004 bg=+3.481) mse=4.692(obj=3.604 bg=4.762)  lr=8.60e-04  tot=2.0min
10:21:30  [249/1000]  train nll=+3.259(obj=+2.668 bg=+3.295) mse=4.529(obj=3.103 bg=4.621)  val nll=+3.721(obj=+3.028 bg=+3.765) mse=5.223(obj=3.645 bg=5.325)  lr=8.59e-04  tot=2.0min
10:21:31  [250/1000]  train nll=+3.434(obj=+2.960 bg=+3.464) mse=4.656(obj=3.474 bg=4.731)  val nll=+3.245(obj=+2.673 bg=+3.280) mse=4.528(obj=3.286 bg=4.606)  lr=8.58e-04  tot=2.0min
10:21:31  [251/1000]  train nll=+3.239(obj=+2.672 bg=+3.275) mse=4.315(obj=3.115 bg=4.391)  val nll=+3.173(obj=+2.558 bg=+3.214) mse=4.374(obj=3.048 bg=4.461)  lr=8.57e-04  tot=2.0min
10:21:32  [252/1000]  train nll=+3.209(obj=+2.668 bg=+3.243) mse=4.236(obj=3.037 bg=4.312)  val nll=+3.595(obj=+2.912 bg=+3.638) mse=4.606(obj=3.104 bg=4.703)  lr=8.56e-04  tot=2.0min
10:21:32  [253/1000]  train nll=+3.227(obj=+2.531 bg=+3.273) mse=4.267(obj=2.854 bg=4.360)  val nll=+2.980(obj=+2.265 bg=+3.026) mse=3.940(obj=2.631 bg=4.025)  lr=8.55e-04  tot=2.0min
10:21:32    ↳ saved (val_nll=2.9800)
10:21:33  [254/1000]  train nll=+3.126(obj=+2.654 bg=+3.155) mse=4.024(obj=3.151 bg=4.078)  val nll=+3.030(obj=+2.302 bg=+3.077) mse=4.179(obj=2.730 bg=4.274)  lr=8.53e-04  tot=2.0min
10:21:33  [255/1000]  train nll=+3.278(obj=+2.596 bg=+3.320) mse=4.391(obj=2.998 bg=4.477)  val nll=+3.164(obj=+2.619 bg=+3.200) mse=4.123(obj=2.974 bg=4.199)  lr=8.52e-04  tot=2.0min
10:21:34  [256/1000]  train nll=+3.186(obj=+2.584 bg=+3.226) mse=4.260(obj=3.059 bg=4.338)  val nll=+3.183(obj=+2.522 bg=+3.223) mse=4.137(obj=2.836 bg=4.218)  lr=8.51e-04  tot=2.0min
10:21:34  [257/1000]  train nll=+3.147(obj=+2.621 bg=+3.181) mse=4.207(obj=3.068 bg=4.281)  val nll=+3.162(obj=+2.611 bg=+3.197) mse=4.157(obj=2.886 bg=4.239)  lr=8.50e-04  tot=2.1min
10:21:35  [258/1000]  train nll=+3.096(obj=+2.478 bg=+3.134) mse=4.006(obj=2.775 bg=4.082)  val nll=+3.074(obj=+2.647 bg=+3.101) mse=3.928(obj=3.045 bg=3.984)  lr=8.49e-04  tot=2.1min
10:21:35  [259/1000]  train nll=+3.194(obj=+2.661 bg=+3.227) mse=4.367(obj=3.158 bg=4.441)  val nll=+3.226(obj=+2.649 bg=+3.264) mse=4.435(obj=3.093 bg=4.522)  lr=8.48e-04  tot=2.1min
10:21:36  [260/1000]  train nll=+3.406(obj=+2.833 bg=+3.441) mse=4.786(obj=3.490 bg=4.865)  val nll=+3.250(obj=+2.707 bg=+3.285) mse=4.364(obj=3.129 bg=4.445)  lr=8.47e-04  tot=2.1min
10:21:36  [261/1000]  train nll=+3.187(obj=+2.575 bg=+3.225) mse=4.192(obj=2.942 bg=4.271)  val nll=+3.159(obj=+2.506 bg=+3.201) mse=4.281(obj=2.911 bg=4.369)  lr=8.46e-04  tot=2.1min
10:21:36  [262/1000]  train nll=+3.398(obj=+2.792 bg=+3.436) mse=4.671(obj=3.180 bg=4.765)  val nll=+3.301(obj=+2.601 bg=+3.345) mse=4.252(obj=2.847 bg=4.342)  lr=8.44e-04  tot=2.1min
10:21:37  [263/1000]  train nll=+3.291(obj=+2.731 bg=+3.323) mse=4.452(obj=3.095 bg=4.533)  val nll=+3.280(obj=+2.557 bg=+3.325) mse=4.434(obj=2.903 bg=4.529)  lr=8.43e-04  tot=2.1min
10:21:37  [264/1000]  train nll=+3.298(obj=+2.776 bg=+3.330) mse=4.563(obj=3.297 bg=4.640)  val nll=+3.241(obj=+2.714 bg=+3.274) mse=4.658(obj=3.412 bg=4.737)  lr=8.42e-04  tot=2.1min
10:21:38  [265/1000]  train nll=+3.340(obj=+2.777 bg=+3.376) mse=4.550(obj=3.134 bg=4.639)  val nll=+3.128(obj=+2.443 bg=+3.173) mse=4.243(obj=2.968 bg=4.326)  lr=8.41e-04  tot=2.1min
10:21:38  [266/1000]  train nll=+3.360(obj=+2.866 bg=+3.392) mse=4.573(obj=3.288 bg=4.657)  val nll=+3.742(obj=+3.048 bg=+3.787) mse=5.143(obj=3.461 bg=5.251)  lr=8.40e-04  tot=2.1min
10:21:39  [267/1000]  train nll=+3.408(obj=+2.923 bg=+3.439) mse=4.611(obj=3.324 bg=4.692)  val nll=+3.383(obj=+2.827 bg=+3.418) mse=4.435(obj=3.242 bg=4.512)  lr=8.39e-04  tot=2.1min
10:21:39  [268/1000]  train nll=+3.141(obj=+2.640 bg=+3.173) mse=4.147(obj=3.039 bg=4.221)  val nll=+3.029(obj=+2.560 bg=+3.059) mse=3.883(obj=2.876 bg=3.948)  lr=8.37e-04  tot=2.1min
10:21:40  [269/1000]  train nll=+3.254(obj=+2.647 bg=+3.292) mse=4.325(obj=2.949 bg=4.414)  val nll=+3.006(obj=+2.374 bg=+3.047) mse=4.008(obj=2.693 bg=4.094)  lr=8.36e-04  tot=2.1min
10:21:40  [270/1000]  train nll=+3.157(obj=+2.505 bg=+3.198) mse=4.163(obj=2.828 bg=4.249)  val nll=+3.163(obj=+2.610 bg=+3.199) mse=4.447(obj=3.104 bg=4.533)  lr=8.35e-04  tot=2.2min
10:21:41  [271/1000]  train nll=+3.290(obj=+2.601 bg=+3.332) mse=4.511(obj=2.955 bg=4.608)  val nll=+3.556(obj=+2.884 bg=+3.598) mse=4.920(obj=3.363 bg=5.020)  lr=8.34e-04  tot=2.2min
10:21:41  [272/1000]  train nll=+3.403(obj=+2.968 bg=+3.431) mse=4.500(obj=3.357 bg=4.572)  val nll=+3.239(obj=+2.646 bg=+3.276) mse=4.319(obj=3.052 bg=4.400)  lr=8.33e-04  tot=2.2min
10:21:42  [273/1000]  train nll=+3.195(obj=+2.648 bg=+3.229) mse=4.118(obj=2.817 bg=4.197)  val nll=+2.996(obj=+2.487 bg=+3.028) mse=3.895(obj=2.732 bg=3.971)  lr=8.32e-04  tot=2.2min
10:21:42  [274/1000]  train nll=+3.155(obj=+2.609 bg=+3.190) mse=4.082(obj=2.880 bg=4.156)  val nll=+3.049(obj=+2.490 bg=+3.084) mse=4.124(obj=2.920 bg=4.201)  lr=8.30e-04  tot=2.2min
10:21:43  [275/1000]  train nll=+3.166(obj=+2.655 bg=+3.198) mse=4.212(obj=3.082 bg=4.287)  val nll=+3.000(obj=+2.337 bg=+3.043) mse=4.000(obj=2.635 bg=4.091)  lr=8.29e-04  tot=2.2min
10:21:43  [276/1000]  train nll=+3.144(obj=+2.620 bg=+3.176) mse=4.241(obj=2.981 bg=4.318)  val nll=+3.208(obj=+2.701 bg=+3.241) mse=4.189(obj=2.921 bg=4.272)  lr=8.28e-04  tot=2.2min
10:21:44  [277/1000]  train nll=+3.175(obj=+2.564 bg=+3.214) mse=4.376(obj=2.918 bg=4.469)  val nll=+2.972(obj=+2.419 bg=+3.007) mse=4.029(obj=2.875 bg=4.103)  lr=8.27e-04  tot=2.2min
10:21:44    ↳ saved (val_nll=2.9718)
10:21:44  [278/1000]  train nll=+3.093(obj=+2.560 bg=+3.127) mse=4.176(obj=2.953 bg=4.254)  val nll=+3.382(obj=+2.762 bg=+3.422) mse=4.440(obj=3.059 bg=4.529)  lr=8.26e-04  tot=2.2min
10:21:45  [279/1000]  train nll=+3.317(obj=+2.674 bg=+3.357) mse=4.486(obj=3.058 bg=4.574)  val nll=+3.126(obj=+2.501 bg=+3.166) mse=4.018(obj=2.859 bg=4.092)  lr=8.24e-04  tot=2.2min
10:21:45  [280/1000]  train nll=+3.201(obj=+2.652 bg=+3.235) mse=4.245(obj=3.014 bg=4.320)  val nll=+3.057(obj=+2.503 bg=+3.093) mse=3.929(obj=2.720 bg=4.007)  lr=8.23e-04  tot=2.2min
10:21:46  [281/1000]  train nll=+3.132(obj=+2.515 bg=+3.173) mse=3.967(obj=2.881 bg=4.041)  val nll=+3.158(obj=+2.498 bg=+3.201) mse=4.094(obj=2.766 bg=4.180)  lr=8.22e-04  tot=2.2min
10:21:46  [282/1000]  train nll=+3.205(obj=+2.795 bg=+3.232) mse=4.183(obj=3.367 bg=4.237)  val nll=+2.873(obj=+2.298 bg=+2.910) mse=3.612(obj=2.500 bg=3.683)  lr=8.21e-04  tot=2.3min
10:21:46    ↳ saved (val_nll=2.8728)
10:21:47  [283/1000]  train nll=+3.138(obj=+2.488 bg=+3.179) mse=4.140(obj=2.821 bg=4.226)  val nll=+2.982(obj=+2.488 bg=+3.014) mse=3.878(obj=2.825 bg=3.947)  lr=8.20e-04  tot=2.3min
10:21:47  [284/1000]  train nll=+3.160(obj=+2.584 bg=+3.195) mse=4.169(obj=2.990 bg=4.242)  val nll=+3.186(obj=+2.654 bg=+3.219) mse=4.266(obj=3.170 bg=4.335)  lr=8.18e-04  tot=2.3min
10:21:48  [285/1000]  train nll=+3.235(obj=+2.648 bg=+3.272) mse=4.288(obj=3.025 bg=4.368)  val nll=+3.572(obj=+3.029 bg=+3.606) mse=4.954(obj=3.676 bg=5.035)  lr=8.17e-04  tot=2.3min
10:21:48  [286/1000]  train nll=+3.224(obj=+2.703 bg=+3.258) mse=4.351(obj=3.162 bg=4.427)  val nll=+2.959(obj=+2.385 bg=+2.996) mse=3.610(obj=2.572 bg=3.678)  lr=8.16e-04  tot=2.3min
10:21:49  [287/1000]  train nll=+3.125(obj=+2.539 bg=+3.163) mse=4.023(obj=2.743 bg=4.106)  val nll=+3.034(obj=+2.460 bg=+3.071) mse=3.805(obj=2.681 bg=3.878)  lr=8.15e-04  tot=2.3min
10:21:49  [288/1000]  train nll=+3.109(obj=+2.482 bg=+3.149) mse=4.065(obj=2.793 bg=4.148)  val nll=+2.873(obj=+2.171 bg=+2.919) mse=3.772(obj=2.495 bg=3.855)  lr=8.14e-04  tot=2.3min
10:21:50  [289/1000]  train nll=+3.085(obj=+2.531 bg=+3.120) mse=4.043(obj=2.892 bg=4.118)  val nll=+2.965(obj=+2.317 bg=+3.007) mse=3.906(obj=2.538 bg=3.993)  lr=8.12e-04  tot=2.3min
10:21:50  [290/1000]  train nll=+3.164(obj=+2.541 bg=+3.204) mse=4.146(obj=2.789 bg=4.233)  val nll=+3.148(obj=+2.470 bg=+3.192) mse=4.128(obj=2.790 bg=4.214)  lr=8.11e-04  tot=2.3min
10:21:51  [291/1000]  train nll=+3.063(obj=+2.596 bg=+3.094) mse=4.025(obj=2.958 bg=4.094)  val nll=+3.033(obj=+2.414 bg=+3.073) mse=3.892(obj=2.594 bg=3.976)  lr=8.10e-04  tot=2.3min
10:21:51  [292/1000]  train nll=+3.023(obj=+2.489 bg=+3.057) mse=3.878(obj=2.793 bg=3.948)  val nll=+3.130(obj=+2.591 bg=+3.166) mse=4.126(obj=2.927 bg=4.205)  lr=8.09e-04  tot=2.3min
10:21:52  [293/1000]  train nll=+3.181(obj=+2.536 bg=+3.222) mse=4.115(obj=2.817 bg=4.197)  val nll=+3.305(obj=+2.755 bg=+3.341) mse=4.312(obj=3.073 bg=4.392)  lr=8.07e-04  tot=2.3min
10:21:52  [294/1000]  train nll=+3.160(obj=+2.678 bg=+3.192) mse=4.284(obj=3.005 bg=4.367)  val nll=+2.932(obj=+2.292 bg=+2.973) mse=3.880(obj=2.565 bg=3.964)  lr=8.06e-04  tot=2.4min
10:21:53  [295/1000]  train nll=+3.075(obj=+2.559 bg=+3.109) mse=4.117(obj=2.941 bg=4.191)  val nll=+3.022(obj=+2.592 bg=+3.050) mse=3.935(obj=2.789 bg=4.009)  lr=8.05e-04  tot=2.4min
10:21:53  [296/1000]  train nll=+3.009(obj=+2.488 bg=+3.042) mse=3.934(obj=2.727 bg=4.011)  val nll=+2.933(obj=+2.288 bg=+2.975) mse=3.879(obj=2.677 bg=3.958)  lr=8.04e-04  tot=2.4min
10:21:54  [297/1000]  train nll=+3.332(obj=+2.735 bg=+3.370) mse=4.298(obj=3.053 bg=4.377)  val nll=+2.987(obj=+2.375 bg=+3.027) mse=3.714(obj=2.467 bg=3.795)  lr=8.02e-04  tot=2.4min
10:21:54  [298/1000]  train nll=+3.295(obj=+2.626 bg=+3.336) mse=4.363(obj=2.941 bg=4.448)  val nll=+3.209(obj=+2.664 bg=+3.244) mse=4.075(obj=2.944 bg=4.149)  lr=8.01e-04  tot=2.4min
10:21:55  [299/1000]  train nll=+3.253(obj=+2.654 bg=+3.293) mse=4.386(obj=2.964 bg=4.480)  val nll=+3.354(obj=+2.833 bg=+3.388) mse=4.389(obj=3.170 bg=4.469)  lr=8.00e-04  tot=2.4min
10:21:55  [300/1000]  train nll=+3.192(obj=+2.608 bg=+3.228) mse=4.194(obj=2.971 bg=4.272)  val nll=+2.947(obj=+2.322 bg=+2.986) mse=3.801(obj=2.492 bg=3.884)  lr=7.99e-04  tot=2.4min
10:21:56  [301/1000]  train nll=+3.096(obj=+2.518 bg=+3.133) mse=4.110(obj=2.893 bg=4.187)  val nll=+3.573(obj=+2.638 bg=+3.638) mse=4.145(obj=2.979 bg=4.221)  lr=7.97e-04  tot=2.4min
10:21:56  [302/1000]  train nll=+3.076(obj=+2.535 bg=+3.110) mse=3.917(obj=2.871 bg=3.983)  val nll=+3.026(obj=+2.363 bg=+3.069) mse=4.027(obj=2.710 bg=4.111)  lr=7.96e-04  tot=2.4min
10:21:57  [303/1000]  train nll=+3.317(obj=+2.721 bg=+3.354) mse=4.517(obj=3.066 bg=4.607)  val nll=+3.102(obj=+2.639 bg=+3.132) mse=3.890(obj=2.879 bg=3.956)  lr=7.95e-04  tot=2.4min
10:21:57  [304/1000]  train nll=+3.113(obj=+2.581 bg=+3.148) mse=4.029(obj=2.916 bg=4.101)  val nll=+3.077(obj=+2.670 bg=+3.104) mse=3.883(obj=2.998 bg=3.942)  lr=7.93e-04  tot=2.4min
10:21:57  [305/1000]  train nll=+2.976(obj=+2.366 bg=+3.015) mse=3.963(obj=2.784 bg=4.038)  val nll=+2.975(obj=+2.329 bg=+3.016) mse=3.929(obj=2.680 bg=4.010)  lr=7.92e-04  tot=2.4min
10:21:58  [306/1000]  train nll=+3.126(obj=+2.584 bg=+3.161) mse=4.163(obj=3.015 bg=4.237)  val nll=+3.051(obj=+2.640 bg=+3.077) mse=3.952(obj=2.955 bg=4.016)  lr=7.91e-04  tot=2.4min
10:21:58  [307/1000]  train nll=+3.341(obj=+2.701 bg=+3.379) mse=4.392(obj=3.014 bg=4.478)  val nll=+3.234(obj=+2.790 bg=+3.262) mse=4.104(obj=2.966 bg=4.178)  lr=7.90e-04  tot=2.5min
10:21:59  [308/1000]  train nll=+3.332(obj=+2.757 bg=+3.370) mse=4.337(obj=2.994 bg=4.425)  val nll=+2.886(obj=+2.210 bg=+2.929) mse=3.599(obj=2.266 bg=3.685)  lr=7.88e-04  tot=2.5min
10:21:59  [309/1000]  train nll=+2.985(obj=+2.371 bg=+3.022) mse=3.767(obj=2.652 bg=3.836)  val nll=+2.890(obj=+2.222 bg=+2.933) mse=3.892(obj=2.620 bg=3.975)  lr=7.87e-04  tot=2.5min
10:22:00  [310/1000]  train nll=+2.976(obj=+2.386 bg=+3.014) mse=3.818(obj=2.607 bg=3.897)  val nll=+3.219(obj=+3.009 bg=+3.233) mse=4.005(obj=3.071 bg=4.065)  lr=7.86e-04  tot=2.5min
10:22:00  [311/1000]  train nll=+3.088(obj=+2.589 bg=+3.121) mse=3.915(obj=2.815 bg=3.987)  val nll=+2.882(obj=+2.283 bg=+2.920) mse=3.694(obj=2.407 bg=3.776)  lr=7.84e-04  tot=2.5min
10:22:01  [312/1000]  train nll=+3.013(obj=+2.440 bg=+3.050) mse=3.895(obj=2.685 bg=3.972)  val nll=+2.862(obj=+2.218 bg=+2.904) mse=3.667(obj=2.392 bg=3.751)  lr=7.83e-04  tot=2.5min
10:22:01    ↳ saved (val_nll=2.8618)
10:22:01  [313/1000]  train nll=+2.902(obj=+2.235 bg=+2.945) mse=3.682(obj=2.389 bg=3.765)  val nll=+3.070(obj=+2.462 bg=+3.108) mse=3.784(obj=2.598 bg=3.858)  lr=7.82e-04  tot=2.5min
10:22:02  [314/1000]  train nll=+2.928(obj=+2.331 bg=+2.966) mse=3.818(obj=2.612 bg=3.894)  val nll=+2.892(obj=+2.321 bg=+2.929) mse=3.883(obj=2.818 bg=3.953)  lr=7.81e-04  tot=2.5min
10:22:02  [315/1000]  train nll=+2.954(obj=+2.360 bg=+2.992) mse=3.881(obj=2.648 bg=3.960)  val nll=+2.983(obj=+2.144 bg=+3.036) mse=3.698(obj=2.362 bg=3.783)  lr=7.79e-04  tot=2.5min
10:22:02  [316/1000]  train nll=+3.074(obj=+2.383 bg=+3.119) mse=4.007(obj=2.563 bg=4.099)  val nll=+2.857(obj=+2.207 bg=+2.900) mse=3.485(obj=2.424 bg=3.555)  lr=7.78e-04  tot=2.5min
10:22:02    ↳ saved (val_nll=2.8570)
10:22:03  [317/1000]  train nll=+2.897(obj=+2.280 bg=+2.937) mse=3.826(obj=2.527 bg=3.911)  val nll=+2.751(obj=+2.060 bg=+2.795) mse=3.594(obj=2.387 bg=3.672)  lr=7.77e-04  tot=2.5min
10:22:03    ↳ saved (val_nll=2.7509)
10:22:03  [318/1000]  train nll=+2.939(obj=+2.344 bg=+2.977) mse=3.812(obj=2.612 bg=3.889)  val nll=+2.844(obj=+2.254 bg=+2.883) mse=3.532(obj=2.423 bg=3.604)  lr=7.75e-04  tot=2.5min
10:22:04  [319/1000]  train nll=+2.983(obj=+2.350 bg=+3.023) mse=3.917(obj=2.677 bg=3.995)  val nll=+2.975(obj=+2.555 bg=+3.002) mse=3.614(obj=2.838 bg=3.664)  lr=7.74e-04  tot=2.5min
10:22:04  [320/1000]  train nll=+3.282(obj=+2.693 bg=+3.320) mse=4.245(obj=2.869 bg=4.331)  val nll=+3.051(obj=+2.497 bg=+3.087) mse=3.972(obj=2.786 bg=4.049)  lr=7.73e-04  tot=2.6min
10:22:05  [321/1000]  train nll=+3.201(obj=+2.475 bg=+3.248) mse=4.268(obj=2.817 bg=4.364)  val nll=+3.308(obj=+2.911 bg=+3.333) mse=4.248(obj=3.073 bg=4.324)  lr=7.71e-04  tot=2.6min
10:22:05  [322/1000]  train nll=+3.129(obj=+2.526 bg=+3.168) mse=4.088(obj=2.806 bg=4.171)  val nll=+2.824(obj=+2.317 bg=+2.858) mse=3.526(obj=2.668 bg=3.584)  lr=7.70e-04  tot=2.6min
10:22:06  [323/1000]  train nll=+2.994(obj=+2.451 bg=+3.029) mse=3.733(obj=2.653 bg=3.802)  val nll=+3.536(obj=+2.587 bg=+3.596) mse=4.317(obj=2.912 bg=4.408)  lr=7.69e-04  tot=2.6min
10:22:06  [324/1000]  train nll=+3.132(obj=+2.533 bg=+3.170) mse=4.052(obj=2.771 bg=4.134)  val nll=+2.902(obj=+2.221 bg=+2.945) mse=3.836(obj=2.428 bg=3.925)  lr=7.67e-04  tot=2.6min
10:22:07  [325/1000]  train nll=+3.097(obj=+2.311 bg=+3.147) mse=4.009(obj=2.543 bg=4.102)  val nll=+2.906(obj=+2.336 bg=+2.942) mse=3.804(obj=2.668 bg=3.878)  lr=7.66e-04  tot=2.6min
10:22:07  [326/1000]  train nll=+2.984(obj=+2.343 bg=+3.025) mse=3.855(obj=2.633 bg=3.932)  val nll=+2.836(obj=+2.165 bg=+2.879) mse=3.675(obj=2.439 bg=3.754)  lr=7.65e-04  tot=2.6min
10:22:07  [327/1000]  train nll=+2.884(obj=+2.242 bg=+2.926) mse=3.839(obj=2.483 bg=3.924)  val nll=+2.866(obj=+2.170 bg=+2.911) mse=3.797(obj=2.385 bg=3.889)  lr=7.63e-04  tot=2.6min
10:22:08  [328/1000]  train nll=+3.293(obj=+2.585 bg=+3.337) mse=4.023(obj=2.802 bg=4.098)  val nll=+3.104(obj=+2.747 bg=+3.127) mse=3.977(obj=2.992 bg=4.041)  lr=7.62e-04  tot=2.6min
10:22:08  [329/1000]  train nll=+3.185(obj=+2.545 bg=+3.223) mse=4.226(obj=2.771 bg=4.313)  val nll=+2.912(obj=+2.293 bg=+2.952) mse=3.528(obj=2.380 bg=3.602)  lr=7.61e-04  tot=2.6min
10:22:09  [330/1000]  train nll=+3.053(obj=+2.485 bg=+3.090) mse=3.961(obj=2.731 bg=4.041)  val nll=+2.970(obj=+2.419 bg=+3.005) mse=3.810(obj=2.702 bg=3.882)  lr=7.59e-04  tot=2.6min
10:22:09  [331/1000]  train nll=+3.045(obj=+2.346 bg=+3.089) mse=4.004(obj=2.602 bg=4.090)  val nll=+2.911(obj=+2.100 bg=+2.963) mse=3.778(obj=2.345 bg=3.871)  lr=7.58e-04  tot=2.6min
10:22:10  [332/1000]  train nll=+2.926(obj=+2.201 bg=+2.969) mse=3.703(obj=2.394 bg=3.782)  val nll=+2.852(obj=+2.198 bg=+2.894) mse=3.660(obj=2.484 bg=3.737)  lr=7.57e-04  tot=2.6min
10:22:10  [333/1000]  train nll=+2.959(obj=+2.302 bg=+2.999) mse=3.755(obj=2.447 bg=3.833)  val nll=+2.927(obj=+2.157 bg=+2.977) mse=3.841(obj=2.520 bg=3.929)  lr=7.55e-04  tot=2.7min
10:22:11  [334/1000]  train nll=+3.173(obj=+2.563 bg=+3.211) mse=4.103(obj=2.785 bg=4.186)  val nll=+2.970(obj=+2.265 bg=+3.014) mse=3.769(obj=2.472 bg=3.851)  lr=7.54e-04  tot=2.7min
10:22:11  [335/1000]  train nll=+2.909(obj=+2.302 bg=+2.948) mse=3.798(obj=2.541 bg=3.877)  val nll=+2.797(obj=+2.010 bg=+2.848) mse=3.693(obj=2.275 bg=3.786)  lr=7.53e-04  tot=2.7min
10:22:12  [336/1000]  train nll=+2.853(obj=+2.177 bg=+2.896) mse=3.508(obj=2.436 bg=3.577)  val nll=+2.722(obj=+2.148 bg=+2.759) mse=3.410(obj=2.371 bg=3.477)  lr=7.51e-04  tot=2.7min
10:22:12    ↳ saved (val_nll=2.7224)
10:22:12  [337/1000]  train nll=+2.998(obj=+2.421 bg=+3.033) mse=3.798(obj=2.593 bg=3.876)  val nll=+2.938(obj=+2.343 bg=+2.977) mse=3.736(obj=2.651 bg=3.808)  lr=7.50e-04  tot=2.7min
10:22:12  [338/1000]  train nll=+3.061(obj=+2.458 bg=+3.100) mse=3.987(obj=2.683 bg=4.069)  val nll=+2.838(obj=+2.107 bg=+2.885) mse=3.653(obj=2.330 bg=3.739)  lr=7.48e-04  tot=2.7min
10:22:13  [339/1000]  train nll=+2.932(obj=+2.254 bg=+2.974) mse=3.749(obj=2.477 bg=3.829)  val nll=+2.899(obj=+2.339 bg=+2.936) mse=3.505(obj=2.397 bg=3.579)  lr=7.47e-04  tot=2.7min
10:22:13  [340/1000]  train nll=+2.980(obj=+2.316 bg=+3.023) mse=3.827(obj=2.568 bg=3.908)  val nll=+3.031(obj=+2.199 bg=+3.084) mse=3.737(obj=2.309 bg=3.828)  lr=7.46e-04  tot=2.7min
10:22:14  [341/1000]  train nll=+2.810(obj=+2.170 bg=+2.850) mse=3.490(obj=2.328 bg=3.563)  val nll=+2.668(obj=+1.994 bg=+2.712) mse=3.408(obj=2.175 bg=3.489)  lr=7.44e-04  tot=2.7min
10:22:14    ↳ saved (val_nll=2.6684)
10:22:14  [342/1000]  train nll=+2.944(obj=+2.340 bg=+2.982) mse=3.705(obj=2.569 bg=3.777)  val nll=+2.878(obj=+2.380 bg=+2.910) mse=3.607(obj=2.465 bg=3.681)  lr=7.43e-04  tot=2.7min
10:22:15  [343/1000]  train nll=+2.934(obj=+2.313 bg=+2.972) mse=3.701(obj=2.498 bg=3.777)  val nll=+2.768(obj=+2.433 bg=+2.790) mse=3.529(obj=2.682 bg=3.584)  lr=7.42e-04  tot=2.7min
10:22:15  [344/1000]  train nll=+3.041(obj=+2.528 bg=+3.073) mse=3.847(obj=2.719 bg=3.919)  val nll=+2.949(obj=+2.309 bg=+2.990) mse=3.735(obj=2.518 bg=3.814)  lr=7.40e-04  tot=2.7min
10:22:16  [345/1000]  train nll=+3.025(obj=+2.488 bg=+3.060) mse=3.778(obj=2.644 bg=3.853)  val nll=+2.863(obj=+2.073 bg=+2.913) mse=3.761(obj=2.306 bg=3.854)  lr=7.39e-04  tot=2.7min
10:22:16  [346/1000]  train nll=+2.868(obj=+2.202 bg=+2.910) mse=3.650(obj=2.434 bg=3.727)  val nll=+2.826(obj=+2.090 bg=+2.873) mse=3.690(obj=2.347 bg=3.777)  lr=7.37e-04  tot=2.8min
10:22:17  [347/1000]  train nll=+2.839(obj=+2.194 bg=+2.878) mse=3.704(obj=2.485 bg=3.780)  val nll=+3.045(obj=+2.401 bg=+3.087) mse=3.824(obj=2.824 bg=3.890)  lr=7.36e-04  tot=2.8min
10:22:17  [348/1000]  train nll=+3.009(obj=+2.391 bg=+3.048) mse=3.894(obj=2.709 bg=3.969)  val nll=+2.781(obj=+2.213 bg=+2.818) mse=3.350(obj=2.268 bg=3.420)  lr=7.35e-04  tot=2.8min
10:22:18  [349/1000]  train nll=+2.836(obj=+2.298 bg=+2.873) mse=3.575(obj=2.480 bg=3.648)  val nll=+2.914(obj=+2.249 bg=+2.957) mse=3.704(obj=2.583 bg=3.777)  lr=7.33e-04  tot=2.8min
10:22:18  [350/1000]  train nll=+2.912(obj=+2.390 bg=+2.946) mse=3.773(obj=2.591 bg=3.846)  val nll=+2.821(obj=+2.239 bg=+2.858) mse=3.443(obj=2.263 bg=3.518)  lr=7.32e-04  tot=2.8min
10:22:19  [351/1000]  train nll=+2.831(obj=+2.171 bg=+2.872) mse=3.468(obj=2.317 bg=3.541)  val nll=+2.774(obj=+2.051 bg=+2.820) mse=3.537(obj=2.263 bg=3.618)  lr=7.30e-04  tot=2.8min
10:22:19  [352/1000]  train nll=+2.973(obj=+2.315 bg=+3.016) mse=3.716(obj=2.533 bg=3.793)  val nll=+2.617(obj=+1.938 bg=+2.660) mse=3.314(obj=2.181 bg=3.387)  lr=7.29e-04  tot=2.8min
10:22:19    ↳ saved (val_nll=2.6167)
10:22:20  [353/1000]  train nll=+2.845(obj=+2.243 bg=+2.882) mse=3.678(obj=2.529 bg=3.747)  val nll=+2.790(obj=+2.024 bg=+2.839) mse=3.480(obj=2.188 bg=3.563)  lr=7.28e-04  tot=2.8min
10:22:20  [354/1000]  train nll=+3.027(obj=+2.118 bg=+3.083) mse=3.742(obj=2.279 bg=3.834)  val nll=+2.701(obj=+2.055 bg=+2.743) mse=3.304(obj=2.196 bg=3.376)  lr=7.26e-04  tot=2.8min
10:22:21  [355/1000]  train nll=+2.819(obj=+2.191 bg=+2.858) mse=3.574(obj=2.462 bg=3.643)  val nll=+2.783(obj=+2.067 bg=+2.829) mse=3.517(obj=2.309 bg=3.596)  lr=7.25e-04  tot=2.8min
10:22:21  [356/1000]  train nll=+2.826(obj=+2.146 bg=+2.870) mse=3.573(obj=2.320 bg=3.652)  val nll=+2.801(obj=+2.053 bg=+2.849) mse=3.443(obj=2.251 bg=3.520)  lr=7.23e-04  tot=2.8min
10:22:22  [357/1000]  train nll=+2.868(obj=+2.184 bg=+2.910) mse=3.758(obj=2.369 bg=3.845)  val nll=+2.915(obj=+2.325 bg=+2.953) mse=3.676(obj=2.536 bg=3.750)  lr=7.22e-04  tot=2.8min
10:22:22  [358/1000]  train nll=+2.950(obj=+2.316 bg=+2.990) mse=3.909(obj=2.541 bg=3.996)  val nll=+2.644(obj=+2.045 bg=+2.682) mse=3.440(obj=2.260 bg=3.517)  lr=7.21e-04  tot=2.9min
10:22:23  [359/1000]  train nll=+2.733(obj=+2.126 bg=+2.773) mse=3.370(obj=2.222 bg=3.444)  val nll=+3.056(obj=+2.725 bg=+3.076) mse=3.648(obj=2.696 bg=3.708)  lr=7.19e-04  tot=2.9min
10:22:23  [360/1000]  train nll=+2.954(obj=+2.360 bg=+2.993) mse=3.631(obj=2.518 bg=3.702)  val nll=+2.658(obj=+2.028 bg=+2.699) mse=3.346(obj=2.050 bg=3.430)  lr=7.18e-04  tot=2.9min
10:22:24  [361/1000]  train nll=+2.810(obj=+2.253 bg=+2.844) mse=3.538(obj=2.461 bg=3.605)  val nll=+2.764(obj=+2.119 bg=+2.806) mse=3.532(obj=2.333 bg=3.611)  lr=7.16e-04  tot=2.9min
10:22:24  [362/1000]  train nll=+2.759(obj=+2.185 bg=+2.796) mse=3.500(obj=2.431 bg=3.569)  val nll=+2.896(obj=+2.350 bg=+2.931) mse=3.637(obj=2.534 bg=3.708)  lr=7.15e-04  tot=2.9min
10:22:25  [363/1000]  train nll=+2.850(obj=+2.263 bg=+2.887) mse=3.564(obj=2.528 bg=3.631)  val nll=+2.606(obj=+1.844 bg=+2.655) mse=3.305(obj=1.993 bg=3.389)  lr=7.13e-04  tot=2.9min
10:22:25    ↳ saved (val_nll=2.6065)
10:22:25  [364/1000]  train nll=+2.755(obj=+2.145 bg=+2.793) mse=3.447(obj=2.288 bg=3.521)  val nll=+2.781(obj=+1.880 bg=+2.838) mse=3.314(obj=2.020 bg=3.399)  lr=7.12e-04  tot=2.9min
10:22:26  [365/1000]  train nll=+2.783(obj=+2.118 bg=+2.825) mse=3.417(obj=2.236 bg=3.495)  val nll=+2.657(obj=+1.971 bg=+2.701) mse=3.246(obj=2.164 bg=3.316)  lr=7.11e-04  tot=2.9min
10:22:26  [366/1000]  train nll=+2.662(obj=+2.084 bg=+2.697) mse=3.258(obj=2.195 bg=3.322)  val nll=+2.840(obj=+2.231 bg=+2.878) mse=3.484(obj=2.433 bg=3.551)  lr=7.09e-04  tot=2.9min
10:22:27  [367/1000]  train nll=+2.935(obj=+2.373 bg=+2.973) mse=3.744(obj=2.611 bg=3.819)  val nll=+2.575(obj=+1.888 bg=+2.620) mse=3.273(obj=2.027 bg=3.355)  lr=7.08e-04  tot=2.9min
10:22:27    ↳ saved (val_nll=2.5747)
10:22:27  [368/1000]  train nll=+2.766(obj=+2.067 bg=+2.810) mse=3.516(obj=2.253 bg=3.593)  val nll=+2.809(obj=+2.187 bg=+2.850) mse=3.648(obj=2.390 bg=3.731)  lr=7.06e-04  tot=2.9min
10:22:28  [369/1000]  train nll=+2.769(obj=+2.144 bg=+2.808) mse=3.448(obj=2.327 bg=3.519)  val nll=+2.532(obj=+1.850 bg=+2.577) mse=3.138(obj=1.949 bg=3.217)  lr=7.05e-04  tot=2.9min
10:22:28    ↳ saved (val_nll=2.5322)
10:22:28  [370/1000]  train nll=+2.772(obj=+2.128 bg=+2.812) mse=3.493(obj=2.252 bg=3.571)  val nll=+2.729(obj=+2.048 bg=+2.773) mse=3.507(obj=2.272 bg=3.588)  lr=7.03e-04  tot=3.0min
10:22:29  [371/1000]  train nll=+2.876(obj=+2.350 bg=+2.908) mse=3.612(obj=2.539 bg=3.679)  val nll=+2.761(obj=+1.931 bg=+2.814) mse=3.342(obj=2.075 bg=3.423)  lr=7.02e-04  tot=3.0min
10:22:29  [372/1000]  train nll=+2.893(obj=+2.287 bg=+2.931) mse=3.596(obj=2.588 bg=3.660)  val nll=+2.896(obj=+2.377 bg=+2.930) mse=3.691(obj=2.720 bg=3.754)  lr=7.01e-04  tot=3.0min
10:22:30  [373/1000]  train nll=+2.805(obj=+2.172 bg=+2.846) mse=3.465(obj=2.401 bg=3.536)  val nll=+2.632(obj=+1.995 bg=+2.673) mse=3.366(obj=2.305 bg=3.436)  lr=6.99e-04  tot=3.0min
10:22:30  [374/1000]  train nll=+2.914(obj=+2.352 bg=+2.950) mse=3.626(obj=2.437 bg=3.702)  val nll=+2.743(obj=+2.156 bg=+2.782) mse=3.319(obj=2.160 bg=3.395)  lr=6.98e-04  tot=3.0min
10:22:30  [375/1000]  train nll=+2.829(obj=+2.220 bg=+2.868) mse=3.602(obj=2.432 bg=3.678)  val nll=+2.574(obj=+1.994 bg=+2.612) mse=3.268(obj=2.186 bg=3.338)  lr=6.96e-04  tot=3.0min
10:22:31  [376/1000]  train nll=+2.835(obj=+2.145 bg=+2.879) mse=3.588(obj=2.317 bg=3.670)  val nll=+2.514(obj=+1.764 bg=+2.562) mse=3.016(obj=1.830 bg=3.093)  lr=6.95e-04  tot=3.0min
10:22:31    ↳ saved (val_nll=2.5139)
10:22:31  [377/1000]  train nll=+2.712(obj=+2.062 bg=+2.752) mse=3.377(obj=2.327 bg=3.444)  val nll=+2.866(obj=+2.201 bg=+2.909) mse=3.362(obj=2.334 bg=3.428)  lr=6.93e-04  tot=3.0min
10:22:32  [378/1000]  train nll=+2.756(obj=+2.115 bg=+2.797) mse=3.477(obj=2.307 bg=3.552)  val nll=+2.969(obj=+2.601 bg=+2.994) mse=3.589(obj=2.614 bg=3.653)  lr=6.92e-04  tot=3.0min
10:22:32  [379/1000]  train nll=+2.923(obj=+2.363 bg=+2.958) mse=3.628(obj=2.519 bg=3.698)  val nll=+2.499(obj=+1.824 bg=+2.542) mse=3.096(obj=1.958 bg=3.170)  lr=6.90e-04  tot=3.0min
10:22:32    ↳ saved (val_nll=2.4986)
10:22:33  [380/1000]  train nll=+2.816(obj=+2.240 bg=+2.853) mse=3.440(obj=2.348 bg=3.511)  val nll=+2.676(obj=+2.019 bg=+2.719) mse=3.273(obj=2.087 bg=3.351)  lr=6.89e-04  tot=3.0min
10:22:33  [381/1000]  train nll=+2.840(obj=+2.188 bg=+2.883) mse=3.515(obj=2.296 bg=3.596)  val nll=+2.676(obj=+2.125 bg=+2.713) mse=3.236(obj=2.245 bg=3.301)  lr=6.87e-04  tot=3.0min
10:22:34  [382/1000]  train nll=+2.776(obj=+2.192 bg=+2.813) mse=3.613(obj=2.400 bg=3.690)  val nll=+2.730(obj=+2.079 bg=+2.772) mse=3.341(obj=2.279 bg=3.410)  lr=6.86e-04  tot=3.0min
10:22:34  [383/1000]  train nll=+2.692(obj=+1.989 bg=+2.736) mse=3.522(obj=2.204 bg=3.604)  val nll=+2.594(obj=+1.953 bg=+2.636) mse=3.160(obj=2.144 bg=3.227)  lr=6.85e-04  tot=3.0min
10:22:34  [384/1000]  train nll=+2.731(obj=+2.128 bg=+2.768) mse=3.500(obj=2.334 bg=3.572)  val nll=+2.424(obj=+1.722 bg=+2.470) mse=3.049(obj=1.858 bg=3.127)  lr=6.83e-04  tot=3.1min
10:22:34    ↳ saved (val_nll=2.4239)
10:22:35  [385/1000]  train nll=+2.625(obj=+1.860 bg=+2.674) mse=3.267(obj=1.996 bg=3.348)  val nll=+2.876(obj=+2.051 bg=+2.929) mse=3.495(obj=2.190 bg=3.580)  lr=6.82e-04  tot=3.1min
10:22:35  [386/1000]  train nll=+2.796(obj=+2.231 bg=+2.832) mse=3.383(obj=2.352 bg=3.449)  val nll=+2.742(obj=+2.105 bg=+2.782) mse=3.352(obj=2.204 bg=3.425)  lr=6.80e-04  tot=3.1min
10:22:36  [387/1000]  train nll=+2.697(obj=+2.062 bg=+2.737) mse=3.404(obj=2.251 bg=3.477)  val nll=+2.536(obj=+1.868 bg=+2.579) mse=3.112(obj=2.045 bg=3.181)  lr=6.79e-04  tot=3.1min
10:22:36  [388/1000]  train nll=+2.704(obj=+2.115 bg=+2.743) mse=3.388(obj=2.353 bg=3.455)  val nll=+2.508(obj=+1.756 bg=+2.556) mse=3.106(obj=1.952 bg=3.179)  lr=6.77e-04  tot=3.1min
10:22:37  [389/1000]  train nll=+2.735(obj=+2.020 bg=+2.780) mse=3.342(obj=2.236 bg=3.411)  val nll=+2.686(obj=+2.194 bg=+2.717) mse=3.159(obj=2.194 bg=3.222)  lr=6.76e-04  tot=3.1min
10:22:37  [390/1000]  train nll=+2.765(obj=+2.283 bg=+2.796) mse=3.319(obj=2.309 bg=3.386)  val nll=+2.623(obj=+1.900 bg=+2.669) mse=3.245(obj=2.030 bg=3.323)  lr=6.74e-04  tot=3.1min
10:22:38  [391/1000]  train nll=+2.889(obj=+2.272 bg=+2.926) mse=3.622(obj=2.527 bg=3.691)  val nll=+2.663(obj=+1.958 bg=+2.708) mse=3.281(obj=2.095 bg=3.358)  lr=6.73e-04  tot=3.1min
10:22:38  [392/1000]  train nll=+2.704(obj=+2.046 bg=+2.746) mse=3.349(obj=2.215 bg=3.423)  val nll=+2.487(obj=+1.782 bg=+2.531) mse=3.173(obj=1.950 bg=3.251)  lr=6.71e-04  tot=3.1min
10:22:38  [393/1000]  train nll=+2.682(obj=+1.937 bg=+2.730) mse=3.375(obj=2.116 bg=3.457)  val nll=+2.703(obj=+2.297 bg=+2.727) mse=3.185(obj=2.232 bg=3.245)  lr=6.70e-04  tot=3.1min
10:22:39  [394/1000]  train nll=+2.874(obj=+2.179 bg=+2.916) mse=3.546(obj=2.248 bg=3.624)  val nll=+2.551(obj=+1.847 bg=+2.597) mse=3.200(obj=1.965 bg=3.281)  lr=6.68e-04  tot=3.1min
10:22:39  [395/1000]  train nll=+2.755(obj=+2.025 bg=+2.802) mse=3.299(obj=2.154 bg=3.371)  val nll=+2.722(obj=+2.321 bg=+2.748) mse=3.291(obj=2.416 bg=3.348)  lr=6.67e-04  tot=3.1min
10:22:40  [396/1000]  train nll=+2.961(obj=+2.330 bg=+3.002) mse=3.658(obj=2.500 bg=3.733)  val nll=+2.734(obj=+2.067 bg=+2.778) mse=3.204(obj=2.183 bg=3.272)  lr=6.65e-04  tot=3.1min
10:22:40  [397/1000]  train nll=+3.039(obj=+2.151 bg=+3.096) mse=3.423(obj=2.250 bg=3.498)  val nll=+3.036(obj=+2.363 bg=+3.079) mse=3.705(obj=2.504 bg=3.783)  lr=6.64e-04  tot=3.2min
10:22:41  [398/1000]  train nll=+2.970(obj=+2.321 bg=+3.011) mse=3.672(obj=2.551 bg=3.743)  val nll=+2.879(obj=+2.272 bg=+2.918) mse=3.553(obj=2.412 bg=3.627)  lr=6.62e-04  tot=3.2min
10:22:41  [399/1000]  train nll=+2.763(obj=+2.221 bg=+2.797) mse=3.328(obj=2.333 bg=3.391)  val nll=+2.518(obj=+1.878 bg=+2.559) mse=3.081(obj=2.006 bg=3.150)  lr=6.61e-04  tot=3.2min
10:22:42  [400/1000]  train nll=+2.597(obj=+2.036 bg=+2.631) mse=3.115(obj=2.095 bg=3.178)  val nll=+2.512(obj=+1.841 bg=+2.556) mse=3.064(obj=1.970 bg=3.135)  lr=6.59e-04  tot=3.2min
10:22:42  [401/1000]  train nll=+2.748(obj=+2.068 bg=+2.792) mse=3.425(obj=2.268 bg=3.499)  val nll=+2.763(obj=+2.044 bg=+2.809) mse=3.437(obj=2.208 bg=3.516)  lr=6.58e-04  tot=3.2min
10:22:43  [402/1000]  train nll=+2.865(obj=+2.160 bg=+2.910) mse=3.612(obj=2.324 bg=3.692)  val nll=+2.616(obj=+1.903 bg=+2.660) mse=3.279(obj=2.024 bg=3.357)  lr=6.56e-04  tot=3.2min
10:22:43  [403/1000]  train nll=+2.719(obj=+2.063 bg=+2.761) mse=3.432(obj=2.190 bg=3.511)  val nll=+2.613(obj=+1.755 bg=+2.668) mse=3.289(obj=1.885 bg=3.379)  lr=6.55e-04  tot=3.2min
10:22:44  [404/1000]  train nll=+2.792(obj=+2.113 bg=+2.835) mse=3.529(obj=2.287 bg=3.607)  val nll=+2.823(obj=+2.124 bg=+2.867) mse=3.608(obj=2.277 bg=3.692)  lr=6.53e-04  tot=3.2min
10:22:44  [405/1000]  train nll=+2.736(obj=+2.100 bg=+2.778) mse=3.432(obj=2.321 bg=3.504)  val nll=+2.618(obj=+1.844 bg=+2.666) mse=3.159(obj=1.960 bg=3.234)  lr=6.52e-04  tot=3.2min
10:22:44  [406/1000]  train nll=+2.709(obj=+1.974 bg=+2.757) mse=3.410(obj=2.174 bg=3.491)  val nll=+2.601(obj=+1.806 bg=+2.651) mse=3.269(obj=2.026 bg=3.348)  lr=6.50e-04  tot=3.2min
10:22:45  [407/1000]  train nll=+2.881(obj=+2.263 bg=+2.922) mse=3.611(obj=2.425 bg=3.687)  val nll=+2.561(obj=+1.918 bg=+2.602) mse=3.250(obj=2.156 bg=3.321)  lr=6.49e-04  tot=3.2min
10:22:45  [408/1000]  train nll=+2.666(obj=+1.961 bg=+2.709) mse=3.326(obj=2.181 bg=3.397)  val nll=+2.596(obj=+1.925 bg=+2.640) mse=3.232(obj=2.174 bg=3.301)  lr=6.47e-04  tot=3.2min
10:22:46  [409/1000]  train nll=+2.786(obj=+2.107 bg=+2.827) mse=3.455(obj=2.232 bg=3.531)  val nll=+2.702(obj=+2.023 bg=+2.745) mse=3.221(obj=2.111 bg=3.293)  lr=6.46e-04  tot=3.2min
10:22:46  [410/1000]  train nll=+2.798(obj=+2.169 bg=+2.839) mse=3.554(obj=2.426 bg=3.627)  val nll=+2.702(obj=+2.133 bg=+2.740) mse=3.324(obj=2.283 bg=3.392)  lr=6.44e-04  tot=3.3min
10:22:47  [411/1000]  train nll=+2.785(obj=+2.228 bg=+2.819) mse=3.352(obj=2.408 bg=3.411)  val nll=+2.652(obj=+2.040 bg=+2.692) mse=3.304(obj=2.241 bg=3.374)  lr=6.43e-04  tot=3.3min
10:22:47  [412/1000]  train nll=+2.668(obj=+2.040 bg=+2.707) mse=3.254(obj=2.260 bg=3.316)  val nll=+2.539(obj=+1.696 bg=+2.594) mse=3.175(obj=1.836 bg=3.262)  lr=6.41e-04  tot=3.3min
10:22:48  [413/1000]  train nll=+2.686(obj=+2.028 bg=+2.729) mse=3.435(obj=2.208 bg=3.516)  val nll=+2.481(obj=+1.864 bg=+2.521) mse=3.083(obj=2.133 bg=3.146)  lr=6.40e-04  tot=3.3min
10:22:48  [414/1000]  train nll=+2.736(obj=+2.046 bg=+2.780) mse=3.430(obj=2.231 bg=3.506)  val nll=+2.488(obj=+1.753 bg=+2.535) mse=3.081(obj=1.913 bg=3.155)  lr=6.38e-04  tot=3.3min
10:22:49  [415/1000]  train nll=+2.527(obj=+1.839 bg=+2.571) mse=3.208(obj=2.024 bg=3.283)  val nll=+2.358(obj=+1.751 bg=+2.397) mse=2.800(obj=1.906 bg=2.858)  lr=6.37e-04  tot=3.3min
10:22:49    ↳ saved (val_nll=2.3580)
10:22:49  [416/1000]  train nll=+2.933(obj=+2.332 bg=+2.973) mse=3.404(obj=2.329 bg=3.474)  val nll=+2.730(obj=+2.183 bg=+2.765) mse=3.250(obj=2.317 bg=3.310)  lr=6.35e-04  tot=3.3min
10:22:50  [417/1000]  train nll=+2.803(obj=+2.233 bg=+2.838) mse=3.438(obj=2.366 bg=3.503)  val nll=+2.693(obj=+1.993 bg=+2.737) mse=3.175(obj=2.161 bg=3.241)  lr=6.34e-04  tot=3.3min
10:22:50  [418/1000]  train nll=+2.812(obj=+2.129 bg=+2.855) mse=3.399(obj=2.196 bg=3.477)  val nll=+3.013(obj=+2.424 bg=+3.051) mse=3.683(obj=2.581 bg=3.755)  lr=6.32e-04  tot=3.3min
10:22:51  [419/1000]  train nll=+2.885(obj=+2.207 bg=+2.927) mse=3.693(obj=2.356 bg=3.777)  val nll=+2.513(obj=+1.831 bg=+2.556) mse=3.088(obj=1.939 bg=3.163)  lr=6.31e-04  tot=3.3min
10:22:51  [420/1000]  train nll=+2.624(obj=+1.966 bg=+2.666) mse=3.211(obj=2.139 bg=3.280)  val nll=+2.461(obj=+1.790 bg=+2.505) mse=3.026(obj=1.986 bg=3.093)  lr=6.29e-04  tot=3.3min
10:22:52  [421/1000]  train nll=+2.500(obj=+1.884 bg=+2.539) mse=3.178(obj=2.059 bg=3.252)  val nll=+2.422(obj=+1.658 bg=+2.471) mse=3.054(obj=1.886 bg=3.130)  lr=6.28e-04  tot=3.3min
10:22:52  [422/1000]  train nll=+2.489(obj=+1.864 bg=+2.529) mse=3.027(obj=1.992 bg=3.094)  val nll=+2.565(obj=+1.639 bg=+2.623) mse=2.790(obj=1.819 bg=2.851)  lr=6.26e-04  tot=3.4min
10:22:53  [423/1000]  train nll=+2.543(obj=+1.868 bg=+2.585) mse=3.072(obj=1.996 bg=3.139)  val nll=+2.381(obj=+1.751 bg=+2.422) mse=2.823(obj=1.818 bg=2.888)  lr=6.25e-04  tot=3.4min
10:22:53  [424/1000]  train nll=+2.504(obj=+1.741 bg=+2.552) mse=3.150(obj=1.893 bg=3.230)  val nll=+2.743(obj=+1.701 bg=+2.809) mse=3.241(obj=2.038 bg=3.317)  lr=6.23e-04  tot=3.4min
10:22:54  [425/1000]  train nll=+2.593(obj=+1.877 bg=+2.638) mse=3.373(obj=2.057 bg=3.455)  val nll=+2.621(obj=+2.037 bg=+2.659) mse=3.142(obj=2.172 bg=3.206)  lr=6.22e-04  tot=3.4min
10:22:54  [426/1000]  train nll=+2.644(obj=+1.964 bg=+2.687) mse=3.222(obj=2.132 bg=3.292)  val nll=+2.466(obj=+1.793 bg=+2.509) mse=3.106(obj=1.996 bg=3.179)  lr=6.20e-04  tot=3.4min
10:22:54  [427/1000]  train nll=+2.584(obj=+1.911 bg=+2.626) mse=3.141(obj=2.019 bg=3.212)  val nll=+2.448(obj=+1.718 bg=+2.495) mse=2.998(obj=1.827 bg=3.072)  lr=6.18e-04  tot=3.4min
10:22:55  [428/1000]  train nll=+2.536(obj=+1.797 bg=+2.582) mse=3.088(obj=1.934 bg=3.160)  val nll=+2.337(obj=+1.675 bg=+2.380) mse=2.822(obj=1.779 bg=2.890)  lr=6.17e-04  tot=3.4min
10:22:55    ↳ saved (val_nll=2.3371)
10:22:55  [429/1000]  train nll=+2.544(obj=+1.747 bg=+2.595) mse=3.082(obj=1.906 bg=3.157)  val nll=+2.545(obj=+1.572 bg=+2.608) mse=3.134(obj=1.810 bg=3.222)  lr=6.15e-04  tot=3.4min
10:22:56  [430/1000]  train nll=+2.502(obj=+1.851 bg=+2.545) mse=3.092(obj=1.959 bg=3.167)  val nll=+2.507(obj=+1.898 bg=+2.546) mse=3.123(obj=2.051 bg=3.193)  lr=6.14e-04  tot=3.4min
10:22:56  [431/1000]  train nll=+2.518(obj=+1.902 bg=+2.556) mse=3.001(obj=2.042 bg=3.060)  val nll=+2.477(obj=+1.870 bg=+2.516) mse=3.010(obj=2.061 bg=3.072)  lr=6.12e-04  tot=3.4min
10:22:57  [432/1000]  train nll=+2.555(obj=+1.882 bg=+2.596) mse=3.244(obj=2.110 bg=3.314)  val nll=+2.648(obj=+1.870 bg=+2.697) mse=3.403(obj=2.112 bg=3.485)  lr=6.11e-04  tot=3.4min
10:22:57  [433/1000]  train nll=+2.633(obj=+1.996 bg=+2.674) mse=3.248(obj=2.148 bg=3.319)  val nll=+2.306(obj=+1.699 bg=+2.345) mse=2.715(obj=1.805 bg=2.774)  lr=6.09e-04  tot=3.4min
10:22:57    ↳ saved (val_nll=2.3063)
10:22:58  [434/1000]  train nll=+2.500(obj=+1.834 bg=+2.542) mse=3.073(obj=1.975 bg=3.141)  val nll=+2.612(obj=+1.924 bg=+2.657) mse=3.084(obj=2.164 bg=3.145)  lr=6.08e-04  tot=3.4min
10:22:58  [435/1000]  train nll=+2.676(obj=+2.117 bg=+2.710) mse=3.274(obj=2.274 bg=3.335)  val nll=+2.537(obj=+1.924 bg=+2.576) mse=3.131(obj=2.090 bg=3.199)  lr=6.06e-04  tot=3.5min
10:22:59  [436/1000]  train nll=+2.533(obj=+1.841 bg=+2.578) mse=3.186(obj=1.971 bg=3.265)  val nll=+2.288(obj=+1.521 bg=+2.339) mse=2.985(obj=1.752 bg=3.067)  lr=6.05e-04  tot=3.5min
10:22:59    ↳ saved (val_nll=2.2879)
10:22:59  [437/1000]  train nll=+2.666(obj=+1.919 bg=+2.713) mse=3.259(obj=2.121 bg=3.332)  val nll=+2.706(obj=+2.072 bg=+2.747) mse=3.317(obj=2.351 bg=3.379)  lr=6.03e-04  tot=3.5min
10:23:00  [438/1000]  train nll=+2.582(obj=+1.906 bg=+2.624) mse=3.164(obj=1.966 bg=3.240)  val nll=+2.351(obj=+1.688 bg=+2.394) mse=2.820(obj=1.811 bg=2.885)  lr=6.02e-04  tot=3.5min
10:23:00  [439/1000]  train nll=+2.522(obj=+1.928 bg=+2.559) mse=3.112(obj=2.140 bg=3.171)  val nll=+2.478(obj=+1.821 bg=+2.521) mse=2.964(obj=1.917 bg=3.033)  lr=6.00e-04  tot=3.5min
10:23:00  [440/1000]  train nll=+2.486(obj=+1.735 bg=+2.534) mse=3.073(obj=1.886 bg=3.149)  val nll=+2.469(obj=+1.691 bg=+2.518) mse=2.930(obj=1.846 bg=2.998)  lr=5.98e-04  tot=3.5min
10:23:01  [441/1000]  train nll=+2.479(obj=+1.715 bg=+2.527) mse=3.099(obj=1.936 bg=3.172)  val nll=+2.403(obj=+1.770 bg=+2.445) mse=2.824(obj=1.927 bg=2.883)  lr=5.97e-04  tot=3.5min
10:23:01  [442/1000]  train nll=+2.501(obj=+1.712 bg=+2.551) mse=2.948(obj=1.843 bg=3.018)  val nll=+2.497(obj=+1.887 bg=+2.535) mse=3.034(obj=2.016 bg=3.099)  lr=5.95e-04  tot=3.5min
10:23:02  [443/1000]  train nll=+2.508(obj=+1.892 bg=+2.547) mse=3.106(obj=2.077 bg=3.173)  val nll=+2.373(obj=+1.754 bg=+2.413) mse=2.811(obj=1.788 bg=2.878)  lr=5.94e-04  tot=3.5min
10:23:02  [444/1000]  train nll=+2.585(obj=+1.914 bg=+2.629) mse=3.082(obj=2.001 bg=3.153)  val nll=+2.158(obj=+1.539 bg=+2.198) mse=2.560(obj=1.704 bg=2.617)  lr=5.92e-04  tot=3.5min
10:23:02    ↳ saved (val_nll=2.1577)
10:23:03  [445/1000]  train nll=+2.353(obj=+1.689 bg=+2.396) mse=2.829(obj=1.844 bg=2.893)  val nll=+2.335(obj=+1.561 bg=+2.385) mse=2.863(obj=1.833 bg=2.930)  lr=5.91e-04  tot=3.5min
10:23:03  [446/1000]  train nll=+2.535(obj=+1.851 bg=+2.579) mse=3.187(obj=2.088 bg=3.260)  val nll=+2.279(obj=+1.527 bg=+2.326) mse=2.912(obj=1.789 bg=2.984)  lr=5.89e-04  tot=3.5min
10:23:04  [447/1000]  train nll=+2.589(obj=+2.012 bg=+2.625) mse=3.062(obj=2.055 bg=3.124)  val nll=+2.502(obj=+1.813 bg=+2.548) mse=2.982(obj=1.944 bg=3.051)  lr=5.88e-04  tot=3.5min
10:23:04  [448/1000]  train nll=+2.501(obj=+1.709 bg=+2.552) mse=3.133(obj=1.906 bg=3.212)  val nll=+2.393(obj=+1.767 bg=+2.432) mse=2.972(obj=1.867 bg=3.043)  lr=5.86e-04  tot=3.6min
10:23:05  [449/1000]  train nll=+2.437(obj=+1.744 bg=+2.481) mse=3.005(obj=1.878 bg=3.075)  val nll=+2.281(obj=+1.481 bg=+2.333) mse=2.858(obj=1.669 bg=2.935)  lr=5.84e-04  tot=3.6min
10:23:05  [450/1000]  train nll=+2.474(obj=+1.841 bg=+2.516) mse=3.050(obj=2.020 bg=3.119)  val nll=+2.462(obj=+1.733 bg=+2.511) mse=3.150(obj=2.027 bg=3.225)  lr=5.83e-04  tot=3.6min
10:23:06  [451/1000]  train nll=+2.593(obj=+1.838 bg=+2.642) mse=3.207(obj=2.001 bg=3.284)  val nll=+2.398(obj=+1.689 bg=+2.444) mse=2.959(obj=1.919 bg=3.026)  lr=5.81e-04  tot=3.6min
10:23:06  [452/1000]  train nll=+2.440(obj=+1.761 bg=+2.482) mse=3.004(obj=1.950 bg=3.069)  val nll=+2.288(obj=+1.581 bg=+2.334) mse=2.792(obj=1.779 bg=2.859)  lr=5.80e-04  tot=3.6min
10:23:07  [453/1000]  train nll=+2.438(obj=+1.670 bg=+2.485) mse=3.027(obj=1.871 bg=3.099)  val nll=+2.294(obj=+1.560 bg=+2.341) mse=2.921(obj=1.774 bg=2.996)  lr=5.78e-04  tot=3.6min
10:23:07  [454/1000]  train nll=+2.448(obj=+1.737 bg=+2.494) mse=2.976(obj=1.940 bg=3.043)  val nll=+2.360(obj=+1.741 bg=+2.401) mse=2.986(obj=1.863 bg=3.060)  lr=5.77e-04  tot=3.6min
10:23:08  [455/1000]  train nll=+2.456(obj=+1.776 bg=+2.495) mse=3.050(obj=1.967 bg=3.113)  val nll=+2.323(obj=+1.529 bg=+2.374) mse=2.844(obj=1.710 bg=2.918)  lr=5.75e-04  tot=3.6min
10:23:08  [456/1000]  train nll=+2.445(obj=+1.819 bg=+2.485) mse=3.001(obj=1.907 bg=3.070)  val nll=+2.354(obj=+1.621 bg=+2.400) mse=2.864(obj=1.803 bg=2.932)  lr=5.74e-04  tot=3.6min
10:23:09  [457/1000]  train nll=+2.507(obj=+1.840 bg=+2.550) mse=3.133(obj=1.963 bg=3.207)  val nll=+2.417(obj=+1.908 bg=+2.450) mse=3.087(obj=2.135 bg=3.149)  lr=5.72e-04  tot=3.6min
10:23:09  [458/1000]  train nll=+2.454(obj=+1.768 bg=+2.499) mse=2.969(obj=1.975 bg=3.035)  val nll=+2.143(obj=+1.484 bg=+2.186) mse=2.606(obj=1.685 bg=2.667)  lr=5.70e-04  tot=3.6min
10:23:09    ↳ saved (val_nll=2.1432)
10:23:10  [459/1000]  train nll=+2.365(obj=+1.698 bg=+2.408) mse=2.835(obj=1.797 bg=2.901)  val nll=+2.195(obj=+1.472 bg=+2.242) mse=2.709(obj=1.678 bg=2.777)  lr=5.69e-04  tot=3.6min
10:23:10  [460/1000]  train nll=+2.360(obj=+1.658 bg=+2.404) mse=2.849(obj=1.839 bg=2.911)  val nll=+2.249(obj=+1.581 bg=+2.292) mse=2.821(obj=1.742 bg=2.891)  lr=5.67e-04  tot=3.7min
10:23:11  [461/1000]  train nll=+2.331(obj=+1.714 bg=+2.370) mse=2.857(obj=1.920 bg=2.915)  val nll=+2.503(obj=+1.734 bg=+2.552) mse=3.080(obj=2.109 bg=3.142)  lr=5.66e-04  tot=3.7min
10:23:11  [462/1000]  train nll=+2.516(obj=+1.798 bg=+2.561) mse=3.253(obj=2.006 bg=3.331)  val nll=+2.251(obj=+1.499 bg=+2.299) mse=2.752(obj=1.684 bg=2.820)  lr=5.64e-04  tot=3.7min
10:23:12  [463/1000]  train nll=+2.415(obj=+1.591 bg=+2.466) mse=2.939(obj=1.753 bg=3.014)  val nll=+2.164(obj=+1.535 bg=+2.205) mse=2.608(obj=1.742 bg=2.665)  lr=5.63e-04  tot=3.7min
10:23:12  [464/1000]  train nll=+2.525(obj=+1.751 bg=+2.575) mse=3.095(obj=1.953 bg=3.168)  val nll=+2.634(obj=+1.906 bg=+2.681) mse=3.415(obj=2.126 bg=3.499)  lr=5.61e-04  tot=3.7min
10:23:13  [465/1000]  train nll=+2.561(obj=+1.838 bg=+2.608) mse=3.136(obj=1.968 bg=3.213)  val nll=+2.586(obj=+1.994 bg=+2.624) mse=3.108(obj=2.021 bg=3.177)  lr=5.60e-04  tot=3.7min
10:23:13  [466/1000]  train nll=+2.537(obj=+1.876 bg=+2.576) mse=3.044(obj=2.002 bg=3.107)  val nll=+2.332(obj=+1.687 bg=+2.374) mse=2.845(obj=1.885 bg=2.907)  lr=5.58e-04  tot=3.7min
10:23:14  [467/1000]  train nll=+2.455(obj=+1.696 bg=+2.503) mse=2.997(obj=1.854 bg=3.069)  val nll=+2.363(obj=+1.658 bg=+2.409) mse=2.901(obj=1.801 bg=2.973)  lr=5.56e-04  tot=3.7min
10:23:14  [468/1000]  train nll=+2.413(obj=+1.594 bg=+2.466) mse=2.988(obj=1.783 bg=3.068)  val nll=+2.174(obj=+1.315 bg=+2.230) mse=2.649(obj=1.486 bg=2.726)  lr=5.55e-04  tot=3.7min
10:23:15  [469/1000]  train nll=+2.510(obj=+1.762 bg=+2.556) mse=3.042(obj=1.907 bg=3.112)  val nll=+2.235(obj=+1.519 bg=+2.281) mse=2.777(obj=1.744 bg=2.844)  lr=5.53e-04  tot=3.7min
10:23:15  [470/1000]  train nll=+2.505(obj=+1.774 bg=+2.551) mse=3.031(obj=1.905 bg=3.101)  val nll=+2.315(obj=+1.612 bg=+2.361) mse=2.652(obj=1.705 bg=2.714)  lr=5.52e-04  tot=3.7min
10:23:16  [471/1000]  train nll=+2.397(obj=+1.638 bg=+2.445) mse=2.880(obj=1.841 bg=2.946)  val nll=+2.473(obj=+1.712 bg=+2.522) mse=3.050(obj=1.930 bg=3.125)  lr=5.50e-04  tot=3.7min
10:23:16  [472/1000]  train nll=+2.662(obj=+2.068 bg=+2.701) mse=3.144(obj=2.105 bg=3.212)  val nll=+2.372(obj=+1.579 bg=+2.423) mse=2.850(obj=1.786 bg=2.918)  lr=5.49e-04  tot=3.8min
10:23:17  [473/1000]  train nll=+2.441(obj=+1.715 bg=+2.488) mse=3.034(obj=1.910 bg=3.107)  val nll=+2.324(obj=+1.429 bg=+2.383) mse=2.861(obj=1.653 bg=2.940)  lr=5.47e-04  tot=3.8min
10:23:17  [474/1000]  train nll=+2.448(obj=+1.701 bg=+2.495) mse=3.015(obj=1.940 bg=3.082)  val nll=+2.257(obj=+1.583 bg=+2.300) mse=2.768(obj=1.801 bg=2.830)  lr=5.45e-04  tot=3.8min
10:23:18  [475/1000]  train nll=+2.422(obj=+1.716 bg=+2.466) mse=2.950(obj=1.873 bg=3.018)  val nll=+2.230(obj=+1.506 bg=+2.276) mse=2.687(obj=1.678 bg=2.752)  lr=5.44e-04  tot=3.8min
10:23:18  [476/1000]  train nll=+2.397(obj=+1.734 bg=+2.439) mse=2.957(obj=1.928 bg=3.021)  val nll=+2.210(obj=+1.464 bg=+2.258) mse=2.797(obj=1.806 bg=2.861)  lr=5.42e-04  tot=3.8min
10:23:19  [477/1000]  train nll=+2.265(obj=+1.605 bg=+2.306) mse=2.786(obj=1.824 bg=2.845)  val nll=+2.138(obj=+1.357 bg=+2.189) mse=2.729(obj=1.565 bg=2.804)  lr=5.41e-04  tot=3.8min
10:23:19    ↳ saved (val_nll=2.1384)
10:23:19  [478/1000]  train nll=+2.464(obj=+1.703 bg=+2.512) mse=2.878(obj=1.841 bg=2.944)  val nll=+2.414(obj=+1.975 bg=+2.443) mse=2.863(obj=2.122 bg=2.912)  lr=5.39e-04  tot=3.8min
10:23:20  [479/1000]  train nll=+2.498(obj=+1.830 bg=+2.539) mse=2.997(obj=1.988 bg=3.061)  val nll=+2.206(obj=+1.548 bg=+2.249) mse=2.708(obj=1.692 bg=2.774)  lr=5.38e-04  tot=3.8min
10:23:20  [480/1000]  train nll=+2.305(obj=+1.677 bg=+2.345) mse=2.949(obj=1.897 bg=3.016)  val nll=+2.078(obj=+1.472 bg=+2.118) mse=2.505(obj=1.611 bg=2.565)  lr=5.36e-04  tot=3.8min
10:23:20    ↳ saved (val_nll=2.0779)
10:23:20  [481/1000]  train nll=+2.328(obj=+1.622 bg=+2.372) mse=2.908(obj=1.796 bg=2.978)  val nll=+2.174(obj=+1.357 bg=+2.227) mse=2.705(obj=1.582 bg=2.779)  lr=5.34e-04  tot=3.8min
10:23:21  [482/1000]  train nll=+2.311(obj=+1.576 bg=+2.358) mse=2.902(obj=1.760 bg=2.976)  val nll=+2.303(obj=+1.577 bg=+2.349) mse=2.764(obj=1.751 bg=2.829)  lr=5.33e-04  tot=3.8min
10:23:21  [483/1000]  train nll=+2.457(obj=+1.660 bg=+2.509) mse=2.962(obj=1.818 bg=3.035)  val nll=+2.305(obj=+1.531 bg=+2.355) mse=2.781(obj=1.728 bg=2.850)  lr=5.31e-04  tot=3.8min
10:23:22  [484/1000]  train nll=+2.410(obj=+1.652 bg=+2.457) mse=2.768(obj=1.799 bg=2.829)  val nll=+2.167(obj=+1.461 bg=+2.213) mse=2.642(obj=1.690 bg=2.705)  lr=5.30e-04  tot=3.8min
10:23:22  [485/1000]  train nll=+2.353(obj=+1.625 bg=+2.399) mse=2.860(obj=1.851 bg=2.924)  val nll=+2.279(obj=+1.563 bg=+2.325) mse=2.735(obj=1.779 bg=2.796)  lr=5.28e-04  tot=3.9min
10:23:23  [486/1000]  train nll=+2.334(obj=+1.632 bg=+2.378) mse=2.899(obj=1.812 bg=2.966)  val nll=+2.062(obj=+1.309 bg=+2.110) mse=2.559(obj=1.550 bg=2.624)  lr=5.27e-04  tot=3.9min
10:23:23    ↳ saved (val_nll=2.0615)
10:23:23  [487/1000]  train nll=+2.325(obj=+1.603 bg=+2.371) mse=2.750(obj=1.761 bg=2.811)  val nll=+1.985(obj=+1.241 bg=+2.033) mse=2.441(obj=1.500 bg=2.503)  lr=5.25e-04  tot=3.9min
10:23:23    ↳ saved (val_nll=1.9849)
10:23:24  [488/1000]  train nll=+2.330(obj=+1.781 bg=+2.364) mse=2.771(obj=1.906 bg=2.826)  val nll=+2.501(obj=+1.863 bg=+2.542) mse=2.995(obj=1.955 bg=3.063)  lr=5.23e-04  tot=3.9min
10:23:24  [489/1000]  train nll=+2.339(obj=+1.605 bg=+2.384) mse=2.914(obj=1.792 bg=2.984)  val nll=+2.508(obj=+1.810 bg=+2.553) mse=2.869(obj=1.858 bg=2.934)  lr=5.22e-04  tot=3.9min
10:23:24  [490/1000]  train nll=+2.353(obj=+1.694 bg=+2.395) mse=2.823(obj=1.864 bg=2.884)  val nll=+2.119(obj=+1.459 bg=+2.161) mse=2.580(obj=1.652 bg=2.641)  lr=5.20e-04  tot=3.9min
10:23:25  [491/1000]  train nll=+2.239(obj=+1.590 bg=+2.280) mse=2.740(obj=1.799 bg=2.800)  val nll=+2.010(obj=+1.198 bg=+2.062) mse=2.466(obj=1.470 bg=2.530)  lr=5.19e-04  tot=3.9min
10:23:25  [492/1000]  train nll=+2.238(obj=+1.610 bg=+2.278) mse=2.826(obj=1.744 bg=2.895)  val nll=+2.178(obj=+1.365 bg=+2.230) mse=2.722(obj=1.555 bg=2.798)  lr=5.17e-04  tot=3.9min
10:23:26  [493/1000]  train nll=+2.355(obj=+1.592 bg=+2.405) mse=2.870(obj=1.733 bg=2.944)  val nll=+2.070(obj=+1.294 bg=+2.120) mse=2.451(obj=1.453 bg=2.516)  lr=5.15e-04  tot=3.9min
10:23:26  [494/1000]  train nll=+2.289(obj=+1.634 bg=+2.332) mse=2.749(obj=1.771 bg=2.812)  val nll=+2.236(obj=+1.345 bg=+2.293) mse=2.659(obj=1.498 bg=2.734)  lr=5.14e-04  tot=3.9min
10:23:27  [495/1000]  train nll=+2.189(obj=+1.445 bg=+2.236) mse=2.631(obj=1.655 bg=2.693)  val nll=+2.166(obj=+1.421 bg=+2.214) mse=2.529(obj=1.622 bg=2.587)  lr=5.12e-04  tot=3.9min
10:23:27  [496/1000]  train nll=+2.466(obj=+1.693 bg=+2.515) mse=2.904(obj=1.859 bg=2.971)  val nll=+2.238(obj=+1.567 bg=+2.280) mse=2.627(obj=1.698 bg=2.687)  lr=5.11e-04  tot=3.9min
10:23:28  [497/1000]  train nll=+2.284(obj=+1.540 bg=+2.331) mse=2.807(obj=1.702 bg=2.875)  val nll=+2.136(obj=+1.356 bg=+2.188) mse=2.636(obj=1.580 bg=2.706)  lr=5.09e-04  tot=3.9min
10:23:28  [498/1000]  train nll=+2.278(obj=+1.630 bg=+2.317) mse=2.736(obj=1.807 bg=2.792)  val nll=+2.044(obj=+1.215 bg=+2.097) mse=2.502(obj=1.395 bg=2.574)  lr=5.08e-04  tot=4.0min
10:23:29  [499/1000]  train nll=+2.240(obj=+1.535 bg=+2.286) mse=2.727(obj=1.708 bg=2.793)  val nll=+2.119(obj=+1.459 bg=+2.160) mse=2.608(obj=1.702 bg=2.666)  lr=5.06e-04  tot=4.0min
10:23:29  [500/1000]  train nll=+2.435(obj=+1.715 bg=+2.480) mse=3.057(obj=1.893 bg=3.130)  val nll=+2.405(obj=+1.620 bg=+2.455) mse=2.984(obj=1.854 bg=3.057)  lr=5.04e-04  tot=4.0min
10:23:30  [501/1000]  train nll=+2.233(obj=+1.503 bg=+2.279) mse=2.705(obj=1.704 bg=2.767)  val nll=+2.042(obj=+1.334 bg=+2.087) mse=2.544(obj=1.608 bg=2.604)  lr=5.03e-04  tot=4.0min
10:23:30  [502/1000]  train nll=+2.405(obj=+1.704 bg=+2.447) mse=2.912(obj=1.900 bg=2.974)  val nll=+2.165(obj=+1.548 bg=+2.205) mse=2.677(obj=1.773 bg=2.736)  lr=5.01e-04  tot=4.0min
10:23:30  [503/1000]  train nll=+2.234(obj=+1.582 bg=+2.276) mse=2.669(obj=1.702 bg=2.731)  val nll=+2.208(obj=+1.515 bg=+2.254) mse=2.645(obj=1.735 bg=2.706)  lr=5.00e-04  tot=4.0min
10:23:31  [504/1000]  train nll=+2.361(obj=+1.653 bg=+2.406) mse=2.818(obj=1.771 bg=2.885)  val nll=+2.163(obj=+1.383 bg=+2.214) mse=2.701(obj=1.593 bg=2.772)  lr=4.98e-04  tot=4.0min
10:23:31  [505/1000]  train nll=+2.271(obj=+1.582 bg=+2.313) mse=2.786(obj=1.797 bg=2.846)  val nll=+1.954(obj=+1.228 bg=+2.001) mse=2.357(obj=1.475 bg=2.414)  lr=4.97e-04  tot=4.0min
10:23:31    ↳ saved (val_nll=1.9537)
10:23:32  [506/1000]  train nll=+2.487(obj=+1.810 bg=+2.528) mse=3.172(obj=2.043 bg=3.241)  val nll=+2.458(obj=+1.824 bg=+2.498) mse=3.134(obj=2.148 bg=3.197)  lr=4.95e-04  tot=4.0min
10:23:32  [507/1000]  train nll=+2.486(obj=+1.732 bg=+2.533) mse=3.130(obj=1.894 bg=3.209)  val nll=+2.204(obj=+1.692 bg=+2.236) mse=2.533(obj=1.724 bg=2.584)  lr=4.93e-04  tot=4.0min
10:23:33  [508/1000]  train nll=+2.196(obj=+1.497 bg=+2.238) mse=2.673(obj=1.654 bg=2.733)  val nll=+2.378(obj=+1.386 bg=+2.440) mse=2.641(obj=1.643 bg=2.704)  lr=4.92e-04  tot=4.0min
10:23:33  [509/1000]  train nll=+2.304(obj=+1.592 bg=+2.349) mse=2.766(obj=1.828 bg=2.825)  val nll=+2.124(obj=+1.421 bg=+2.169) mse=2.536(obj=1.584 bg=2.598)  lr=4.90e-04  tot=4.0min
10:23:34  [510/1000]  train nll=+2.328(obj=+1.615 bg=+2.373) mse=2.863(obj=1.780 bg=2.932)  val nll=+2.260(obj=+1.713 bg=+2.293) mse=2.616(obj=1.757 bg=2.672)  lr=4.89e-04  tot=4.0min
10:23:34  [511/1000]  train nll=+2.315(obj=+1.669 bg=+2.356) mse=2.815(obj=1.796 bg=2.877)  val nll=+2.064(obj=+1.427 bg=+2.105) mse=2.529(obj=1.634 bg=2.587)  lr=4.87e-04  tot=4.0min
10:23:34  [512/1000]  train nll=+2.475(obj=+1.769 bg=+2.518) mse=3.008(obj=1.899 bg=3.078)  val nll=+2.404(obj=+1.994 bg=+2.431) mse=2.754(obj=2.063 bg=2.800)  lr=4.86e-04  tot=4.1min
10:23:35  [513/1000]  train nll=+2.330(obj=+1.624 bg=+2.374) mse=2.898(obj=1.875 bg=2.962)  val nll=+2.275(obj=+1.715 bg=+2.311) mse=2.783(obj=1.823 bg=2.845)  lr=4.84e-04  tot=4.1min
10:23:36  [514/1000]  train nll=+2.561(obj=+1.991 bg=+2.600) mse=2.957(obj=2.008 bg=3.020)  val nll=+2.161(obj=+1.414 bg=+2.209) mse=2.559(obj=1.515 bg=2.627)  lr=4.82e-04  tot=4.1min
10:23:36  [515/1000]  train nll=+2.318(obj=+1.625 bg=+2.363) mse=2.802(obj=1.732 bg=2.872)  val nll=+2.401(obj=+1.573 bg=+2.454) mse=2.766(obj=1.809 bg=2.828)  lr=4.81e-04  tot=4.1min
10:23:36  [516/1000]  train nll=+2.233(obj=+1.489 bg=+2.281) mse=2.781(obj=1.682 bg=2.850)  val nll=+1.934(obj=+1.220 bg=+1.980) mse=2.602(obj=1.466 bg=2.675)  lr=4.79e-04  tot=4.1min
10:23:36    ↳ saved (val_nll=1.9344)
10:23:37  [517/1000]  train nll=+2.291(obj=+1.594 bg=+2.336) mse=2.586(obj=1.662 bg=2.643)  val nll=+2.234(obj=+1.578 bg=+2.275) mse=2.555(obj=1.653 bg=2.614)  lr=4.78e-04  tot=4.1min
10:23:37  [518/1000]  train nll=+2.389(obj=+1.799 bg=+2.425) mse=2.855(obj=1.887 bg=2.914)  val nll=+2.198(obj=+1.654 bg=+2.232) mse=2.632(obj=1.840 bg=2.683)  lr=4.76e-04  tot=4.1min
10:23:38  [519/1000]  train nll=+2.204(obj=+1.619 bg=+2.241) mse=2.660(obj=1.754 bg=2.716)  val nll=+2.195(obj=+1.460 bg=+2.242) mse=2.674(obj=1.681 bg=2.738)  lr=4.74e-04  tot=4.1min
10:23:38  [520/1000]  train nll=+2.201(obj=+1.457 bg=+2.248) mse=2.755(obj=1.664 bg=2.826)  val nll=+1.979(obj=+1.295 bg=+2.023) mse=2.442(obj=1.577 bg=2.498)  lr=4.73e-04  tot=4.1min
10:23:39  [521/1000]  train nll=+2.349(obj=+1.740 bg=+2.390) mse=2.676(obj=1.786 bg=2.733)  val nll=+2.315(obj=+1.394 bg=+2.374) mse=2.792(obj=1.527 bg=2.873)  lr=4.71e-04  tot=4.1min
10:23:39  [522/1000]  train nll=+2.493(obj=+1.580 bg=+2.549) mse=2.869(obj=1.725 bg=2.939)  val nll=+2.375(obj=+1.748 bg=+2.415) mse=2.946(obj=1.911 bg=3.013)  lr=4.70e-04  tot=4.1min
10:23:40  [523/1000]  train nll=+2.314(obj=+1.753 bg=+2.349) mse=2.829(obj=1.895 bg=2.886)  val nll=+1.972(obj=+1.386 bg=+2.010) mse=2.513(obj=1.616 bg=2.571)  lr=4.68e-04  tot=4.1min
10:23:40  [524/1000]  train nll=+2.286(obj=+1.583 bg=+2.331) mse=2.871(obj=1.760 bg=2.943)  val nll=+2.114(obj=+1.254 bg=+2.168) mse=2.672(obj=1.475 bg=2.749)  lr=4.67e-04  tot=4.2min
10:23:41  [525/1000]  train nll=+2.387(obj=+1.756 bg=+2.427) mse=2.816(obj=1.879 bg=2.874)  val nll=+2.179(obj=+1.423 bg=+2.229) mse=2.737(obj=1.705 bg=2.806)  lr=4.65e-04  tot=4.2min
10:23:41  [526/1000]  train nll=+2.460(obj=+1.794 bg=+2.500) mse=2.995(obj=1.922 bg=3.060)  val nll=+2.282(obj=+1.605 bg=+2.325) mse=2.783(obj=1.788 bg=2.847)  lr=4.63e-04  tot=4.2min
10:23:42  [527/1000]  train nll=+2.360(obj=+1.700 bg=+2.402) mse=2.847(obj=1.854 bg=2.911)  val nll=+2.160(obj=+1.411 bg=+2.208) mse=2.526(obj=1.560 bg=2.587)  lr=4.62e-04  tot=4.2min
10:23:42  [528/1000]  train nll=+2.450(obj=+1.782 bg=+2.492) mse=2.917(obj=1.869 bg=2.982)  val nll=+1.948(obj=+1.203 bg=+1.995) mse=2.380(obj=1.348 bg=2.447)  lr=4.60e-04  tot=4.2min
10:23:42  [529/1000]  train nll=+2.202(obj=+1.427 bg=+2.251) mse=2.725(obj=1.622 bg=2.794)  val nll=+2.023(obj=+1.293 bg=+2.070) mse=2.380(obj=1.530 bg=2.435)  lr=4.59e-04  tot=4.2min
10:23:43  [530/1000]  train nll=+2.175(obj=+1.421 bg=+2.224) mse=2.636(obj=1.658 bg=2.699)  val nll=+2.093(obj=+1.304 bg=+2.145) mse=2.606(obj=1.495 bg=2.680)  lr=4.57e-04  tot=4.2min
10:23:43  [531/1000]  train nll=+2.274(obj=+1.509 bg=+2.322) mse=2.764(obj=1.709 bg=2.828)  val nll=+2.089(obj=+1.323 bg=+2.138) mse=2.585(obj=1.589 bg=2.649)  lr=4.56e-04  tot=4.2min
10:23:44  [532/1000]  train nll=+2.244(obj=+1.651 bg=+2.282) mse=2.715(obj=1.787 bg=2.775)  val nll=+2.270(obj=+1.515 bg=+2.319) mse=2.748(obj=1.598 bg=2.822)  lr=4.54e-04  tot=4.2min
10:23:44  [533/1000]  train nll=+2.230(obj=+1.556 bg=+2.272) mse=2.730(obj=1.742 bg=2.791)  val nll=+1.993(obj=+1.209 bg=+2.045) mse=2.418(obj=1.430 bg=2.483)  lr=4.52e-04  tot=4.2min
10:23:45  [534/1000]  train nll=+2.224(obj=+1.520 bg=+2.269) mse=2.708(obj=1.742 bg=2.770)  val nll=+2.084(obj=+1.582 bg=+2.116) mse=2.557(obj=1.701 bg=2.613)  lr=4.51e-04  tot=4.2min
10:23:45  [535/1000]  train nll=+2.208(obj=+1.575 bg=+2.248) mse=2.723(obj=1.694 bg=2.787)  val nll=+1.932(obj=+1.069 bg=+1.988) mse=2.445(obj=1.322 bg=2.519)  lr=4.49e-04  tot=4.2min
10:23:45    ↳ saved (val_nll=1.9320)
10:23:46  [536/1000]  train nll=+2.276(obj=+1.497 bg=+2.326) mse=2.735(obj=1.686 bg=2.802)  val nll=+1.941(obj=+1.180 bg=+1.990) mse=2.342(obj=1.442 bg=2.399)  lr=4.48e-04  tot=4.2min
10:23:47  [537/1000]  train nll=+2.155(obj=+1.506 bg=+2.195) mse=2.670(obj=1.686 bg=2.731)  val nll=+1.965(obj=+1.157 bg=+2.017) mse=2.473(obj=1.398 bg=2.543)  lr=4.46e-04  tot=4.3min
10:23:47  [538/1000]  train nll=+2.191(obj=+1.518 bg=+2.235) mse=2.647(obj=1.706 bg=2.706)  val nll=+1.978(obj=+1.306 bg=+2.021) mse=2.422(obj=1.557 bg=2.478)  lr=4.45e-04  tot=4.3min
10:23:48  [539/1000]  train nll=+2.081(obj=+1.351 bg=+2.127) mse=2.620(obj=1.605 bg=2.683)  val nll=+1.998(obj=+1.249 bg=+2.046) mse=2.570(obj=1.509 bg=2.638)  lr=4.43e-04  tot=4.3min
10:23:48  [540/1000]  train nll=+2.115(obj=+1.414 bg=+2.159) mse=2.590(obj=1.601 bg=2.652)  val nll=+1.944(obj=+1.224 bg=+1.991) mse=2.409(obj=1.504 bg=2.469)  lr=4.41e-04  tot=4.3min
10:23:49  [541/1000]  train nll=+2.195(obj=+1.725 bg=+2.224) mse=2.677(obj=1.776 bg=2.736)  val nll=+1.986(obj=+1.393 bg=+2.024) mse=2.395(obj=1.534 bg=2.450)  lr=4.40e-04  tot=4.3min
10:23:49  [542/1000]  train nll=+2.137(obj=+1.424 bg=+2.181) mse=2.572(obj=1.586 bg=2.633)  val nll=+2.074(obj=+1.179 bg=+2.132) mse=2.522(obj=1.461 bg=2.592)  lr=4.38e-04  tot=4.3min
10:23:50  [543/1000]  train nll=+2.267(obj=+1.540 bg=+2.313) mse=2.633(obj=1.644 bg=2.696)  val nll=+2.026(obj=+1.191 bg=+2.079) mse=2.378(obj=1.345 bg=2.444)  lr=4.37e-04  tot=4.3min
10:23:50  [544/1000]  train nll=+2.154(obj=+1.401 bg=+2.202) mse=2.516(obj=1.551 bg=2.576)  val nll=+2.197(obj=+1.292 bg=+2.256) mse=2.532(obj=1.456 bg=2.602)  lr=4.35e-04  tot=4.3min
10:23:51  [545/1000]  train nll=+2.118(obj=+1.345 bg=+2.167) mse=2.520(obj=1.542 bg=2.582)  val nll=+1.951(obj=+1.260 bg=+1.995) mse=2.483(obj=1.543 bg=2.543)  lr=4.34e-04  tot=4.3min
10:23:51  [546/1000]  train nll=+2.295(obj=+1.597 bg=+2.338) mse=2.827(obj=1.823 bg=2.888)  val nll=+2.025(obj=+1.304 bg=+2.072) mse=2.517(obj=1.506 bg=2.583)  lr=4.32e-04  tot=4.3min
10:23:51  [547/1000]  train nll=+2.548(obj=+1.545 bg=+2.618) mse=2.833(obj=1.717 bg=2.905)  val nll=+2.116(obj=+1.483 bg=+2.157) mse=2.373(obj=1.464 bg=2.433)  lr=4.31e-04  tot=4.3min
10:23:52  [548/1000]  train nll=+2.248(obj=+1.572 bg=+2.291) mse=2.664(obj=1.729 bg=2.724)  val nll=+1.976(obj=+1.307 bg=+2.019) mse=2.484(obj=1.524 bg=2.547)  lr=4.29e-04  tot=4.3min
10:23:52  [549/1000]  train nll=+2.149(obj=+1.453 bg=+2.195) mse=2.625(obj=1.632 bg=2.691)  val nll=+2.005(obj=+1.320 bg=+2.049) mse=2.504(obj=1.580 bg=2.564)  lr=4.27e-04  tot=4.4min
10:23:53  [550/1000]  train nll=+2.215(obj=+1.422 bg=+2.266) mse=2.639(obj=1.577 bg=2.708)  val nll=+1.955(obj=+1.332 bg=+1.996) mse=2.406(obj=1.584 bg=2.461)  lr=4.26e-04  tot=4.4min
10:23:53  [551/1000]  train nll=+2.208(obj=+1.614 bg=+2.246) mse=2.752(obj=1.770 bg=2.816)  val nll=+1.975(obj=+1.293 bg=+2.019) mse=2.365(obj=1.573 bg=2.417)  lr=4.24e-04  tot=4.4min
10:23:54  [552/1000]  train nll=+2.100(obj=+1.346 bg=+2.147) mse=2.496(obj=1.516 bg=2.556)  val nll=+1.908(obj=+1.207 bg=+1.954) mse=2.427(obj=1.438 bg=2.492)  lr=4.23e-04  tot=4.4min
10:23:54    ↳ saved (val_nll=1.9083)
10:23:54  [553/1000]  train nll=+2.074(obj=+1.411 bg=+2.117) mse=2.588(obj=1.659 bg=2.650)  val nll=+1.909(obj=+1.152 bg=+1.958) mse=2.431(obj=1.460 bg=2.494)  lr=4.21e-04  tot=4.4min
10:23:55  [554/1000]  train nll=+2.086(obj=+1.412 bg=+2.129) mse=2.633(obj=1.628 bg=2.696)  val nll=+2.113(obj=+1.428 bg=+2.156) mse=2.697(obj=1.675 bg=2.762)  lr=4.20e-04  tot=4.4min
10:23:55  [555/1000]  train nll=+2.082(obj=+1.412 bg=+2.125) mse=2.480(obj=1.609 bg=2.536)  val nll=+1.980(obj=+1.124 bg=+2.034) mse=2.398(obj=1.359 bg=2.464)  lr=4.18e-04  tot=4.4min
10:23:56  [556/1000]  train nll=+2.156(obj=+1.416 bg=+2.203) mse=2.751(obj=1.623 bg=2.822)  val nll=+2.011(obj=+1.233 bg=+2.061) mse=2.490(obj=1.428 bg=2.559)  lr=4.17e-04  tot=4.4min
10:23:56  [557/1000]  train nll=+2.126(obj=+1.275 bg=+2.181) mse=2.659(obj=1.527 bg=2.731)  val nll=+2.014(obj=+0.983 bg=+2.081) mse=2.451(obj=1.279 bg=2.525)  lr=4.15e-04  tot=4.4min
10:23:57  [558/1000]  train nll=+1.993(obj=+1.298 bg=+2.038) mse=2.495(obj=1.539 bg=2.557)  val nll=+1.954(obj=+1.178 bg=+2.002) mse=2.434(obj=1.476 bg=2.495)  lr=4.13e-04  tot=4.4min
10:23:57  [559/1000]  train nll=+2.219(obj=+1.457 bg=+2.268) mse=2.701(obj=1.629 bg=2.771)  val nll=+2.102(obj=+1.188 bg=+2.163) mse=2.462(obj=1.391 bg=2.533)  lr=4.12e-04  tot=4.4min
10:23:58  [560/1000]  train nll=+2.089(obj=+1.346 bg=+2.135) mse=2.566(obj=1.557 bg=2.630)  val nll=+1.882(obj=+1.210 bg=+1.925) mse=2.381(obj=1.441 bg=2.442)  lr=4.10e-04  tot=4.4min
10:23:58    ↳ saved (val_nll=1.8818)
10:23:58  [561/1000]  train nll=+2.168(obj=+1.424 bg=+2.214) mse=2.677(obj=1.600 bg=2.746)  val nll=+1.935(obj=+1.162 bg=+1.984) mse=2.419(obj=1.383 bg=2.484)  lr=4.09e-04  tot=4.5min
10:23:59  [562/1000]  train nll=+2.093(obj=+1.437 bg=+2.133) mse=2.626(obj=1.623 bg=2.687)  val nll=+1.961(obj=+1.175 bg=+2.011) mse=2.432(obj=1.493 bg=2.493)  lr=4.07e-04  tot=4.5min
10:23:59  [563/1000]  train nll=+2.132(obj=+1.338 bg=+2.183) mse=2.588(obj=1.587 bg=2.653)  val nll=+1.909(obj=+1.096 bg=+1.962) mse=2.381(obj=1.345 bg=2.449)  lr=4.06e-04  tot=4.5min
10:23:59  [564/1000]  train nll=+2.038(obj=+1.220 bg=+2.090) mse=2.500(obj=1.456 bg=2.567)  val nll=+2.004(obj=+1.349 bg=+2.045) mse=2.465(obj=1.618 bg=2.520)  lr=4.04e-04  tot=4.5min
10:24:00  [565/1000]  train nll=+2.095(obj=+1.460 bg=+2.135) mse=2.614(obj=1.662 bg=2.674)  val nll=+2.022(obj=+1.361 bg=+2.064) mse=2.543(obj=1.587 bg=2.606)  lr=4.03e-04  tot=4.5min
10:24:00  [566/1000]  train nll=+2.027(obj=+1.358 bg=+2.067) mse=2.464(obj=1.526 bg=2.523)  val nll=+2.170(obj=+1.367 bg=+2.220) mse=2.616(obj=1.547 bg=2.685)  lr=4.01e-04  tot=4.5min
10:24:01  [567/1000]  train nll=+1.999(obj=+1.152 bg=+2.053) mse=2.504(obj=1.414 bg=2.572)  val nll=+1.880(obj=+1.075 bg=+1.931) mse=2.366(obj=1.314 bg=2.433)  lr=3.99e-04  tot=4.5min
10:24:01    ↳ saved (val_nll=1.8796)
10:24:01  [568/1000]  train nll=+2.038(obj=+1.258 bg=+2.086) mse=2.511(obj=1.500 bg=2.574)  val nll=+1.855(obj=+0.956 bg=+1.914) mse=2.437(obj=1.337 bg=2.509)  lr=3.98e-04  tot=4.5min
10:24:01    ↳ saved (val_nll=1.8553)
10:24:02  [569/1000]  train nll=+2.072(obj=+1.305 bg=+2.122) mse=2.545(obj=1.569 bg=2.608)  val nll=+2.112(obj=+1.547 bg=+2.148) mse=2.588(obj=1.620 bg=2.650)  lr=3.96e-04  tot=4.5min
10:24:02  [570/1000]  train nll=+2.122(obj=+1.397 bg=+2.168) mse=2.587(obj=1.606 bg=2.649)  val nll=+2.000(obj=+1.288 bg=+2.046) mse=2.612(obj=1.522 bg=2.683)  lr=3.95e-04  tot=4.5min
10:24:03  [571/1000]  train nll=+2.105(obj=+1.415 bg=+2.148) mse=2.504(obj=1.596 bg=2.561)  val nll=+1.976(obj=+1.191 bg=+2.026) mse=2.443(obj=1.441 bg=2.508)  lr=3.93e-04  tot=4.5min
10:24:03  [572/1000]  train nll=+1.993(obj=+1.214 bg=+2.043) mse=2.520(obj=1.489 bg=2.585)  val nll=+1.819(obj=+1.037 bg=+1.870) mse=2.330(obj=1.347 bg=2.395)  lr=3.92e-04  tot=4.5min
10:24:03    ↳ saved (val_nll=1.8192)
10:24:04  [573/1000]  train nll=+2.104(obj=+1.354 bg=+2.153) mse=2.548(obj=1.584 bg=2.611)  val nll=+1.886(obj=+1.259 bg=+1.926) mse=2.328(obj=1.583 bg=2.377)  lr=3.90e-04  tot=4.5min
10:24:04  [574/1000]  train nll=+2.010(obj=+1.222 bg=+2.059) mse=2.435(obj=1.481 bg=2.494)  val nll=+2.120(obj=+1.324 bg=+2.171) mse=2.478(obj=1.446 bg=2.544)  lr=3.89e-04  tot=4.6min
10:24:05  [575/1000]  train nll=+2.040(obj=+1.325 bg=+2.086) mse=2.385(obj=1.542 bg=2.439)  val nll=+2.075(obj=+1.318 bg=+2.123) mse=2.622(obj=1.589 bg=2.688)  lr=3.87e-04  tot=4.6min
10:24:05  [576/1000]  train nll=+2.063(obj=+1.370 bg=+2.108) mse=2.570(obj=1.584 bg=2.634)  val nll=+1.872(obj=+1.111 bg=+1.922) mse=2.321(obj=1.357 bg=2.385)  lr=3.86e-04  tot=4.6min
10:24:06  [577/1000]  train nll=+2.060(obj=+1.321 bg=+2.105) mse=2.560(obj=1.585 bg=2.620)  val nll=+1.979(obj=+1.116 bg=+2.034) mse=2.522(obj=1.432 bg=2.592)  lr=3.84e-04  tot=4.6min
10:24:06  [578/1000]  train nll=+2.034(obj=+1.399 bg=+2.075) mse=2.523(obj=1.596 bg=2.582)  val nll=+1.954(obj=+1.272 bg=+1.998) mse=2.553(obj=1.518 bg=2.620)  lr=3.83e-04  tot=4.6min
10:24:06  [579/1000]  train nll=+2.042(obj=+1.451 bg=+2.079) mse=2.506(obj=1.585 bg=2.563)  val nll=+2.277(obj=+1.837 bg=+2.305) mse=2.634(obj=1.826 bg=2.687)  lr=3.81e-04  tot=4.6min
10:24:07  [580/1000]  train nll=+2.015(obj=+1.275 bg=+2.062) mse=2.484(obj=1.463 bg=2.550)  val nll=+1.750(obj=+0.988 bg=+1.798) mse=2.247(obj=1.275 bg=2.307)  lr=3.79e-04  tot=4.6min
10:24:07    ↳ saved (val_nll=1.7500)
10:24:08  [581/1000]  train nll=+2.016(obj=+1.184 bg=+2.066) mse=2.518(obj=1.456 bg=2.582)  val nll=+1.866(obj=+1.062 bg=+1.917) mse=2.440(obj=1.367 bg=2.508)  lr=3.78e-04  tot=4.6min
10:24:08  [582/1000]  train nll=+1.956(obj=+1.089 bg=+2.011) mse=2.498(obj=1.424 bg=2.565)  val nll=+1.805(obj=+0.887 bg=+1.863) mse=2.254(obj=1.217 bg=2.320)  lr=3.76e-04  tot=4.6min
10:24:09  [583/1000]  train nll=+2.075(obj=+1.296 bg=+2.124) mse=2.573(obj=1.564 bg=2.637)  val nll=+1.958(obj=+1.554 bg=+1.983) mse=2.331(obj=1.500 bg=2.386)  lr=3.75e-04  tot=4.6min
10:24:09  [584/1000]  train nll=+1.972(obj=+1.193 bg=+2.023) mse=2.373(obj=1.427 bg=2.435)  val nll=+1.826(obj=+1.098 bg=+1.872) mse=2.268(obj=1.406 bg=2.323)  lr=3.73e-04  tot=4.6min
10:24:10  [585/1000]  train nll=+2.000(obj=+1.248 bg=+2.047) mse=2.332(obj=1.458 bg=2.388)  val nll=+1.792(obj=+1.142 bg=+1.833) mse=2.162(obj=1.388 bg=2.212)  lr=3.72e-04  tot=4.6min
10:24:10  [586/1000]  train nll=+1.973(obj=+1.226 bg=+2.021) mse=2.527(obj=1.489 bg=2.594)  val nll=+1.714(obj=+0.948 bg=+1.764) mse=2.226(obj=1.284 bg=2.288)  lr=3.70e-04  tot=4.7min
10:24:10    ↳ saved (val_nll=1.7144)
10:24:11  [587/1000]  train nll=+1.946(obj=+1.190 bg=+1.995) mse=2.482(obj=1.494 bg=2.547)  val nll=+1.720(obj=+0.961 bg=+1.768) mse=2.233(obj=1.302 bg=2.292)  lr=3.69e-04  tot=4.7min
10:24:11  [588/1000]  train nll=+1.965(obj=+1.268 bg=+2.008) mse=2.385(obj=1.490 bg=2.439)  val nll=+1.909(obj=+1.063 bg=+1.964) mse=2.389(obj=1.454 bg=2.450)  lr=3.67e-04  tot=4.7min
10:24:12  [589/1000]  train nll=+1.909(obj=+1.153 bg=+1.957) mse=2.329(obj=1.420 bg=2.385)  val nll=+1.831(obj=+1.008 bg=+1.884) mse=2.306(obj=1.294 bg=2.372)  lr=3.66e-04  tot=4.7min
10:24:12  [590/1000]  train nll=+2.173(obj=+1.445 bg=+2.220) mse=2.592(obj=1.594 bg=2.655)  val nll=+1.853(obj=+1.047 bg=+1.905) mse=2.340(obj=1.287 bg=2.408)  lr=3.64e-04  tot=4.7min
10:24:13  [591/1000]  train nll=+2.110(obj=+1.204 bg=+2.167) mse=2.559(obj=1.456 bg=2.630)  val nll=+2.173(obj=+1.457 bg=+2.219) mse=2.540(obj=1.596 bg=2.601)  lr=3.63e-04  tot=4.7min
10:24:13  [592/1000]  train nll=+2.023(obj=+1.226 bg=+2.073) mse=2.520(obj=1.437 bg=2.590)  val nll=+1.834(obj=+1.123 bg=+1.881) mse=2.327(obj=1.337 bg=2.394)  lr=3.61e-04  tot=4.7min
10:24:14  [593/1000]  train nll=+1.852(obj=+1.170 bg=+1.895) mse=2.279(obj=1.422 bg=2.332)  val nll=+1.681(obj=+0.886 bg=+1.732) mse=2.251(obj=1.253 bg=2.317)  lr=3.60e-04  tot=4.7min
10:24:14    ↳ saved (val_nll=1.6811)
10:24:14  [594/1000]  train nll=+1.900(obj=+1.196 bg=+1.941) mse=2.413(obj=1.428 bg=2.471)  val nll=+1.810(obj=+1.215 bg=+1.848) mse=2.281(obj=1.426 bg=2.337)  lr=3.58e-04  tot=4.7min
10:24:15  [595/1000]  train nll=+1.917(obj=+1.177 bg=+1.964) mse=2.434(obj=1.461 bg=2.495)  val nll=+1.812(obj=+1.064 bg=+1.861) mse=2.357(obj=1.386 bg=2.420)  lr=3.57e-04  tot=4.7min
10:24:15  [596/1000]  train nll=+1.980(obj=+1.190 bg=+2.029) mse=2.455(obj=1.442 bg=2.518)  val nll=+1.707(obj=+0.905 bg=+1.757) mse=2.173(obj=1.225 bg=2.234)  lr=3.55e-04  tot=4.7min
10:24:15  [597/1000]  train nll=+1.925(obj=+1.207 bg=+1.973) mse=2.378(obj=1.434 bg=2.440)  val nll=+1.697(obj=+0.948 bg=+1.744) mse=2.180(obj=1.275 bg=2.238)  lr=3.54e-04  tot=4.7min
10:24:16  [598/1000]  train nll=+2.002(obj=+1.260 bg=+2.048) mse=2.496(obj=1.528 bg=2.556)  val nll=+1.681(obj=+0.931 bg=+1.730) mse=2.086(obj=1.249 bg=2.140)  lr=3.52e-04  tot=4.7min
10:24:16  [599/1000]  train nll=+1.921(obj=+1.144 bg=+1.971) mse=2.408(obj=1.392 bg=2.474)  val nll=+1.790(obj=+0.985 bg=+1.841) mse=2.385(obj=1.371 bg=2.450)  lr=3.51e-04  tot=4.8min
10:24:17  [600/1000]  train nll=+1.901(obj=+1.203 bg=+1.945) mse=2.450(obj=1.486 bg=2.511)  val nll=+1.600(obj=+0.843 bg=+1.648) mse=2.069(obj=1.210 bg=2.125)  lr=3.49e-04  tot=4.8min
10:24:17    ↳ saved (val_nll=1.5995)
10:24:17  [601/1000]  train nll=+1.913(obj=+1.144 bg=+1.960) mse=2.313(obj=1.429 bg=2.368)  val nll=+1.930(obj=+1.050 bg=+1.986) mse=2.469(obj=1.376 bg=2.540)  lr=3.48e-04  tot=4.8min
10:24:18  [602/1000]  train nll=+1.932(obj=+1.170 bg=+1.980) mse=2.408(obj=1.463 bg=2.468)  val nll=+1.651(obj=+0.873 bg=+1.701) mse=2.147(obj=1.213 bg=2.208)  lr=3.46e-04  tot=4.8min
10:24:18  [603/1000]  train nll=+1.789(obj=+1.103 bg=+1.832) mse=2.256(obj=1.453 bg=2.307)  val nll=+1.490(obj=+0.731 bg=+1.540) mse=1.961(obj=1.201 bg=2.011)  lr=3.45e-04  tot=4.8min
10:24:18    ↳ saved (val_nll=1.4903)
10:24:19  [604/1000]  train nll=+1.951(obj=+1.329 bg=+1.990) mse=2.294(obj=1.480 bg=2.345)  val nll=+1.715(obj=+1.056 bg=+1.757) mse=2.065(obj=1.280 bg=2.116)  lr=3.43e-04  tot=4.8min
10:24:19  [605/1000]  train nll=+1.917(obj=+1.144 bg=+1.968) mse=2.349(obj=1.409 bg=2.410)  val nll=+1.692(obj=+0.794 bg=+1.750) mse=2.252(obj=1.185 bg=2.321)  lr=3.42e-04  tot=4.8min
10:24:19  [606/1000]  train nll=+2.010(obj=+1.333 bg=+2.053) mse=2.452(obj=1.525 bg=2.510)  val nll=+1.826(obj=+1.241 bg=+1.863) mse=2.330(obj=1.586 bg=2.378)  lr=3.40e-04  tot=4.8min
10:24:20  [607/1000]  train nll=+1.910(obj=+1.133 bg=+1.961) mse=2.354(obj=1.379 bg=2.418)  val nll=+1.670(obj=+0.888 bg=+1.721) mse=2.094(obj=1.195 bg=2.153)  lr=3.39e-04  tot=4.8min
10:24:20  [608/1000]  train nll=+1.830(obj=+1.030 bg=+1.881) mse=2.267(obj=1.308 bg=2.327)  val nll=+1.944(obj=+1.130 bg=+1.996) mse=2.400(obj=1.355 bg=2.468)  lr=3.37e-04  tot=4.8min
10:24:21  [609/1000]  train nll=+1.937(obj=+1.228 bg=+1.984) mse=2.474(obj=1.466 bg=2.539)  val nll=+1.648(obj=+0.941 bg=+1.693) mse=2.154(obj=1.298 bg=2.208)  lr=3.36e-04  tot=4.8min
10:24:21  [610/1000]  train nll=+1.903(obj=+1.294 bg=+1.942) mse=2.345(obj=1.506 bg=2.399)  val nll=+1.801(obj=+1.112 bg=+1.845) mse=2.227(obj=1.411 bg=2.280)  lr=3.34e-04  tot=4.8min
10:24:22  [611/1000]  train nll=+1.858(obj=+1.160 bg=+1.902) mse=2.379(obj=1.435 bg=2.439)  val nll=+1.644(obj=+0.793 bg=+1.699) mse=2.173(obj=1.193 bg=2.237)  lr=3.33e-04  tot=4.8min
10:24:22  [612/1000]  train nll=+1.941(obj=+1.511 bg=+1.966) mse=2.370(obj=1.539 bg=2.423)  val nll=+1.911(obj=+1.389 bg=+1.944) mse=2.208(obj=1.554 bg=2.251)  lr=3.31e-04  tot=4.9min
10:24:23  [613/1000]  train nll=+2.169(obj=+1.352 bg=+2.221) mse=2.444(obj=1.492 bg=2.505)  val nll=+1.785(obj=+1.098 bg=+1.829) mse=2.208(obj=1.391 bg=2.261)  lr=3.30e-04  tot=4.9min
10:24:23  [614/1000]  train nll=+1.997(obj=+1.340 bg=+2.038) mse=2.327(obj=1.553 bg=2.377)  val nll=+1.914(obj=+1.247 bg=+1.956) mse=2.401(obj=1.505 bg=2.459)  lr=3.28e-04  tot=4.9min
10:24:23  [615/1000]  train nll=+1.928(obj=+1.215 bg=+1.973) mse=2.374(obj=1.469 bg=2.430)  val nll=+1.720(obj=+0.828 bg=+1.778) mse=2.245(obj=1.242 bg=2.310)  lr=3.27e-04  tot=4.9min
10:24:24  [616/1000]  train nll=+1.947(obj=+1.182 bg=+1.995) mse=2.474(obj=1.480 bg=2.538)  val nll=+1.803(obj=+0.997 bg=+1.855) mse=2.258(obj=1.319 bg=2.319)  lr=3.25e-04  tot=4.9min
10:24:24  [617/1000]  train nll=+1.890(obj=+1.145 bg=+1.937) mse=2.343(obj=1.405 bg=2.402)  val nll=+1.585(obj=+0.790 bg=+1.637) mse=2.033(obj=1.134 bg=2.091)  lr=3.24e-04  tot=4.9min
10:24:25  [618/1000]  train nll=+1.925(obj=+1.222 bg=+1.970) mse=2.405(obj=1.468 bg=2.466)  val nll=+1.740(obj=+0.961 bg=+1.790) mse=2.235(obj=1.281 bg=2.298)  lr=3.22e-04  tot=4.9min
10:24:25  [619/1000]  train nll=+1.934(obj=+1.212 bg=+1.980) mse=2.337(obj=1.456 bg=2.392)  val nll=+1.759(obj=+0.979 bg=+1.809) mse=2.230(obj=1.294 bg=2.290)  lr=3.21e-04  tot=4.9min
10:24:26  [620/1000]  train nll=+1.856(obj=+1.164 bg=+1.899) mse=2.324(obj=1.446 bg=2.379)  val nll=+1.663(obj=+0.847 bg=+1.716) mse=2.218(obj=1.208 bg=2.283)  lr=3.19e-04  tot=4.9min
10:24:26  [621/1000]  train nll=+1.796(obj=+0.987 bg=+1.847) mse=2.304(obj=1.305 bg=2.367)  val nll=+1.585(obj=+0.762 bg=+1.639) mse=2.053(obj=1.134 bg=2.114)  lr=3.18e-04  tot=4.9min
10:24:27  [622/1000]  train nll=+1.824(obj=+1.084 bg=+1.870) mse=2.294(obj=1.416 bg=2.349)  val nll=+1.617(obj=+0.730 bg=+1.674) mse=2.081(obj=1.127 bg=2.143)  lr=3.16e-04  tot=4.9min
10:24:27  [623/1000]  train nll=+1.884(obj=+1.409 bg=+1.918) mse=2.301(obj=1.642 bg=2.345)  val nll=+1.603(obj=+0.855 bg=+1.651) mse=2.109(obj=1.189 bg=2.168)  lr=3.15e-04  tot=4.9min
10:24:27  [624/1000]  train nll=+1.807(obj=+1.032 bg=+1.856) mse=2.259(obj=1.294 bg=2.321)  val nll=+1.539(obj=+0.740 bg=+1.591) mse=2.032(obj=1.169 bg=2.089)  lr=3.14e-04  tot=4.9min
10:24:28  [625/1000]  train nll=+1.857(obj=+1.115 bg=+1.906) mse=2.357(obj=1.425 bg=2.418)  val nll=+1.591(obj=+0.805 bg=+1.641) mse=2.112(obj=1.281 bg=2.166)  lr=3.12e-04  tot=4.9min
10:24:28  [626/1000]  train nll=+1.903(obj=+1.150 bg=+1.951) mse=2.481(obj=1.474 bg=2.543)  val nll=+1.736(obj=+0.941 bg=+1.786) mse=2.243(obj=1.271 bg=2.305)  lr=3.11e-04  tot=5.0min
10:24:29  [627/1000]  train nll=+1.931(obj=+1.161 bg=+1.980) mse=2.374(obj=1.401 bg=2.438)  val nll=+1.609(obj=+0.858 bg=+1.656) mse=2.102(obj=1.209 bg=2.159)  lr=3.09e-04  tot=5.0min
10:24:29  [628/1000]  train nll=+2.153(obj=+1.367 bg=+2.201) mse=2.400(obj=1.537 bg=2.454)  val nll=+1.697(obj=+0.971 bg=+1.743) mse=2.073(obj=1.138 bg=2.133)  lr=3.08e-04  tot=5.0min
10:24:30  [629/1000]  train nll=+1.841(obj=+1.162 bg=+1.885) mse=2.320(obj=1.468 bg=2.375)  val nll=+1.646(obj=+0.822 bg=+1.699) mse=2.150(obj=1.226 bg=2.210)  lr=3.06e-04  tot=5.0min
10:24:30  [630/1000]  train nll=+1.943(obj=+1.266 bg=+1.986) mse=2.327(obj=1.531 bg=2.378)  val nll=+1.803(obj=+0.986 bg=+1.856) mse=2.214(obj=1.304 bg=2.273)  lr=3.05e-04  tot=5.0min
10:24:31  [631/1000]  train nll=+1.916(obj=+1.164 bg=+1.964) mse=2.305(obj=1.412 bg=2.362)  val nll=+1.672(obj=+1.015 bg=+1.714) mse=2.075(obj=1.314 bg=2.124)  lr=3.03e-04  tot=5.0min
10:24:31  [632/1000]  train nll=+1.776(obj=+0.897 bg=+1.832) mse=2.298(obj=1.248 bg=2.365)  val nll=+1.596(obj=+0.765 bg=+1.649) mse=2.127(obj=1.144 bg=2.190)  lr=3.02e-04  tot=5.0min
10:24:32  [633/1000]  train nll=+1.843(obj=+1.204 bg=+1.884) mse=2.214(obj=1.419 bg=2.265)  val nll=+1.734(obj=+0.980 bg=+1.783) mse=2.205(obj=1.320 bg=2.263)  lr=3.00e-04  tot=5.0min
10:24:32  [634/1000]  train nll=+1.921(obj=+1.240 bg=+1.967) mse=2.408(obj=1.477 bg=2.468)  val nll=+1.775(obj=+1.014 bg=+1.824) mse=2.209(obj=1.278 bg=2.270)  lr=2.99e-04  tot=5.0min
10:24:33  [635/1000]  train nll=+1.819(obj=+1.078 bg=+1.865) mse=2.370(obj=1.365 bg=2.435)  val nll=+1.626(obj=+0.814 bg=+1.679) mse=2.070(obj=1.228 bg=2.125)  lr=2.98e-04  tot=5.0min
10:24:33  [636/1000]  train nll=+1.838(obj=+1.086 bg=+1.885) mse=2.249(obj=1.381 bg=2.303)  val nll=+1.827(obj=+1.029 bg=+1.878) mse=2.300(obj=1.338 bg=2.361)  lr=2.96e-04  tot=5.0min
10:24:34  [637/1000]  train nll=+1.921(obj=+1.233 bg=+1.964) mse=2.349(obj=1.472 bg=2.405)  val nll=+1.628(obj=+0.877 bg=+1.676) mse=2.093(obj=1.230 bg=2.148)  lr=2.95e-04  tot=5.0min
10:24:34  [638/1000]  train nll=+1.788(obj=+1.083 bg=+1.833) mse=2.286(obj=1.366 bg=2.345)  val nll=+1.942(obj=+1.256 bg=+1.986) mse=2.295(obj=1.483 bg=2.348)  lr=2.93e-04  tot=5.1min
10:24:35  [639/1000]  train nll=+1.925(obj=+1.125 bg=+1.976) mse=2.449(obj=1.429 bg=2.515)  val nll=+1.612(obj=+0.847 bg=+1.661) mse=2.137(obj=1.247 bg=2.194)  lr=2.92e-04  tot=5.1min
10:24:35  [640/1000]  train nll=+1.690(obj=+0.994 bg=+1.731) mse=2.157(obj=1.336 bg=2.206)  val nll=+1.536(obj=+0.699 bg=+1.589) mse=2.106(obj=1.160 bg=2.167)  lr=2.90e-04  tot=5.1min
10:24:36  [641/1000]  train nll=+1.810(obj=+1.089 bg=+1.856) mse=2.263(obj=1.414 bg=2.318)  val nll=+1.615(obj=+0.846 bg=+1.664) mse=2.091(obj=1.280 bg=2.143)  lr=2.89e-04  tot=5.1min
10:24:36  [642/1000]  train nll=+1.702(obj=+1.011 bg=+1.745) mse=2.159(obj=1.353 bg=2.210)  val nll=+1.589(obj=+0.774 bg=+1.640) mse=2.021(obj=1.164 bg=2.076)  lr=2.88e-04  tot=5.1min
10:24:37  [643/1000]  train nll=+1.794(obj=+1.000 bg=+1.844) mse=2.286(obj=1.320 bg=2.348)  val nll=+1.754(obj=+0.975 bg=+1.804) mse=2.375(obj=1.320 bg=2.443)  lr=2.86e-04  tot=5.1min
10:24:37  [644/1000]  train nll=+1.816(obj=+1.118 bg=+1.860) mse=2.254(obj=1.399 bg=2.307)  val nll=+1.791(obj=+1.017 bg=+1.841) mse=2.255(obj=1.351 bg=2.313)  lr=2.85e-04  tot=5.1min
10:24:38  [645/1000]  train nll=+1.860(obj=+1.087 bg=+1.909) mse=2.360(obj=1.416 bg=2.421)  val nll=+1.738(obj=+0.901 bg=+1.791) mse=2.245(obj=1.221 bg=2.311)  lr=2.83e-04  tot=5.1min
10:24:38  [646/1000]  train nll=+1.793(obj=+1.074 bg=+1.838) mse=2.237(obj=1.407 bg=2.290)  val nll=+1.684(obj=+0.709 bg=+1.747) mse=2.062(obj=1.089 bg=2.126)  lr=2.82e-04  tot=5.1min
10:24:39  [647/1000]  train nll=+1.776(obj=+0.973 bg=+1.826) mse=2.365(obj=1.330 bg=2.429)  val nll=+1.552(obj=+0.791 bg=+1.601) mse=2.120(obj=1.240 bg=2.177)  lr=2.80e-04  tot=5.1min
10:24:39  [648/1000]  train nll=+1.834(obj=+0.999 bg=+1.887) mse=2.347(obj=1.361 bg=2.410)  val nll=+1.547(obj=+0.863 bg=+1.591) mse=2.102(obj=1.262 bg=2.155)  lr=2.79e-04  tot=5.1min
10:24:40  [649/1000]  train nll=+1.872(obj=+1.222 bg=+1.913) mse=2.354(obj=1.482 bg=2.410)  val nll=+1.554(obj=+0.656 bg=+1.612) mse=2.036(obj=1.099 bg=2.097)  lr=2.78e-04  tot=5.1min
10:24:40  [650/1000]  train nll=+1.742(obj=+0.971 bg=+1.792) mse=2.244(obj=1.283 bg=2.306)  val nll=+1.491(obj=+0.772 bg=+1.537) mse=2.009(obj=1.158 bg=2.064)  lr=2.76e-04  tot=5.2min
10:24:41  [651/1000]  train nll=+1.672(obj=+0.834 bg=+1.726) mse=2.225(obj=1.226 bg=2.289)  val nll=+1.516(obj=+0.672 bg=+1.570) mse=2.000(obj=1.108 bg=2.058)  lr=2.75e-04  tot=5.2min
10:24:41  [652/1000]  train nll=+1.694(obj=+0.912 bg=+1.744) mse=2.213(obj=1.230 bg=2.275)  val nll=+1.628(obj=+0.882 bg=+1.677) mse=2.106(obj=1.250 bg=2.162)  lr=2.73e-04  tot=5.2min
10:24:42  [653/1000]  train nll=+1.761(obj=+1.008 bg=+1.807) mse=2.148(obj=1.322 bg=2.200)  val nll=+1.885(obj=+1.095 bg=+1.935) mse=2.285(obj=1.333 bg=2.346)  lr=2.72e-04  tot=5.2min
10:24:42  [654/1000]  train nll=+1.783(obj=+1.005 bg=+1.831) mse=2.273(obj=1.364 bg=2.330)  val nll=+1.491(obj=+0.725 bg=+1.540) mse=2.002(obj=1.157 bg=2.058)  lr=2.71e-04  tot=5.2min
10:24:43  [655/1000]  train nll=+1.764(obj=+0.999 bg=+1.813) mse=2.351(obj=1.354 bg=2.416)  val nll=+1.560(obj=+0.759 bg=+1.612) mse=2.110(obj=1.131 bg=2.174)  lr=2.69e-04  tot=5.2min
10:24:43  [656/1000]  train nll=+1.853(obj=+1.158 bg=+1.896) mse=2.288(obj=1.374 bg=2.346)  val nll=+1.562(obj=+0.670 bg=+1.619) mse=2.117(obj=1.146 bg=2.181)  lr=2.68e-04  tot=5.2min
10:24:44  [657/1000]  train nll=+1.648(obj=+0.986 bg=+1.692) mse=2.093(obj=1.314 bg=2.144)  val nll=+1.521(obj=+0.656 bg=+1.576) mse=1.981(obj=1.127 bg=2.036)  lr=2.66e-04  tot=5.2min
10:24:44  [658/1000]  train nll=+1.621(obj=+0.815 bg=+1.672) mse=2.118(obj=1.226 bg=2.175)  val nll=+1.385(obj=+0.586 bg=+1.438) mse=1.883(obj=1.085 bg=1.935)  lr=2.65e-04  tot=5.2min
10:24:44    ↳ saved (val_nll=1.3855)
10:24:44  [659/1000]  train nll=+1.719(obj=+0.897 bg=+1.772) mse=2.328(obj=1.290 bg=2.396)  val nll=+1.489(obj=+0.677 bg=+1.541) mse=1.958(obj=1.101 bg=2.013)  lr=2.64e-04  tot=5.2min
10:24:45  [660/1000]  train nll=+1.754(obj=+0.960 bg=+1.804) mse=2.182(obj=1.295 bg=2.237)  val nll=+1.669(obj=+0.800 bg=+1.724) mse=2.112(obj=1.190 bg=2.172)  lr=2.62e-04  tot=5.2min
10:24:45  [661/1000]  train nll=+1.840(obj=+1.041 bg=+1.891) mse=2.265(obj=1.303 bg=2.326)  val nll=+1.698(obj=+1.115 bg=+1.735) mse=2.081(obj=1.295 bg=2.132)  lr=2.61e-04  tot=5.2min
10:24:46  [662/1000]  train nll=+1.728(obj=+1.030 bg=+1.772) mse=2.194(obj=1.299 bg=2.251)  val nll=+1.413(obj=+0.747 bg=+1.455) mse=1.875(obj=1.128 bg=1.924)  lr=2.59e-04  tot=5.2min
10:24:46  [663/1000]  train nll=+1.732(obj=+0.997 bg=+1.778) mse=2.165(obj=1.324 bg=2.217)  val nll=+1.481(obj=+0.628 bg=+1.535) mse=1.972(obj=1.105 bg=2.029)  lr=2.58e-04  tot=5.3min
10:24:47  [664/1000]  train nll=+1.774(obj=+1.038 bg=+1.820) mse=2.237(obj=1.362 bg=2.291)  val nll=+1.867(obj=+1.021 bg=+1.922) mse=2.263(obj=1.292 bg=2.327)  lr=2.57e-04  tot=5.3min
10:24:47  [665/1000]  train nll=+1.744(obj=+0.988 bg=+1.792) mse=2.232(obj=1.351 bg=2.289)  val nll=+1.590(obj=+0.817 bg=+1.639) mse=2.072(obj=1.186 bg=2.129)  lr=2.55e-04  tot=5.3min
10:24:48  [666/1000]  train nll=+1.582(obj=+0.755 bg=+1.634) mse=2.119(obj=1.158 bg=2.179)  val nll=+1.457(obj=+0.540 bg=+1.518) mse=2.020(obj=1.111 bg=2.080)  lr=2.54e-04  tot=5.3min
10:24:48  [667/1000]  train nll=+1.744(obj=+0.905 bg=+1.798) mse=2.249(obj=1.256 bg=2.314)  val nll=+1.442(obj=+0.618 bg=+1.496) mse=1.955(obj=1.065 bg=2.013)  lr=2.53e-04  tot=5.3min
10:24:49  [668/1000]  train nll=+1.759(obj=+1.001 bg=+1.806) mse=2.235(obj=1.349 bg=2.290)  val nll=+1.504(obj=+0.668 bg=+1.557) mse=2.045(obj=1.128 bg=2.104)  lr=2.51e-04  tot=5.3min
10:24:49  [669/1000]  train nll=+1.746(obj=+1.094 bg=+1.788) mse=2.160(obj=1.347 bg=2.213)  val nll=+1.634(obj=+0.739 bg=+1.691) mse=2.049(obj=1.212 bg=2.102)  lr=2.50e-04  tot=5.3min
10:24:50  [670/1000]  train nll=+1.625(obj=+0.862 bg=+1.671) mse=2.133(obj=1.246 bg=2.185)  val nll=+1.311(obj=+0.471 bg=+1.367) mse=1.867(obj=1.009 bg=1.925)  lr=2.48e-04  tot=5.3min
10:24:50    ↳ saved (val_nll=1.3113)
10:24:50  [671/1000]  train nll=+1.656(obj=+0.936 bg=+1.701) mse=2.122(obj=1.336 bg=2.171)  val nll=+1.499(obj=+0.621 bg=+1.555) mse=2.081(obj=1.080 bg=2.146)  lr=2.47e-04  tot=5.3min
10:24:50  [672/1000]  train nll=+1.683(obj=+0.845 bg=+1.735) mse=2.166(obj=1.243 bg=2.223)  val nll=+1.543(obj=+0.608 bg=+1.603) mse=2.045(obj=1.142 bg=2.104)  lr=2.46e-04  tot=5.3min
10:24:51  [673/1000]  train nll=+1.655(obj=+0.956 bg=+1.700) mse=2.121(obj=1.338 bg=2.171)  val nll=+1.466(obj=+0.653 bg=+1.519) mse=1.920(obj=1.107 bg=1.974)  lr=2.44e-04  tot=5.3min
10:24:51  [674/1000]  train nll=+1.835(obj=+1.050 bg=+1.887) mse=2.350(obj=1.374 bg=2.413)  val nll=+1.462(obj=+0.696 bg=+1.511) mse=2.039(obj=1.122 bg=2.098)  lr=2.43e-04  tot=5.3min
10:24:52  [675/1000]  train nll=+1.692(obj=+0.910 bg=+1.741) mse=2.243(obj=1.336 bg=2.299)  val nll=+1.518(obj=+0.746 bg=+1.568) mse=2.054(obj=1.138 bg=2.114)  lr=2.42e-04  tot=5.3min
10:24:52  [676/1000]  train nll=+1.732(obj=+1.101 bg=+1.771) mse=2.249(obj=1.402 bg=2.298)  val nll=+1.620(obj=+0.962 bg=+1.662) mse=2.124(obj=1.237 bg=2.182)  lr=2.40e-04  tot=5.4min
10:24:53  [677/1000]  train nll=+1.771(obj=+1.026 bg=+1.818) mse=2.275(obj=1.364 bg=2.333)  val nll=+1.754(obj=+1.088 bg=+1.797) mse=2.137(obj=1.271 bg=2.194)  lr=2.39e-04  tot=5.4min
10:24:53  [678/1000]  train nll=+1.698(obj=+0.940 bg=+1.747) mse=2.182(obj=1.253 bg=2.242)  val nll=+1.447(obj=+0.528 bg=+1.504) mse=2.139(obj=1.034 bg=2.208)  lr=2.38e-04  tot=5.4min
10:24:54  [679/1000]  train nll=+1.626(obj=+0.831 bg=+1.675) mse=2.127(obj=1.191 bg=2.187)  val nll=+1.363(obj=+0.468 bg=+1.422) mse=1.907(obj=1.016 bg=1.965)  lr=2.36e-04  tot=5.4min
10:24:54  [680/1000]  train nll=+1.707(obj=+0.831 bg=+1.763) mse=2.250(obj=1.245 bg=2.316)  val nll=+1.483(obj=+0.738 bg=+1.531) mse=1.978(obj=1.185 bg=2.030)  lr=2.35e-04  tot=5.4min
10:24:54  [681/1000]  train nll=+1.646(obj=+0.871 bg=+1.696) mse=2.217(obj=1.276 bg=2.278)  val nll=+1.697(obj=+0.804 bg=+1.754) mse=2.195(obj=1.265 bg=2.255)  lr=2.34e-04  tot=5.4min
10:24:55  [682/1000]  train nll=+1.806(obj=+0.994 bg=+1.859) mse=2.285(obj=1.306 bg=2.348)  val nll=+1.467(obj=+0.657 bg=+1.518) mse=1.895(obj=1.118 bg=1.944)  lr=2.32e-04  tot=5.4min
10:24:55  [683/1000]  train nll=+1.713(obj=+0.983 bg=+1.759) mse=2.132(obj=1.279 bg=2.186)  val nll=+1.458(obj=+0.630 bg=+1.511) mse=2.022(obj=1.087 bg=2.083)  lr=2.31e-04  tot=5.4min
10:24:56  [684/1000]  train nll=+1.651(obj=+0.921 bg=+1.697) mse=2.156(obj=1.306 bg=2.208)  val nll=+1.436(obj=+0.743 bg=+1.482) mse=1.895(obj=1.158 bg=1.944)  lr=2.30e-04  tot=5.4min
10:24:56  [685/1000]  train nll=+1.683(obj=+0.902 bg=+1.732) mse=2.177(obj=1.252 bg=2.236)  val nll=+1.501(obj=+0.626 bg=+1.557) mse=2.019(obj=1.100 bg=2.079)  lr=2.28e-04  tot=5.4min
10:24:57  [686/1000]  train nll=+1.792(obj=+0.922 bg=+1.845) mse=2.311(obj=1.273 bg=2.373)  val nll=+1.560(obj=+0.668 bg=+1.617) mse=2.075(obj=1.139 bg=2.136)  lr=2.27e-04  tot=5.4min
10:24:57  [687/1000]  train nll=+1.715(obj=+0.934 bg=+1.766) mse=2.216(obj=1.339 bg=2.273)  val nll=+1.443(obj=+0.669 bg=+1.493) mse=1.938(obj=1.115 bg=1.992)  lr=2.26e-04  tot=5.4min
10:24:58  [688/1000]  train nll=+1.679(obj=+0.866 bg=+1.733) mse=2.102(obj=1.206 bg=2.160)  val nll=+1.575(obj=+0.641 bg=+1.634) mse=2.078(obj=1.134 bg=2.139)  lr=2.24e-04  tot=5.4min
10:24:58  [689/1000]  train nll=+1.737(obj=+1.094 bg=+1.779) mse=2.193(obj=1.351 bg=2.248)  val nll=+1.532(obj=+0.476 bg=+1.601) mse=2.093(obj=1.008 bg=2.165)  lr=2.23e-04  tot=5.4min
10:24:58  [690/1000]  train nll=+1.640(obj=+0.862 bg=+1.690) mse=2.086(obj=1.229 bg=2.141)  val nll=+1.450(obj=+0.705 bg=+1.498) mse=1.934(obj=1.120 bg=1.987)  lr=2.22e-04  tot=5.5min
10:24:59  [691/1000]  train nll=+1.694(obj=+0.968 bg=+1.741) mse=2.138(obj=1.272 bg=2.194)  val nll=+1.618(obj=+0.699 bg=+1.679) mse=2.027(obj=1.145 bg=2.085)  lr=2.20e-04  tot=5.5min
10:24:59  [692/1000]  train nll=+1.622(obj=+0.799 bg=+1.675) mse=2.141(obj=1.187 bg=2.203)  val nll=+1.370(obj=+0.555 bg=+1.423) mse=1.865(obj=1.039 bg=1.918)  lr=2.19e-04  tot=5.5min
10:25:00  [693/1000]  train nll=+1.561(obj=+0.745 bg=+1.613) mse=2.112(obj=1.168 bg=2.172)  val nll=+1.446(obj=+0.480 bg=+1.508) mse=2.094(obj=1.019 bg=2.162)  lr=2.18e-04  tot=5.5min
10:25:00  [694/1000]  train nll=+1.670(obj=+0.851 bg=+1.722) mse=2.194(obj=1.251 bg=2.253)  val nll=+1.361(obj=+0.504 bg=+1.416) mse=1.990(obj=0.993 bg=2.054)  lr=2.17e-04  tot=5.5min
10:25:01  [695/1000]  train nll=+1.520(obj=+0.785 bg=+1.567) mse=2.133(obj=1.200 bg=2.194)  val nll=+1.329(obj=+0.442 bg=+1.386) mse=1.906(obj=1.007 bg=1.964)  lr=2.15e-04  tot=5.5min
10:25:01  [696/1000]  train nll=+1.640(obj=+0.814 bg=+1.694) mse=2.165(obj=1.248 bg=2.226)  val nll=+1.550(obj=+0.593 bg=+1.612) mse=2.074(obj=1.095 bg=2.138)  lr=2.14e-04  tot=5.5min
10:25:02  [697/1000]  train nll=+1.595(obj=+0.798 bg=+1.644) mse=1.984(obj=1.176 bg=2.035)  val nll=+1.364(obj=+0.504 bg=+1.419) mse=1.908(obj=1.053 bg=1.963)  lr=2.13e-04  tot=5.5min
10:25:02  [698/1000]  train nll=+1.583(obj=+0.805 bg=+1.632) mse=2.125(obj=1.211 bg=2.181)  val nll=+1.385(obj=+0.501 bg=+1.442) mse=1.945(obj=1.007 bg=2.005)  lr=2.11e-04  tot=5.5min
10:25:03  [699/1000]  train nll=+1.610(obj=+0.734 bg=+1.668) mse=2.106(obj=1.187 bg=2.167)  val nll=+1.433(obj=+0.568 bg=+1.489) mse=2.075(obj=1.091 bg=2.140)  lr=2.10e-04  tot=5.5min
10:25:03  [700/1000]  train nll=+1.680(obj=+1.015 bg=+1.724) mse=2.148(obj=1.307 bg=2.204)  val nll=+1.449(obj=+0.795 bg=+1.491) mse=1.911(obj=1.241 bg=1.955)  lr=2.09e-04  tot=5.5min
10:25:04  [701/1000]  train nll=+1.590(obj=+0.776 bg=+1.641) mse=2.128(obj=1.200 bg=2.186)  val nll=+1.296(obj=+0.374 bg=+1.354) mse=1.918(obj=0.932 bg=1.980)  lr=2.08e-04  tot=5.5min
10:25:04    ↳ saved (val_nll=1.2956)
10:25:04  [702/1000]  train nll=+1.503(obj=+0.762 bg=+1.550) mse=2.031(obj=1.204 bg=2.083)  val nll=+1.258(obj=+0.442 bg=+1.311) mse=1.909(obj=1.001 bg=1.967)  lr=2.06e-04  tot=5.5min
10:25:04    ↳ saved (val_nll=1.2582)
10:25:04  [703/1000]  train nll=+1.472(obj=+0.746 bg=+1.520) mse=2.002(obj=1.155 bg=2.058)  val nll=+1.282(obj=+0.654 bg=+1.322) mse=1.776(obj=1.116 bg=1.819)  lr=2.05e-04  tot=5.6min
10:25:05  [704/1000]  train nll=+1.528(obj=+0.756 bg=+1.577) mse=2.010(obj=1.198 bg=2.061)  val nll=+1.453(obj=+0.583 bg=+1.510) mse=2.030(obj=1.056 bg=2.094)  lr=2.04e-04  tot=5.6min
10:25:05  [705/1000]  train nll=+1.697(obj=+0.943 bg=+1.745) mse=2.260(obj=1.269 bg=2.324)  val nll=+1.447(obj=+0.581 bg=+1.503) mse=2.003(obj=1.150 bg=2.059)  lr=2.02e-04  tot=5.6min
10:25:06  [706/1000]  train nll=+1.610(obj=+0.853 bg=+1.658) mse=2.180(obj=1.191 bg=2.242)  val nll=+1.328(obj=+0.484 bg=+1.382) mse=1.911(obj=1.031 bg=1.968)  lr=2.01e-04  tot=5.6min
10:25:07  [707/1000]  train nll=+1.598(obj=+0.675 bg=+1.657) mse=2.086(obj=1.142 bg=2.147)  val nll=+1.346(obj=+0.488 bg=+1.402) mse=1.956(obj=1.090 bg=2.013)  lr=2.00e-04  tot=5.6min
10:25:07  [708/1000]  train nll=+1.531(obj=+0.823 bg=+1.575) mse=2.023(obj=1.223 bg=2.072)  val nll=+1.291(obj=+0.473 bg=+1.343) mse=1.918(obj=1.040 bg=1.975)  lr=1.99e-04  tot=5.6min
10:25:08  [709/1000]  train nll=+1.488(obj=+0.622 bg=+1.544) mse=1.971(obj=1.100 bg=2.027)  val nll=+1.415(obj=+0.577 bg=+1.469) mse=1.989(obj=1.066 bg=2.049)  lr=1.97e-04  tot=5.6min
10:25:08  [710/1000]  train nll=+1.529(obj=+0.748 bg=+1.579) mse=2.052(obj=1.214 bg=2.105)  val nll=+1.504(obj=+0.558 bg=+1.565) mse=1.962(obj=1.071 bg=2.020)  lr=1.96e-04  tot=5.6min
10:25:09  [711/1000]  train nll=+1.520(obj=+0.748 bg=+1.570) mse=2.088(obj=1.191 bg=2.146)  val nll=+1.367(obj=+0.425 bg=+1.428) mse=1.788(obj=1.004 bg=1.838)  lr=1.95e-04  tot=5.6min
10:25:09  [712/1000]  train nll=+1.562(obj=+0.735 bg=+1.613) mse=2.147(obj=1.218 bg=2.206)  val nll=+1.518(obj=+0.613 bg=+1.576) mse=2.004(obj=1.075 bg=2.064)  lr=1.94e-04  tot=5.6min
10:25:10  [713/1000]  train nll=+1.574(obj=+0.775 bg=+1.624) mse=2.006(obj=1.229 bg=2.054)  val nll=+1.246(obj=+0.379 bg=+1.301) mse=1.886(obj=1.017 bg=1.942)  lr=1.92e-04  tot=5.6min
10:25:10    ↳ saved (val_nll=1.2457)
10:25:10  [714/1000]  train nll=+1.568(obj=+0.740 bg=+1.619) mse=2.114(obj=1.177 bg=2.172)  val nll=+1.360(obj=+0.503 bg=+1.415) mse=1.941(obj=1.033 bg=2.001)  lr=1.91e-04  tot=5.6min
10:25:10  [715/1000]  train nll=+1.499(obj=+0.713 bg=+1.549) mse=2.039(obj=1.145 bg=2.095)  val nll=+1.386(obj=+0.468 bg=+1.445) mse=1.902(obj=1.006 bg=1.960)  lr=1.90e-04  tot=5.7min
10:25:11  [716/1000]  train nll=+1.704(obj=+1.335 bg=+1.728) mse=2.037(obj=1.330 bg=2.084)  val nll=+1.563(obj=+0.872 bg=+1.607) mse=2.067(obj=1.195 bg=2.123)  lr=1.89e-04  tot=5.7min
10:25:11  [717/1000]  train nll=+1.629(obj=+0.918 bg=+1.675) mse=2.075(obj=1.295 bg=2.126)  val nll=+1.566(obj=+0.859 bg=+1.611) mse=2.017(obj=1.180 bg=2.071)  lr=1.87e-04  tot=5.7min
10:25:12  [718/1000]  train nll=+1.765(obj=+1.015 bg=+1.814) mse=2.210(obj=1.286 bg=2.269)  val nll=+1.473(obj=+0.722 bg=+1.521) mse=1.957(obj=1.175 bg=2.008)  lr=1.86e-04  tot=5.7min
10:25:12  [719/1000]  train nll=+1.589(obj=+0.861 bg=+1.636) mse=2.061(obj=1.259 bg=2.113)  val nll=+1.315(obj=+0.463 bg=+1.370) mse=1.972(obj=1.009 bg=2.033)  lr=1.85e-04  tot=5.7min
10:25:13  [720/1000]  train nll=+1.586(obj=+0.750 bg=+1.637) mse=2.083(obj=1.189 bg=2.137)  val nll=+1.283(obj=+0.440 bg=+1.337) mse=1.807(obj=1.006 bg=1.859)  lr=1.84e-04  tot=5.7min
10:25:13  [721/1000]  train nll=+1.539(obj=+0.639 bg=+1.598) mse=2.053(obj=1.124 bg=2.114)  val nll=+1.263(obj=+0.451 bg=+1.316) mse=1.801(obj=0.953 bg=1.857)  lr=1.83e-04  tot=5.7min
10:25:14  [722/1000]  train nll=+1.585(obj=+0.740 bg=+1.639) mse=2.188(obj=1.195 bg=2.250)  val nll=+1.267(obj=+0.410 bg=+1.322) mse=1.864(obj=1.014 bg=1.920)  lr=1.81e-04  tot=5.7min
10:25:14  [723/1000]  train nll=+1.535(obj=+0.731 bg=+1.588) mse=2.067(obj=1.209 bg=2.125)  val nll=+1.456(obj=+0.722 bg=+1.503) mse=1.992(obj=1.143 bg=2.046)  lr=1.80e-04  tot=5.7min
10:25:14  [724/1000]  train nll=+1.538(obj=+0.734 bg=+1.588) mse=1.935(obj=1.151 bg=1.984)  val nll=+1.278(obj=+0.458 bg=+1.331) mse=1.855(obj=1.009 bg=1.909)  lr=1.79e-04  tot=5.7min
10:25:15  [725/1000]  train nll=+1.455(obj=+0.723 bg=+1.499) mse=1.897(obj=1.164 bg=1.942)  val nll=+1.289(obj=+0.435 bg=+1.344) mse=1.837(obj=0.961 bg=1.893)  lr=1.78e-04  tot=5.7min
10:25:15  [726/1000]  train nll=+1.508(obj=+0.670 bg=+1.562) mse=1.979(obj=1.148 bg=2.032)  val nll=+1.292(obj=+0.421 bg=+1.349) mse=1.920(obj=1.014 bg=1.979)  lr=1.77e-04  tot=5.7min
10:25:16  [727/1000]  train nll=+1.495(obj=+0.730 bg=+1.545) mse=2.058(obj=1.149 bg=2.117)  val nll=+1.237(obj=+0.350 bg=+1.294) mse=1.850(obj=0.948 bg=1.908)  lr=1.75e-04  tot=5.7min
10:25:16    ↳ saved (val_nll=1.2370)
10:25:16  [728/1000]  train nll=+1.611(obj=+0.749 bg=+1.665) mse=2.248(obj=1.202 bg=2.313)  val nll=+1.253(obj=+0.454 bg=+1.305) mse=1.873(obj=1.031 bg=1.928)  lr=1.74e-04  tot=5.8min
10:25:17  [729/1000]  train nll=+1.526(obj=+0.627 bg=+1.583) mse=2.139(obj=1.106 bg=2.205)  val nll=+1.327(obj=+0.428 bg=+1.385) mse=1.899(obj=1.036 bg=1.956)  lr=1.73e-04  tot=5.8min
10:25:17  [730/1000]  train nll=+1.524(obj=+0.615 bg=+1.581) mse=2.059(obj=1.122 bg=2.117)  val nll=+1.334(obj=+0.549 bg=+1.385) mse=1.848(obj=1.090 bg=1.898)  lr=1.72e-04  tot=5.8min
10:25:18  [731/1000]  train nll=+1.476(obj=+0.743 bg=+1.522) mse=1.996(obj=1.169 bg=2.047)  val nll=+1.228(obj=+0.482 bg=+1.277) mse=1.774(obj=1.007 bg=1.824)  lr=1.71e-04  tot=5.8min
10:25:18    ↳ saved (val_nll=1.2284)
10:25:18  [732/1000]  train nll=+1.456(obj=+0.729 bg=+1.502) mse=1.861(obj=1.166 bg=1.904)  val nll=+1.263(obj=+0.426 bg=+1.317) mse=1.786(obj=0.980 bg=1.838)  lr=1.69e-04  tot=5.8min
10:25:19  [733/1000]  train nll=+1.500(obj=+0.764 bg=+1.547) mse=1.997(obj=1.200 bg=2.049)  val nll=+1.352(obj=+0.407 bg=+1.413) mse=1.890(obj=1.005 bg=1.947)  lr=1.68e-04  tot=5.8min
10:25:19  [734/1000]  train nll=+1.431(obj=+0.664 bg=+1.479) mse=2.010(obj=1.146 bg=2.065)  val nll=+1.226(obj=+0.361 bg=+1.281) mse=1.807(obj=0.954 bg=1.861)  lr=1.67e-04  tot=5.8min
10:25:19    ↳ saved (val_nll=1.2262)
10:25:19  [735/1000]  train nll=+1.431(obj=+0.657 bg=+1.480) mse=2.113(obj=1.171 bg=2.172)  val nll=+1.339(obj=+0.413 bg=+1.399) mse=1.871(obj=0.981 bg=1.929)  lr=1.66e-04  tot=5.8min
10:25:20  [736/1000]  train nll=+1.449(obj=+0.680 bg=+1.497) mse=1.961(obj=1.141 bg=2.013)  val nll=+1.303(obj=+0.418 bg=+1.360) mse=1.906(obj=0.970 bg=1.966)  lr=1.65e-04  tot=5.8min
10:25:20  [737/1000]  train nll=+1.482(obj=+0.709 bg=+1.532) mse=2.006(obj=1.140 bg=2.061)  val nll=+1.184(obj=+0.317 bg=+1.239) mse=1.728(obj=0.931 bg=1.779)  lr=1.64e-04  tot=5.8min
10:25:20    ↳ saved (val_nll=1.1840)
10:25:21  [738/1000]  train nll=+1.489(obj=+0.579 bg=+1.549) mse=2.021(obj=1.164 bg=2.078)  val nll=+1.347(obj=+0.640 bg=+1.392) mse=1.961(obj=1.130 bg=2.015)  lr=1.62e-04  tot=5.8min
10:25:21  [739/1000]  train nll=+1.416(obj=+0.592 bg=+1.469) mse=1.931(obj=1.066 bg=1.987)  val nll=+1.235(obj=+0.304 bg=+1.295) mse=1.746(obj=0.939 bg=1.798)  lr=1.61e-04  tot=5.8min
10:25:22  [740/1000]  train nll=+1.466(obj=+0.547 bg=+1.523) mse=2.120(obj=1.074 bg=2.184)  val nll=+1.359(obj=+0.356 bg=+1.425) mse=1.906(obj=1.012 bg=1.965)  lr=1.60e-04  tot=5.8min
10:25:22  [741/1000]  train nll=+1.488(obj=+0.628 bg=+1.544) mse=1.981(obj=1.118 bg=2.037)  val nll=+1.307(obj=+0.425 bg=+1.363) mse=1.869(obj=1.050 bg=1.921)  lr=1.59e-04  tot=5.9min
10:25:23  [742/1000]  train nll=+1.454(obj=+0.627 bg=+1.507) mse=2.006(obj=1.109 bg=2.062)  val nll=+1.228(obj=+0.382 bg=+1.281) mse=1.820(obj=0.967 bg=1.874)  lr=1.58e-04  tot=5.9min
10:25:23  [743/1000]  train nll=+1.491(obj=+0.580 bg=+1.550) mse=2.096(obj=1.094 bg=2.160)  val nll=+1.320(obj=+0.433 bg=+1.376) mse=1.829(obj=1.018 bg=1.881)  lr=1.57e-04  tot=5.9min
10:25:24  [744/1000]  train nll=+1.402(obj=+0.597 bg=+1.455) mse=1.893(obj=1.084 bg=1.947)  val nll=+1.137(obj=+0.236 bg=+1.194) mse=1.766(obj=0.896 bg=1.823)  lr=1.55e-04  tot=5.9min
10:25:24    ↳ saved (val_nll=1.1367)
10:25:24  [745/1000]  train nll=+1.395(obj=+0.612 bg=+1.444) mse=1.888(obj=1.150 bg=1.934)  val nll=+1.225(obj=+0.324 bg=+1.283) mse=1.856(obj=0.957 bg=1.915)  lr=1.54e-04  tot=5.9min
10:25:25  [746/1000]  train nll=+1.493(obj=+0.697 bg=+1.544) mse=2.035(obj=1.227 bg=2.089)  val nll=+1.168(obj=+0.342 bg=+1.222) mse=1.703(obj=0.951 bg=1.753)  lr=1.53e-04  tot=5.9min
10:25:25  [747/1000]  train nll=+1.399(obj=+0.700 bg=+1.442) mse=1.967(obj=1.165 bg=2.018)  val nll=+1.190(obj=+0.279 bg=+1.251) mse=1.735(obj=0.955 bg=1.787)  lr=1.52e-04  tot=5.9min
10:25:25  [748/1000]  train nll=+1.434(obj=+0.749 bg=+1.478) mse=1.865(obj=1.180 bg=1.907)  val nll=+1.244(obj=+0.352 bg=+1.302) mse=1.882(obj=0.938 bg=1.943)  lr=1.51e-04  tot=5.9min
10:25:26  [749/1000]  train nll=+1.442(obj=+0.628 bg=+1.495) mse=1.967(obj=1.103 bg=2.024)  val nll=+1.348(obj=+0.468 bg=+1.404) mse=1.958(obj=1.024 bg=2.018)  lr=1.50e-04  tot=5.9min
10:25:26  [750/1000]  train nll=+1.453(obj=+0.672 bg=+1.504) mse=1.987(obj=1.119 bg=2.045)  val nll=+1.225(obj=+0.332 bg=+1.281) mse=1.796(obj=0.944 bg=1.850)  lr=1.49e-04  tot=5.9min
10:25:27  [751/1000]  train nll=+1.395(obj=+0.611 bg=+1.443) mse=1.966(obj=1.133 bg=2.016)  val nll=+1.240(obj=+0.373 bg=+1.295) mse=1.841(obj=0.992 bg=1.896)  lr=1.48e-04  tot=5.9min
10:25:27  [752/1000]  train nll=+1.388(obj=+0.557 bg=+1.443) mse=2.018(obj=1.095 bg=2.079)  val nll=+1.157(obj=+0.343 bg=+1.208) mse=1.809(obj=0.983 bg=1.862)  lr=1.46e-04  tot=5.9min
10:25:28  [753/1000]  train nll=+1.392(obj=+0.586 bg=+1.443) mse=2.034(obj=1.104 bg=2.093)  val nll=+1.235(obj=+0.499 bg=+1.283) mse=1.865(obj=1.048 bg=1.919)  lr=1.45e-04  tot=5.9min
10:25:28  [754/1000]  train nll=+1.281(obj=+0.555 bg=+1.329) mse=1.735(obj=1.082 bg=1.777)  val nll=+1.193(obj=+0.303 bg=+1.250) mse=1.795(obj=1.017 bg=1.845)  lr=1.44e-04  tot=6.0min
10:25:29  [755/1000]  train nll=+1.345(obj=+0.543 bg=+1.396) mse=1.875(obj=1.062 bg=1.927)  val nll=+1.297(obj=+0.361 bg=+1.358) mse=1.849(obj=0.969 bg=1.907)  lr=1.43e-04  tot=6.0min
10:25:29  [756/1000]  train nll=+1.388(obj=+0.499 bg=+1.445) mse=1.959(obj=1.027 bg=2.018)  val nll=+1.151(obj=+0.253 bg=+1.209) mse=1.703(obj=0.897 bg=1.756)  lr=1.42e-04  tot=6.0min
10:25:30  [757/1000]  train nll=+1.479(obj=+0.638 bg=+1.533) mse=2.043(obj=1.136 bg=2.101)  val nll=+1.170(obj=+0.322 bg=+1.224) mse=1.810(obj=0.974 bg=1.864)  lr=1.41e-04  tot=6.0min
10:25:30  [758/1000]  train nll=+1.398(obj=+0.503 bg=+1.459) mse=1.978(obj=1.048 bg=2.043)  val nll=+1.189(obj=+0.337 bg=+1.244) mse=1.843(obj=0.969 bg=1.900)  lr=1.40e-04  tot=6.0min
10:25:31  [759/1000]  train nll=+1.305(obj=+0.510 bg=+1.356) mse=1.868(obj=1.058 bg=1.920)  val nll=+1.215(obj=+0.284 bg=+1.274) mse=1.742(obj=0.898 bg=1.796)  lr=1.39e-04  tot=6.0min
10:25:31  [760/1000]  train nll=+1.443(obj=+0.650 bg=+1.495) mse=1.910(obj=1.127 bg=1.961)  val nll=+1.213(obj=+0.444 bg=+1.263) mse=1.760(obj=0.985 bg=1.810)  lr=1.38e-04  tot=6.0min
