10:44:40  overfit on 500 samples (val == train)
10:44:40  params: 1.62M
10:44:42  [  1/1000]  train nll=+5.218(obj=+5.120 bg=+5.223) mse=6.582(obj=5.808 bg=6.617)  val nll=+4.966(obj=+4.683 bg=+4.977) mse=7.312(obj=6.724 bg=7.340)  lr=4.00e-04  tot=0.0min
10:44:42    ↳ saved (val_nll=4.9663)
10:44:43  [  2/1000]  train nll=+5.317(obj=+4.898 bg=+5.334) mse=7.297(obj=6.430 bg=7.334)  val nll=+4.430(obj=+4.339 bg=+4.433) mse=5.926(obj=5.134 bg=5.963)  lr=6.00e-04  tot=0.0min
10:44:43    ↳ saved (val_nll=4.4302)
10:44:44  [  3/1000]  train nll=+5.417(obj=+5.216 bg=+5.425) mse=7.115(obj=6.817 bg=7.127)  val nll=+4.555(obj=+4.478 bg=+4.557) mse=7.048(obj=6.719 bg=7.065)  lr=8.00e-04  tot=0.1min
10:44:45  [  4/1000]  train nll=+4.373(obj=+4.141 bg=+4.382) mse=6.162(obj=5.496 bg=6.190)  val nll=+4.701(obj=+4.265 bg=+4.720) mse=7.042(obj=6.096 bg=7.087)  lr=1.00e-03  tot=0.1min
10:44:46  [  5/1000]  train nll=+4.414(obj=+4.164 bg=+4.425) mse=6.683(obj=5.892 bg=6.716)  val nll=+4.391(obj=+4.162 bg=+4.405) mse=6.269(obj=5.536 bg=6.303)  lr=1.00e-03  tot=0.1min
10:44:46    ↳ saved (val_nll=4.3913)
10:44:47  [  6/1000]  train nll=+4.517(obj=+4.355 bg=+4.523) mse=6.544(obj=5.722 bg=6.580)  val nll=+4.235(obj=+4.081 bg=+4.241) mse=5.815(obj=5.072 bg=5.850)  lr=1.00e-03  tot=0.1min
10:44:47    ↳ saved (val_nll=4.2351)
10:44:47  [  7/1000]  train nll=+4.279(obj=+3.998 bg=+4.289) mse=6.215(obj=5.354 bg=6.249)  val nll=+5.026(obj=+5.057 bg=+5.023) mse=8.010(obj=7.917 bg=8.017)  lr=1.00e-03  tot=0.1min
10:44:48  [  8/1000]  train nll=+4.470(obj=+4.182 bg=+4.481) mse=6.548(obj=5.515 bg=6.590)  val nll=+4.154(obj=+4.031 bg=+4.158) mse=5.768(obj=5.014 bg=5.802)  lr=1.00e-03  tot=0.1min
10:44:48    ↳ saved (val_nll=4.1536)
10:44:49  [  9/1000]  train nll=+4.651(obj=+4.534 bg=+4.656) mse=7.454(obj=6.842 bg=7.482)  val nll=+4.508(obj=+4.359 bg=+4.515) mse=7.008(obj=6.448 bg=7.035)  lr=1.00e-03  tot=0.1min
10:44:50  [ 10/1000]  train nll=+4.604(obj=+4.474 bg=+4.608) mse=7.241(obj=6.732 bg=7.262)  val nll=+4.553(obj=+4.460 bg=+4.557) mse=7.503(obj=7.277 bg=7.517)  lr=1.00e-03  tot=0.2min
10:44:50  [ 11/1000]  train nll=+4.503(obj=+4.301 bg=+4.512) mse=6.570(obj=6.338 bg=6.579)  val nll=+5.076(obj=+4.548 bg=+5.099) mse=6.500(obj=5.862 bg=6.531)  lr=1.00e-03  tot=0.2min
10:44:51  [ 12/1000]  train nll=+4.480(obj=+4.165 bg=+4.492) mse=6.707(obj=5.894 bg=6.738)  val nll=+4.081(obj=+3.839 bg=+4.091) mse=5.899(obj=5.267 bg=5.927)  lr=1.00e-03  tot=0.2min
10:44:51    ↳ saved (val_nll=4.0810)
10:44:52  [ 13/1000]  train nll=+4.112(obj=+3.972 bg=+4.117) mse=5.934(obj=5.535 bg=5.952)  val nll=+5.422(obj=+4.814 bg=+5.446) mse=6.714(obj=5.886 bg=6.752)  lr=1.00e-03  tot=0.2min
10:44:53  [ 14/1000]  train nll=+4.802(obj=+4.471 bg=+4.816) mse=6.782(obj=6.068 bg=6.813)  val nll=+4.345(obj=+4.156 bg=+4.353) mse=6.443(obj=5.719 bg=6.478)  lr=1.00e-03  tot=0.2min
10:44:54  [ 15/1000]  train nll=+4.363(obj=+4.166 bg=+4.372) mse=6.784(obj=6.223 bg=6.810)  val nll=+4.575(obj=+4.509 bg=+4.580) mse=6.229(obj=5.762 bg=6.253)  lr=1.00e-03  tot=0.2min
10:44:55  [ 16/1000]  train nll=+4.214(obj=+3.914 bg=+4.226) mse=6.139(obj=5.299 bg=6.174)  val nll=+4.314(obj=+4.137 bg=+4.322) mse=6.563(obj=5.912 bg=6.595)  lr=1.00e-03  tot=0.2min
10:44:56  [ 17/1000]  train nll=+4.346(obj=+3.961 bg=+4.361) mse=6.210(obj=5.468 bg=6.240)  val nll=+4.242(obj=+4.056 bg=+4.251) mse=5.805(obj=4.680 bg=5.855)  lr=1.00e-03  tot=0.3min
10:44:57  [ 18/1000]  train nll=+3.971(obj=+3.671 bg=+3.984) mse=5.687(obj=4.983 bg=5.718)  val nll=+4.888(obj=+4.611 bg=+4.900) mse=7.034(obj=6.512 bg=7.060)  lr=1.00e-03  tot=0.3min
10:44:57  [ 19/1000]  train nll=+4.348(obj=+3.944 bg=+4.365) mse=6.385(obj=5.467 bg=6.422)  val nll=+4.168(obj=+3.747 bg=+4.186) mse=5.955(obj=5.149 bg=5.994)  lr=1.00e-03  tot=0.3min
10:44:58  [ 20/1000]  train nll=+4.164(obj=+3.826 bg=+4.179) mse=6.196(obj=5.423 bg=6.231)  val nll=+4.124(obj=+3.898 bg=+4.135) mse=6.074(obj=5.636 bg=6.096)  lr=9.99e-04  tot=0.3min
10:44:59  [ 21/1000]  train nll=+4.224(obj=+3.964 bg=+4.235) mse=6.357(obj=5.683 bg=6.386)  val nll=+4.192(obj=+4.028 bg=+4.200) mse=6.348(obj=5.941 bg=6.370)  lr=9.99e-04  tot=0.3min
10:45:00  [ 22/1000]  train nll=+4.062(obj=+3.853 bg=+4.072) mse=6.001(obj=5.422 bg=6.029)  val nll=+4.515(obj=+4.299 bg=+4.525) mse=6.764(obj=6.429 bg=6.781)  lr=9.99e-04  tot=0.3min
10:45:01  [ 23/1000]  train nll=+4.297(obj=+4.056 bg=+4.308) mse=6.362(obj=5.777 bg=6.388)  val nll=+3.936(obj=+3.595 bg=+3.951) mse=5.751(obj=4.994 bg=5.787)  lr=9.99e-04  tot=0.3min
10:45:01    ↳ saved (val_nll=3.9360)
10:45:02  [ 24/1000]  train nll=+4.104(obj=+3.744 bg=+4.120) mse=6.095(obj=5.241 bg=6.132)  val nll=+4.183(obj=+3.888 bg=+4.196) mse=6.231(obj=5.367 bg=6.270)  lr=9.99e-04  tot=0.4min
10:45:03  [ 25/1000]  train nll=+3.892(obj=+3.534 bg=+3.906) mse=5.542(obj=4.655 bg=5.577)  val nll=+4.096(obj=+3.650 bg=+4.114) mse=6.104(obj=5.226 bg=6.144)  lr=9.99e-04  tot=0.4min
10:45:03  [ 26/1000]  train nll=+4.232(obj=+3.952 bg=+4.244) mse=6.333(obj=5.579 bg=6.365)  val nll=+4.433(obj=+4.091 bg=+4.449) mse=6.363(obj=5.655 bg=6.397)  lr=9.99e-04  tot=0.4min
10:45:04  [ 27/1000]  train nll=+4.076(obj=+3.841 bg=+4.087) mse=5.976(obj=5.467 bg=5.999)  val nll=+3.874(obj=+3.631 bg=+3.885) mse=5.599(obj=4.935 bg=5.630)  lr=9.99e-04  tot=0.4min
10:45:04    ↳ saved (val_nll=3.8739)
10:45:05  [ 28/1000]  train nll=+3.996(obj=+3.676 bg=+4.010) mse=5.932(obj=5.207 bg=5.966)  val nll=+4.031(obj=+3.652 bg=+4.048) mse=6.011(obj=5.143 bg=6.051)  lr=9.99e-04  tot=0.4min
10:45:06  [ 29/1000]  train nll=+4.005(obj=+3.694 bg=+4.018) mse=5.817(obj=4.979 bg=5.853)  val nll=+3.922(obj=+3.622 bg=+3.936) mse=5.740(obj=5.086 bg=5.770)  lr=9.99e-04  tot=0.4min
10:45:07  [ 30/1000]  train nll=+4.118(obj=+3.884 bg=+4.126) mse=6.210(obj=5.654 bg=6.232)  val nll=+4.118(obj=+3.763 bg=+4.133) mse=6.341(obj=5.411 bg=6.384)  lr=9.98e-04  tot=0.4min
10:45:07  [ 31/1000]  train nll=+4.014(obj=+3.722 bg=+4.027) mse=5.872(obj=5.214 bg=5.901)  val nll=+4.105(obj=+3.880 bg=+4.116) mse=5.714(obj=4.865 bg=5.751)  lr=9.98e-04  tot=0.5min
10:45:08  [ 32/1000]  train nll=+4.152(obj=+3.726 bg=+4.171) mse=5.939(obj=5.085 bg=5.977)  val nll=+4.377(obj=+4.251 bg=+4.385) mse=6.426(obj=5.985 bg=6.448)  lr=9.98e-04  tot=0.5min
10:45:09  [ 33/1000]  train nll=+4.008(obj=+3.662 bg=+4.023) mse=5.703(obj=4.743 bg=5.742)  val nll=+3.941(obj=+3.628 bg=+3.955) mse=5.858(obj=5.183 bg=5.888)  lr=9.98e-04  tot=0.5min
10:45:10  [ 34/1000]  train nll=+3.950(obj=+3.625 bg=+3.966) mse=5.786(obj=5.085 bg=5.820)  val nll=+4.012(obj=+3.835 bg=+4.020) mse=5.924(obj=5.389 bg=5.951)  lr=9.98e-04  tot=0.5min
10:45:11  [ 35/1000]  train nll=+4.105(obj=+3.752 bg=+4.119) mse=6.263(obj=5.406 bg=6.300)  val nll=+4.221(obj=+3.879 bg=+4.236) mse=6.303(obj=5.366 bg=6.345)  lr=9.98e-04  tot=0.5min
10:45:12  [ 36/1000]  train nll=+3.987(obj=+3.684 bg=+3.999) mse=5.874(obj=5.204 bg=5.902)  val nll=+4.096(obj=+3.672 bg=+4.114) mse=6.131(obj=5.345 bg=6.167)  lr=9.98e-04  tot=0.5min
10:45:12  [ 37/1000]  train nll=+3.958(obj=+3.544 bg=+3.977) mse=5.815(obj=4.802 bg=5.860)  val nll=+4.094(obj=+3.741 bg=+4.111) mse=5.965(obj=5.094 bg=6.006)  lr=9.97e-04  tot=0.5min
10:45:13  [ 38/1000]  train nll=+3.887(obj=+3.439 bg=+3.908) mse=5.624(obj=4.723 bg=5.666)  val nll=+3.949(obj=+3.760 bg=+3.959) mse=5.278(obj=4.528 bg=5.312)  lr=9.97e-04  tot=0.5min
10:45:14  [ 39/1000]  train nll=+3.928(obj=+3.524 bg=+3.945) mse=5.727(obj=4.696 bg=5.772)  val nll=+3.964(obj=+3.679 bg=+3.978) mse=5.815(obj=5.136 bg=5.848)  lr=9.97e-04  tot=0.6min
10:45:15  [ 40/1000]  train nll=+3.939(obj=+3.622 bg=+3.953) mse=5.792(obj=5.114 bg=5.822)  val nll=+4.443(obj=+4.399 bg=+4.446) mse=6.728(obj=6.584 bg=6.737)  lr=9.97e-04  tot=0.6min
10:45:16  [ 41/1000]  train nll=+3.920(obj=+3.604 bg=+3.933) mse=5.599(obj=4.704 bg=5.636)  val nll=+3.854(obj=+3.529 bg=+3.870) mse=5.563(obj=4.788 bg=5.600)  lr=9.97e-04  tot=0.6min
10:45:16    ↳ saved (val_nll=3.8540)
10:45:16  [ 42/1000]  train nll=+3.885(obj=+3.485 bg=+3.902) mse=5.640(obj=4.572 bg=5.687)  val nll=+4.009(obj=+3.671 bg=+4.024) mse=5.761(obj=5.174 bg=5.790)  lr=9.97e-04  tot=0.6min
10:45:17  [ 43/1000]  train nll=+4.043(obj=+3.721 bg=+4.056) mse=5.655(obj=4.859 bg=5.688)  val nll=+3.995(obj=+3.724 bg=+4.008) mse=5.963(obj=5.372 bg=5.994)  lr=9.96e-04  tot=0.6min
10:45:18  [ 44/1000]  train nll=+4.093(obj=+3.747 bg=+4.108) mse=6.155(obj=5.414 bg=6.187)  val nll=+3.969(obj=+3.692 bg=+3.980) mse=5.752(obj=5.215 bg=5.776)  lr=9.96e-04  tot=0.6min
10:45:19  [ 45/1000]  train nll=+3.953(obj=+3.632 bg=+3.966) mse=5.833(obj=5.097 bg=5.862)  val nll=+4.142(obj=+3.860 bg=+4.157) mse=6.230(obj=5.575 bg=6.265)  lr=9.96e-04  tot=0.6min
10:45:20  [ 46/1000]  train nll=+3.979(obj=+3.660 bg=+3.994) mse=5.990(obj=5.234 bg=6.024)  val nll=+3.905(obj=+3.651 bg=+3.918) mse=5.718(obj=5.197 bg=5.744)  lr=9.96e-04  tot=0.7min
10:45:20  [ 47/1000]  train nll=+3.889(obj=+3.657 bg=+3.899) mse=5.607(obj=5.142 bg=5.627)  val nll=+3.891(obj=+3.587 bg=+3.904) mse=5.772(obj=5.052 bg=5.806)  lr=9.96e-04  tot=0.7min
10:45:21  [ 48/1000]  train nll=+3.963(obj=+3.649 bg=+3.976) mse=5.954(obj=5.279 bg=5.985)  val nll=+4.008(obj=+3.667 bg=+4.023) mse=5.977(obj=5.173 bg=6.016)  lr=9.95e-04  tot=0.7min
10:45:22  [ 49/1000]  train nll=+4.070(obj=+3.823 bg=+4.081) mse=5.865(obj=5.187 bg=5.893)  val nll=+4.422(obj=+3.906 bg=+4.444) mse=5.929(obj=5.161 bg=5.963)  lr=9.95e-04  tot=0.7min
10:45:23  [ 50/1000]  train nll=+4.234(obj=+3.891 bg=+4.248) mse=6.132(obj=5.395 bg=6.164)  val nll=+4.512(obj=+4.441 bg=+4.520) mse=5.986(obj=5.559 bg=6.011)  lr=9.95e-04  tot=0.7min
10:45:24  [ 51/1000]  train nll=+4.242(obj=+4.019 bg=+4.252) mse=6.264(obj=5.578 bg=6.294)  val nll=+4.059(obj=+3.855 bg=+4.068) mse=5.945(obj=5.284 bg=5.974)  lr=9.95e-04  tot=0.7min
10:45:24  [ 52/1000]  train nll=+4.037(obj=+3.704 bg=+4.052) mse=6.011(obj=5.226 bg=6.046)  val nll=+3.906(obj=+3.590 bg=+3.921) mse=5.805(obj=5.002 bg=5.841)  lr=9.95e-04  tot=0.7min
10:45:25  [ 53/1000]  train nll=+3.982(obj=+3.622 bg=+3.997) mse=5.848(obj=4.950 bg=5.883)  val nll=+4.155(obj=+3.866 bg=+4.168) mse=6.386(obj=5.769 bg=6.416)  lr=9.94e-04  tot=0.7min
10:45:26  [ 54/1000]  train nll=+3.997(obj=+3.678 bg=+4.010) mse=5.965(obj=5.200 bg=5.998)  val nll=+3.844(obj=+3.705 bg=+3.850) mse=5.560(obj=5.231 bg=5.579)  lr=9.94e-04  tot=0.8min
10:45:26    ↳ saved (val_nll=3.8437)
10:45:27  [ 55/1000]  train nll=+3.896(obj=+3.574 bg=+3.910) mse=5.565(obj=4.736 bg=5.603)  val nll=+4.122(obj=+3.715 bg=+4.141) mse=5.541(obj=4.711 bg=5.581)  lr=9.94e-04  tot=0.8min
10:45:28  [ 56/1000]  train nll=+4.195(obj=+3.843 bg=+4.211) mse=6.034(obj=5.141 bg=6.072)  val nll=+3.909(obj=+3.623 bg=+3.922) mse=5.787(obj=5.082 bg=5.820)  lr=9.94e-04  tot=0.8min
10:45:28  [ 57/1000]  train nll=+4.320(obj=+3.986 bg=+4.335) mse=6.356(obj=5.625 bg=6.389)  val nll=+3.925(obj=+3.715 bg=+3.935) mse=5.690(obj=5.089 bg=5.718)  lr=9.93e-04  tot=0.8min
10:45:29  [ 58/1000]  train nll=+3.989(obj=+3.630 bg=+4.005) mse=5.781(obj=4.901 bg=5.819)  val nll=+4.002(obj=+3.729 bg=+4.015) mse=5.865(obj=5.176 bg=5.898)  lr=9.93e-04  tot=0.8min
10:45:30  [ 59/1000]  train nll=+4.030(obj=+3.638 bg=+4.047) mse=5.821(obj=4.891 bg=5.862)  val nll=+3.933(obj=+3.673 bg=+3.945) mse=5.830(obj=5.282 bg=5.856)  lr=9.93e-04  tot=0.8min
10:45:31  [ 60/1000]  train nll=+3.882(obj=+3.504 bg=+3.899) mse=5.581(obj=4.773 bg=5.616)  val nll=+4.124(obj=+3.784 bg=+4.138) mse=5.971(obj=5.171 bg=6.007)  lr=9.92e-04  tot=0.8min
10:45:31  [ 61/1000]  train nll=+3.866(obj=+3.579 bg=+3.879) mse=5.525(obj=4.945 bg=5.551)  val nll=+3.954(obj=+3.431 bg=+3.978) mse=5.751(obj=4.790 bg=5.795)  lr=9.92e-04  tot=0.9min
10:45:32  [ 62/1000]  train nll=+3.978(obj=+3.637 bg=+3.993) mse=5.813(obj=5.023 bg=5.849)  val nll=+4.147(obj=+3.942 bg=+4.156) mse=6.069(obj=5.402 bg=6.100)  lr=9.92e-04  tot=0.9min
10:45:33  [ 63/1000]  train nll=+3.977(obj=+3.690 bg=+3.988) mse=5.826(obj=5.150 bg=5.853)  val nll=+3.967(obj=+3.713 bg=+3.979) mse=5.967(obj=5.402 bg=5.996)  lr=9.92e-04  tot=0.9min
10:45:34  [ 64/1000]  train nll=+3.916(obj=+3.550 bg=+3.931) mse=5.757(obj=4.998 bg=5.788)  val nll=+3.913(obj=+3.689 bg=+3.924) mse=5.798(obj=5.069 bg=5.831)  lr=9.91e-04  tot=0.9min
10:45:35  [ 65/1000]  train nll=+3.971(obj=+3.568 bg=+3.989) mse=5.869(obj=4.742 bg=5.917)  val nll=+3.942(obj=+3.609 bg=+3.956) mse=5.884(obj=5.098 bg=5.922)  lr=9.91e-04  tot=0.9min
10:45:35  [ 66/1000]  train nll=+3.762(obj=+3.437 bg=+3.777) mse=5.399(obj=4.503 bg=5.440)  val nll=+3.839(obj=+3.604 bg=+3.851) mse=5.648(obj=5.174 bg=5.674)  lr=9.91e-04  tot=0.9min
10:45:35    ↳ saved (val_nll=3.8387)
10:45:36  [ 67/1000]  train nll=+3.873(obj=+3.470 bg=+3.889) mse=5.662(obj=4.778 bg=5.697)  val nll=+4.123(obj=+4.152 bg=+4.122) mse=6.186(obj=6.006 bg=6.195)  lr=9.90e-04  tot=0.9min
10:45:37  [ 68/1000]  train nll=+3.956(obj=+3.715 bg=+3.967) mse=5.673(obj=5.114 bg=5.697)  val nll=+4.001(obj=+3.753 bg=+4.013) mse=5.963(obj=5.161 bg=5.998)  lr=9.90e-04  tot=0.9min
10:45:38  [ 69/1000]  train nll=+4.046(obj=+3.750 bg=+4.059) mse=6.023(obj=5.200 bg=6.060)  val nll=+3.994(obj=+3.616 bg=+4.009) mse=5.943(obj=4.992 bg=5.983)  lr=9.90e-04  tot=1.0min
10:45:38  [ 70/1000]  train nll=+3.993(obj=+3.689 bg=+4.005) mse=5.933(obj=5.173 bg=5.965)  val nll=+3.817(obj=+3.487 bg=+3.832) mse=5.510(obj=4.645 bg=5.551)  lr=9.90e-04  tot=1.0min
10:45:38    ↳ saved (val_nll=3.8165)
10:45:39  [ 71/1000]  train nll=+3.967(obj=+3.707 bg=+3.979) mse=5.777(obj=5.069 bg=5.811)  val nll=+3.915(obj=+3.588 bg=+3.930) mse=5.776(obj=5.196 bg=5.804)  lr=9.89e-04  tot=1.0min
10:45:40  [ 72/1000]  train nll=+3.922(obj=+3.503 bg=+3.941) mse=5.777(obj=4.798 bg=5.822)  val nll=+4.098(obj=+3.693 bg=+4.118) mse=6.200(obj=5.233 bg=6.246)  lr=9.89e-04  tot=1.0min
10:45:41  [ 73/1000]  train nll=+3.990(obj=+3.597 bg=+4.008) mse=5.956(obj=4.891 bg=6.003)  val nll=+3.937(obj=+3.697 bg=+3.949) mse=5.834(obj=5.189 bg=5.864)  lr=9.89e-04  tot=1.0min
10:45:41  [ 74/1000]  train nll=+3.921(obj=+3.687 bg=+3.932) mse=5.643(obj=5.076 bg=5.667)  val nll=+3.812(obj=+3.445 bg=+3.830) mse=5.577(obj=4.651 bg=5.624)  lr=9.88e-04  tot=1.0min
10:45:41    ↳ saved (val_nll=3.8119)
10:45:42  [ 75/1000]  train nll=+3.851(obj=+3.548 bg=+3.863) mse=5.542(obj=4.967 bg=5.565)  val nll=+3.800(obj=+3.486 bg=+3.815) mse=5.570(obj=4.800 bg=5.606)  lr=9.88e-04  tot=1.0min
10:45:42    ↳ saved (val_nll=3.7998)
10:45:43  [ 76/1000]  train nll=+3.870(obj=+3.626 bg=+3.880) mse=5.621(obj=4.940 bg=5.651)  val nll=+3.759(obj=+3.356 bg=+3.779) mse=5.422(obj=4.557 bg=5.463)  lr=9.88e-04  tot=1.0min
10:45:43    ↳ saved (val_nll=3.7595)
10:45:44  [ 77/1000]  train nll=+4.032(obj=+3.710 bg=+4.047) mse=5.912(obj=5.094 bg=5.949)  val nll=+4.041(obj=+3.801 bg=+4.053) mse=6.108(obj=5.589 bg=6.133)  lr=9.87e-04  tot=1.1min
10:45:44  [ 78/1000]  train nll=+3.936(obj=+3.652 bg=+3.949) mse=5.893(obj=5.144 bg=5.928)  val nll=+3.857(obj=+3.537 bg=+3.873) mse=5.765(obj=5.093 bg=5.800)  lr=9.87e-04  tot=1.1min
10:45:45  [ 79/1000]  train nll=+3.891(obj=+3.618 bg=+3.904) mse=5.768(obj=5.166 bg=5.793)  val nll=+3.977(obj=+3.610 bg=+3.993) mse=5.683(obj=4.979 bg=5.715)  lr=9.86e-04  tot=1.1min
10:45:46  [ 80/1000]  train nll=+4.223(obj=+3.950 bg=+4.235) mse=6.018(obj=5.325 bg=6.050)  val nll=+4.011(obj=+3.745 bg=+4.022) mse=5.929(obj=5.290 bg=5.959)  lr=9.86e-04  tot=1.1min
10:45:47  [ 81/1000]  train nll=+3.817(obj=+3.524 bg=+3.829) mse=5.375(obj=4.815 bg=5.401)  val nll=+3.788(obj=+3.498 bg=+3.801) mse=5.372(obj=4.735 bg=5.402)  lr=9.86e-04  tot=1.1min
10:45:48  [ 82/1000]  train nll=+3.962(obj=+3.624 bg=+3.976) mse=5.805(obj=4.919 bg=5.843)  val nll=+3.997(obj=+3.533 bg=+4.019) mse=5.822(obj=4.872 bg=5.866)  lr=9.85e-04  tot=1.1min
10:45:49  [ 83/1000]  train nll=+3.937(obj=+3.369 bg=+3.962) mse=5.843(obj=4.442 bg=5.905)  val nll=+4.346(obj=+4.160 bg=+4.354) mse=6.724(obj=6.095 bg=6.752)  lr=9.85e-04  tot=1.1min
10:45:50  [ 84/1000]  train nll=+4.076(obj=+3.725 bg=+4.091) mse=5.902(obj=5.052 bg=5.937)  val nll=+3.926(obj=+3.614 bg=+3.941) mse=5.745(obj=4.897 bg=5.783)  lr=9.85e-04  tot=1.2min
10:45:50  [ 85/1000]  train nll=+3.855(obj=+3.502 bg=+3.871) mse=5.503(obj=4.640 bg=5.541)  val nll=+3.776(obj=+3.374 bg=+3.793) mse=5.556(obj=4.743 bg=5.594)  lr=9.84e-04  tot=1.2min
10:45:51  [ 86/1000]  train nll=+3.891(obj=+3.549 bg=+3.908) mse=5.639(obj=4.878 bg=5.676)  val nll=+3.862(obj=+3.621 bg=+3.873) mse=5.573(obj=5.039 bg=5.597)  lr=9.84e-04  tot=1.2min
10:45:52  [ 87/1000]  train nll=+4.019(obj=+3.697 bg=+4.032) mse=5.962(obj=5.106 bg=5.998)  val nll=+3.873(obj=+3.533 bg=+3.889) mse=5.807(obj=4.953 bg=5.847)  lr=9.83e-04  tot=1.2min
10:45:53  [ 88/1000]  train nll=+3.929(obj=+3.718 bg=+3.937) mse=5.609(obj=5.071 bg=5.630)  val nll=+3.834(obj=+3.472 bg=+3.851) mse=5.653(obj=4.964 bg=5.688)  lr=9.83e-04  tot=1.2min
10:45:53  [ 89/1000]  train nll=+3.952(obj=+3.654 bg=+3.965) mse=5.809(obj=5.065 bg=5.842)  val nll=+3.886(obj=+3.379 bg=+3.908) mse=5.637(obj=4.572 bg=5.684)  lr=9.83e-04  tot=1.2min
10:45:54  [ 90/1000]  train nll=+3.896(obj=+3.398 bg=+3.917) mse=5.679(obj=4.491 bg=5.729)  val nll=+4.031(obj=+3.708 bg=+4.046) mse=5.997(obj=5.078 bg=6.038)  lr=9.82e-04  tot=1.2min
10:45:55  [ 91/1000]  train nll=+3.887(obj=+3.558 bg=+3.901) mse=5.676(obj=4.835 bg=5.711)  val nll=+3.946(obj=+3.606 bg=+3.964) mse=6.094(obj=5.207 bg=6.139)  lr=9.82e-04  tot=1.2min
10:45:56  [ 92/1000]  train nll=+3.965(obj=+3.575 bg=+3.984) mse=5.773(obj=4.690 bg=5.823)  val nll=+3.906(obj=+3.530 bg=+3.922) mse=5.565(obj=4.871 bg=5.597)  lr=9.81e-04  tot=1.3min
10:45:57  [ 93/1000]  train nll=+4.206(obj=+3.713 bg=+4.227) mse=6.028(obj=4.708 bg=6.085)  val nll=+3.835(obj=+3.441 bg=+3.854) mse=5.651(obj=4.889 bg=5.688)  lr=9.81e-04  tot=1.3min
10:45:57  [ 94/1000]  train nll=+4.096(obj=+3.852 bg=+4.106) mse=5.782(obj=5.003 bg=5.815)  val nll=+3.857(obj=+3.494 bg=+3.874) mse=5.628(obj=4.655 bg=5.673)  lr=9.80e-04  tot=1.3min
10:45:58  [ 95/1000]  train nll=+4.079(obj=+3.819 bg=+4.089) mse=5.867(obj=5.257 bg=5.893)  val nll=+3.973(obj=+3.760 bg=+3.983) mse=5.928(obj=5.425 bg=5.953)  lr=9.80e-04  tot=1.3min
10:45:59  [ 96/1000]  train nll=+3.920(obj=+3.613 bg=+3.933) mse=5.771(obj=4.939 bg=5.808)  val nll=+4.440(obj=+4.266 bg=+4.447) mse=6.453(obj=5.848 bg=6.480)  lr=9.80e-04  tot=1.3min
10:46:00  [ 97/1000]  train nll=+3.954(obj=+3.544 bg=+3.973) mse=5.878(obj=4.905 bg=5.922)  val nll=+3.821(obj=+3.594 bg=+3.832) mse=5.515(obj=5.026 bg=5.540)  lr=9.79e-04  tot=1.3min
10:46:01  [ 98/1000]  train nll=+3.858(obj=+3.465 bg=+3.875) mse=5.455(obj=4.542 bg=5.496)  val nll=+3.774(obj=+3.373 bg=+3.793) mse=5.491(obj=4.608 bg=5.532)  lr=9.79e-04  tot=1.3min
10:46:02  [ 99/1000]  train nll=+4.198(obj=+3.977 bg=+4.211) mse=6.121(obj=5.268 bg=6.161)  val nll=+3.926(obj=+3.616 bg=+3.940) mse=5.636(obj=4.946 bg=5.669)  lr=9.78e-04  tot=1.4min
10:46:02  [100/1000]  train nll=+3.935(obj=+3.563 bg=+3.952) mse=5.839(obj=4.858 bg=5.883)  val nll=+4.128(obj=+3.817 bg=+4.143) mse=6.163(obj=5.564 bg=6.192)  lr=9.78e-04  tot=1.4min
10:46:03  [101/1000]  train nll=+3.952(obj=+3.551 bg=+3.970) mse=5.829(obj=4.848 bg=5.873)  val nll=+3.811(obj=+3.366 bg=+3.830) mse=5.564(obj=4.657 bg=5.604)  lr=9.77e-04  tot=1.4min
10:46:04  [102/1000]  train nll=+3.937(obj=+3.608 bg=+3.951) mse=5.749(obj=4.911 bg=5.782)  val nll=+3.860(obj=+3.480 bg=+3.876) mse=5.724(obj=4.686 bg=5.768)  lr=9.77e-04  tot=1.4min
10:46:05  [103/1000]  train nll=+3.779(obj=+3.325 bg=+3.797) mse=5.390(obj=4.421 bg=5.427)  val nll=+3.723(obj=+3.302 bg=+3.743) mse=5.370(obj=4.608 bg=5.406)  lr=9.76e-04  tot=1.4min
10:46:05    ↳ saved (val_nll=3.7231)
10:46:05  [104/1000]  train nll=+3.855(obj=+3.489 bg=+3.871) mse=5.332(obj=4.556 bg=5.366)  val nll=+4.610(obj=+4.745 bg=+4.605) mse=7.418(obj=7.977 bg=7.398)  lr=9.76e-04  tot=1.4min
10:46:06  [105/1000]  train nll=+4.015(obj=+3.629 bg=+4.033) mse=5.977(obj=5.167 bg=6.013)  val nll=+4.235(obj=+4.061 bg=+4.243) mse=6.578(obj=6.213 bg=6.596)  lr=9.75e-04  tot=1.4min
10:46:07  [106/1000]  train nll=+3.858(obj=+3.540 bg=+3.872) mse=5.489(obj=4.833 bg=5.518)  val nll=+4.567(obj=+4.575 bg=+4.566) mse=7.252(obj=7.111 bg=7.258)  lr=9.75e-04  tot=1.4min
10:46:08  [107/1000]  train nll=+3.807(obj=+3.408 bg=+3.825) mse=5.407(obj=4.466 bg=5.449)  val nll=+3.910(obj=+3.597 bg=+3.924) mse=5.706(obj=4.917 bg=5.742)  lr=9.74e-04  tot=1.5min
10:46:09  [108/1000]  train nll=+3.733(obj=+3.200 bg=+3.757) mse=5.375(obj=4.296 bg=5.423)  val nll=+4.074(obj=+3.789 bg=+4.087) mse=5.713(obj=5.139 bg=5.741)  lr=9.74e-04  tot=1.5min
10:46:10  [109/1000]  train nll=+3.995(obj=+3.721 bg=+4.006) mse=5.815(obj=5.018 bg=5.846)  val nll=+3.818(obj=+3.486 bg=+3.832) mse=5.559(obj=4.772 bg=5.595)  lr=9.73e-04  tot=1.5min
10:46:10  [110/1000]  train nll=+3.867(obj=+3.515 bg=+3.883) mse=5.606(obj=4.690 bg=5.647)  val nll=+3.725(obj=+3.460 bg=+3.737) mse=5.536(obj=4.870 bg=5.568)  lr=9.73e-04  tot=1.5min
10:46:11  [111/1000]  train nll=+3.702(obj=+3.298 bg=+3.720) mse=5.265(obj=4.467 bg=5.300)  val nll=+3.671(obj=+3.224 bg=+3.691) mse=5.312(obj=4.348 bg=5.355)  lr=9.72e-04  tot=1.5min
10:46:11    ↳ saved (val_nll=3.6709)
10:46:12  [112/1000]  train nll=+3.794(obj=+3.327 bg=+3.814) mse=5.547(obj=4.297 bg=5.602)  val nll=+3.691(obj=+3.331 bg=+3.708) mse=5.158(obj=4.488 bg=5.188)  lr=9.72e-04  tot=1.5min
10:46:13  [113/1000]  train nll=+3.820(obj=+3.489 bg=+3.835) mse=5.456(obj=4.840 bg=5.483)  val nll=+3.914(obj=+3.469 bg=+3.933) mse=5.764(obj=4.806 bg=5.807)  lr=9.71e-04  tot=1.5min
10:46:14  [114/1000]  train nll=+3.779(obj=+3.315 bg=+3.799) mse=5.533(obj=4.369 bg=5.584)  val nll=+3.809(obj=+3.452 bg=+3.826) mse=5.603(obj=4.723 bg=5.642)  lr=9.71e-04  tot=1.6min
10:46:15  [115/1000]  train nll=+3.666(obj=+3.267 bg=+3.683) mse=5.272(obj=4.431 bg=5.307)  val nll=+3.593(obj=+3.229 bg=+3.610) mse=5.165(obj=4.539 bg=5.196)  lr=9.70e-04  tot=1.6min
10:46:15    ↳ saved (val_nll=3.5930)
10:46:15  [116/1000]  train nll=+3.664(obj=+3.222 bg=+3.684) mse=5.229(obj=4.280 bg=5.271)  val nll=+3.978(obj=+3.817 bg=+3.985) mse=5.769(obj=5.527 bg=5.780)  lr=9.70e-04  tot=1.6min
10:46:16  [117/1000]  train nll=+3.777(obj=+3.270 bg=+3.798) mse=5.358(obj=4.282 bg=5.404)  val nll=+4.129(obj=+3.818 bg=+4.143) mse=6.170(obj=5.469 bg=6.201)  lr=9.69e-04  tot=1.6min
10:46:17  [118/1000]  train nll=+3.679(obj=+3.133 bg=+3.702) mse=5.159(obj=4.091 bg=5.203)  val nll=+4.556(obj=+4.002 bg=+4.579) mse=5.735(obj=4.746 bg=5.779)  lr=9.69e-04  tot=1.6min
10:46:18  [119/1000]  train nll=+4.310(obj=+4.062 bg=+4.318) mse=5.698(obj=4.712 bg=5.737)  val nll=+3.818(obj=+3.339 bg=+3.840) mse=5.429(obj=4.377 bg=5.477)  lr=9.68e-04  tot=1.6min
10:46:19  [120/1000]  train nll=+3.821(obj=+3.367 bg=+3.841) mse=5.419(obj=4.345 bg=5.466)  val nll=+3.755(obj=+3.398 bg=+3.771) mse=5.449(obj=4.728 bg=5.482)  lr=9.67e-04  tot=1.6min
10:46:20  [121/1000]  train nll=+3.717(obj=+3.329 bg=+3.735) mse=5.383(obj=4.438 bg=5.426)  val nll=+3.577(obj=+3.061 bg=+3.600) mse=5.092(obj=3.974 bg=5.140)  lr=9.67e-04  tot=1.7min
10:46:20    ↳ saved (val_nll=3.5775)
10:46:20  [122/1000]  train nll=+3.707(obj=+3.301 bg=+3.725) mse=5.238(obj=4.290 bg=5.279)  val nll=+3.648(obj=+3.319 bg=+3.663) mse=5.235(obj=4.375 bg=5.275)  lr=9.66e-04  tot=1.7min
10:46:21  [123/1000]  train nll=+3.884(obj=+3.538 bg=+3.899) mse=5.516(obj=4.549 bg=5.558)  val nll=+3.708(obj=+3.266 bg=+3.727) mse=5.341(obj=4.273 bg=5.389)  lr=9.66e-04  tot=1.7min
10:46:22  [124/1000]  train nll=+3.718(obj=+3.355 bg=+3.733) mse=5.247(obj=4.505 bg=5.280)  val nll=+3.729(obj=+3.143 bg=+3.754) mse=5.465(obj=4.370 bg=5.514)  lr=9.65e-04  tot=1.7min
10:46:23  [125/1000]  train nll=+3.810(obj=+3.384 bg=+3.828) mse=5.523(obj=4.571 bg=5.563)  val nll=+4.145(obj=+3.980 bg=+4.153) mse=5.818(obj=4.988 bg=5.855)  lr=9.65e-04  tot=1.7min
10:46:24  [126/1000]  train nll=+3.783(obj=+3.472 bg=+3.797) mse=5.328(obj=4.675 bg=5.356)  val nll=+3.755(obj=+3.435 bg=+3.770) mse=5.479(obj=4.657 bg=5.515)  lr=9.64e-04  tot=1.7min
10:46:24  [127/1000]  train nll=+3.718(obj=+3.285 bg=+3.738) mse=5.192(obj=4.176 bg=5.238)  val nll=+3.818(obj=+3.436 bg=+3.835) mse=5.583(obj=4.753 bg=5.622)  lr=9.63e-04  tot=1.7min
10:46:25  [128/1000]  train nll=+3.711(obj=+3.229 bg=+3.732) mse=5.305(obj=4.328 bg=5.348)  val nll=+3.802(obj=+3.508 bg=+3.816) mse=5.423(obj=4.788 bg=5.451)  lr=9.63e-04  tot=1.7min
10:46:26  [129/1000]  train nll=+3.615(obj=+3.201 bg=+3.633) mse=5.117(obj=4.184 bg=5.158)  val nll=+4.104(obj=+4.019 bg=+4.107) mse=5.825(obj=5.096 bg=5.859)  lr=9.62e-04  tot=1.8min
10:46:27  [130/1000]  train nll=+3.965(obj=+3.727 bg=+3.974) mse=5.634(obj=4.741 bg=5.671)  val nll=+3.697(obj=+3.248 bg=+3.718) mse=5.243(obj=4.032 bg=5.300)  lr=9.62e-04  tot=1.8min
10:46:27  [131/1000]  train nll=+3.825(obj=+3.414 bg=+3.842) mse=5.590(obj=4.555 bg=5.633)  val nll=+3.674(obj=+3.331 bg=+3.690) mse=5.277(obj=4.555 bg=5.312)  lr=9.61e-04  tot=1.8min
10:46:28  [132/1000]  train nll=+3.714(obj=+3.380 bg=+3.729) mse=5.337(obj=4.583 bg=5.370)  val nll=+3.835(obj=+3.485 bg=+3.851) mse=5.503(obj=4.752 bg=5.537)  lr=9.60e-04  tot=1.8min
10:46:29  [133/1000]  train nll=+3.781(obj=+3.358 bg=+3.799) mse=5.520(obj=4.419 bg=5.566)  val nll=+3.570(obj=+3.065 bg=+3.593) mse=5.075(obj=3.999 bg=5.125)  lr=9.60e-04  tot=1.8min
10:46:29    ↳ saved (val_nll=3.5701)
10:46:30  [134/1000]  train nll=+3.767(obj=+3.320 bg=+3.786) mse=5.461(obj=4.486 bg=5.501)  val nll=+3.738(obj=+3.349 bg=+3.756) mse=5.352(obj=4.478 bg=5.392)  lr=9.59e-04  tot=1.8min
10:46:31  [135/1000]  train nll=+3.682(obj=+3.233 bg=+3.703) mse=5.213(obj=4.273 bg=5.255)  val nll=+5.697(obj=+5.481 bg=+5.707) mse=7.175(obj=6.553 bg=7.205)  lr=9.59e-04  tot=1.8min
10:46:31  [136/1000]  train nll=+3.668(obj=+3.232 bg=+3.687) mse=5.066(obj=4.284 bg=5.100)  val nll=+3.820(obj=+3.545 bg=+3.832) mse=5.524(obj=4.683 bg=5.559)  lr=9.58e-04  tot=1.9min
10:46:32  [137/1000]  train nll=+3.672(obj=+3.208 bg=+3.693) mse=5.219(obj=4.241 bg=5.261)  val nll=+4.337(obj=+4.580 bg=+4.330) mse=6.051(obj=5.563 bg=6.078)  lr=9.57e-04  tot=1.9min
10:46:33  [138/1000]  train nll=+3.642(obj=+3.250 bg=+3.660) mse=5.062(obj=4.128 bg=5.103)  val nll=+4.330(obj=+4.382 bg=+4.330) mse=5.818(obj=5.555 bg=5.834)  lr=9.57e-04  tot=1.9min
10:46:34  [139/1000]  train nll=+3.731(obj=+3.211 bg=+3.753) mse=5.338(obj=4.151 bg=5.386)  val nll=+3.756(obj=+3.296 bg=+3.777) mse=5.517(obj=4.516 bg=5.563)  lr=9.56e-04  tot=1.9min
10:46:35  [140/1000]  train nll=+3.751(obj=+3.161 bg=+3.776) mse=5.533(obj=4.149 bg=5.593)  val nll=+3.714(obj=+3.187 bg=+3.737) mse=5.361(obj=4.205 bg=5.412)  lr=9.55e-04  tot=1.9min
10:46:35  [141/1000]  train nll=+3.932(obj=+3.671 bg=+3.944) mse=5.527(obj=4.869 bg=5.557)  val nll=+3.777(obj=+3.365 bg=+3.796) mse=5.317(obj=4.258 bg=5.364)  lr=9.55e-04  tot=1.9min
10:46:36  [142/1000]  train nll=+3.805(obj=+3.455 bg=+3.820) mse=5.427(obj=4.593 bg=5.463)  val nll=+3.641(obj=+3.214 bg=+3.660) mse=5.256(obj=4.373 bg=5.296)  lr=9.54e-04  tot=1.9min
10:46:37  [143/1000]  train nll=+3.798(obj=+3.451 bg=+3.814) mse=5.435(obj=4.614 bg=5.471)  val nll=+3.627(obj=+3.229 bg=+3.645) mse=5.100(obj=4.207 bg=5.142)  lr=9.53e-04  tot=1.9min
10:46:38  [144/1000]  train nll=+3.706(obj=+3.369 bg=+3.720) mse=5.323(obj=4.622 bg=5.353)  val nll=+3.557(obj=+3.068 bg=+3.579) mse=4.959(obj=3.823 bg=5.010)  lr=9.53e-04  tot=2.0min
10:46:38    ↳ saved (val_nll=3.5573)
10:46:39  [145/1000]  train nll=+3.609(obj=+3.121 bg=+3.629) mse=5.036(obj=4.020 bg=5.079)  val nll=+3.667(obj=+3.291 bg=+3.682) mse=5.154(obj=4.285 bg=5.192)  lr=9.52e-04  tot=2.0min
10:46:39  [146/1000]  train nll=+3.580(obj=+3.075 bg=+3.601) mse=5.077(obj=3.824 bg=5.131)  val nll=+4.013(obj=+3.824 bg=+4.023) mse=5.692(obj=5.104 bg=5.721)  lr=9.51e-04  tot=2.0min
10:46:40  [147/1000]  train nll=+3.679(obj=+3.136 bg=+3.703) mse=5.162(obj=4.077 bg=5.210)  val nll=+3.737(obj=+3.280 bg=+3.757) mse=5.407(obj=4.413 bg=5.451)  lr=9.51e-04  tot=2.0min
10:46:41  [148/1000]  train nll=+3.669(obj=+3.163 bg=+3.690) mse=5.112(obj=4.116 bg=5.155)  val nll=+4.099(obj=+3.276 bg=+4.134) mse=5.865(obj=4.427 bg=5.928)  lr=9.50e-04  tot=2.0min
10:46:42  [149/1000]  train nll=+3.773(obj=+3.255 bg=+3.795) mse=5.435(obj=4.364 bg=5.478)  val nll=+3.801(obj=+3.227 bg=+3.827) mse=5.290(obj=4.207 bg=5.340)  lr=9.49e-04  tot=2.0min
10:46:43  [150/1000]  train nll=+3.697(obj=+3.169 bg=+3.720) mse=5.263(obj=4.174 bg=5.311)  val nll=+4.148(obj=+4.210 bg=+4.146) mse=5.662(obj=5.403 bg=5.676)  lr=9.49e-04  tot=2.0min
10:46:43  [151/1000]  train nll=+3.622(obj=+3.031 bg=+3.647) mse=5.213(obj=3.962 bg=5.267)  val nll=+4.137(obj=+3.912 bg=+4.148) mse=5.751(obj=4.930 bg=5.788)  lr=9.48e-04  tot=2.1min
10:46:44  [152/1000]  train nll=+3.644(obj=+3.075 bg=+3.670) mse=5.167(obj=3.956 bg=5.220)  val nll=+3.774(obj=+3.334 bg=+3.793) mse=5.426(obj=4.393 bg=5.470)  lr=9.47e-04  tot=2.1min
10:46:45  [153/1000]  train nll=+3.874(obj=+3.624 bg=+3.885) mse=5.550(obj=4.703 bg=5.587)  val nll=+3.719(obj=+3.384 bg=+3.733) mse=5.333(obj=4.643 bg=5.364)  lr=9.46e-04  tot=2.1min
10:46:46  [154/1000]  train nll=+3.717(obj=+3.257 bg=+3.736) mse=5.320(obj=4.194 bg=5.368)  val nll=+3.829(obj=+3.515 bg=+3.843) mse=5.450(obj=4.808 bg=5.480)  lr=9.46e-04  tot=2.1min
10:46:47  [155/1000]  train nll=+3.711(obj=+3.236 bg=+3.731) mse=5.387(obj=4.179 bg=5.436)  val nll=+3.767(obj=+3.236 bg=+3.792) mse=5.302(obj=4.325 bg=5.347)  lr=9.45e-04  tot=2.1min
10:46:47  [156/1000]  train nll=+3.598(obj=+2.968 bg=+3.625) mse=5.257(obj=3.966 bg=5.312)  val nll=+3.474(obj=+2.890 bg=+3.501) mse=4.956(obj=3.881 bg=5.006)  lr=9.44e-04  tot=2.1min
10:46:47    ↳ saved (val_nll=3.4742)
10:46:48  [157/1000]  train nll=+3.770(obj=+3.474 bg=+3.781) mse=5.116(obj=4.298 bg=5.152)  val nll=+3.680(obj=+3.333 bg=+3.698) mse=5.279(obj=4.448 bg=5.320)  lr=9.44e-04  tot=2.1min
10:46:49  [158/1000]  train nll=+3.600(obj=+3.065 bg=+3.624) mse=5.188(obj=4.025 bg=5.237)  val nll=+3.614(obj=+3.407 bg=+3.622) mse=5.043(obj=4.473 bg=5.067)  lr=9.43e-04  tot=2.1min
10:46:50  [159/1000]  train nll=+3.690(obj=+3.292 bg=+3.708) mse=5.225(obj=4.124 bg=5.273)  val nll=+3.720(obj=+3.531 bg=+3.729) mse=5.303(obj=4.582 bg=5.337)  lr=9.42e-04  tot=2.2min
10:46:51  [160/1000]  train nll=+3.554(obj=+3.063 bg=+3.576) mse=5.087(obj=4.215 bg=5.124)  val nll=+3.512(obj=+3.158 bg=+3.528) mse=4.958(obj=4.257 bg=4.990)  lr=9.41e-04  tot=2.2min
10:46:52  [161/1000]  train nll=+3.599(obj=+3.068 bg=+3.622) mse=5.205(obj=4.086 bg=5.253)  val nll=+3.740(obj=+3.549 bg=+3.749) mse=5.282(obj=4.694 bg=5.309)  lr=9.41e-04  tot=2.2min
10:46:53  [162/1000]  train nll=+3.689(obj=+3.184 bg=+3.711) mse=5.337(obj=4.226 bg=5.386)  val nll=+3.623(obj=+3.144 bg=+3.644) mse=5.180(obj=4.168 bg=5.225)  lr=9.40e-04  tot=2.2min
10:46:53  [163/1000]  train nll=+3.516(obj=+2.936 bg=+3.541) mse=4.877(obj=3.701 bg=4.929)  val nll=+3.984(obj=+3.314 bg=+4.013) mse=5.608(obj=4.099 bg=5.675)  lr=9.39e-04  tot=2.2min
10:46:54  [164/1000]  train nll=+3.557(obj=+3.090 bg=+3.577) mse=4.999(obj=4.052 bg=5.041)  val nll=+3.565(obj=+3.234 bg=+3.581) mse=4.933(obj=4.342 bg=4.962)  lr=9.38e-04  tot=2.2min
10:46:55  [165/1000]  train nll=+3.624(obj=+3.253 bg=+3.641) mse=4.960(obj=4.141 bg=4.995)  val nll=+3.514(obj=+3.061 bg=+3.535) mse=4.988(obj=4.051 bg=5.030)  lr=9.38e-04  tot=2.2min
10:46:56  [166/1000]  train nll=+3.470(obj=+2.895 bg=+3.495) mse=4.968(obj=3.904 bg=5.014)  val nll=+3.468(obj=+2.825 bg=+3.496) mse=4.995(obj=3.702 bg=5.052)  lr=9.37e-04  tot=2.3min
10:46:56    ↳ saved (val_nll=3.4681)
10:46:57  [167/1000]  train nll=+3.519(obj=+3.041 bg=+3.540) mse=4.924(obj=4.112 bg=4.958)  val nll=+4.541(obj=+4.781 bg=+4.533) mse=5.860(obj=5.551 bg=5.877)  lr=9.36e-04  tot=2.3min
10:46:58  [168/1000]  train nll=+3.743(obj=+3.363 bg=+3.759) mse=5.223(obj=4.280 bg=5.263)  val nll=+3.814(obj=+3.319 bg=+3.836) mse=5.471(obj=4.424 bg=5.520)  lr=9.35e-04  tot=2.3min
10:46:58  [169/1000]  train nll=+3.596(obj=+3.012 bg=+3.622) mse=4.926(obj=3.941 bg=4.971)  val nll=+3.515(obj=+3.023 bg=+3.538) mse=5.007(obj=4.039 bg=5.051)  lr=9.35e-04  tot=2.3min
10:46:59  [170/1000]  train nll=+3.544(obj=+2.896 bg=+3.572) mse=5.036(obj=3.700 bg=5.094)  val nll=+3.748(obj=+3.255 bg=+3.772) mse=5.304(obj=4.324 bg=5.350)  lr=9.34e-04  tot=2.3min
10:47:00  [171/1000]  train nll=+3.596(obj=+3.092 bg=+3.617) mse=5.165(obj=4.081 bg=5.210)  val nll=+4.055(obj=+4.206 bg=+4.048) mse=5.571(obj=5.336 bg=5.584)  lr=9.33e-04  tot=2.3min
10:47:01  [172/1000]  train nll=+4.038(obj=+3.932 bg=+4.041) mse=5.784(obj=5.102 bg=5.809)  val nll=+3.693(obj=+3.305 bg=+3.711) mse=5.094(obj=4.053 bg=5.139)  lr=9.32e-04  tot=2.3min
10:47:01  [173/1000]  train nll=+3.698(obj=+3.278 bg=+3.717) mse=5.296(obj=4.582 bg=5.328)  val nll=+3.683(obj=+3.202 bg=+3.706) mse=5.368(obj=4.164 bg=5.421)  lr=9.31e-04  tot=2.4min
10:47:02  [174/1000]  train nll=+3.641(obj=+3.237 bg=+3.659) mse=5.205(obj=4.211 bg=5.247)  val nll=+3.744(obj=+3.383 bg=+3.760) mse=5.270(obj=4.485 bg=5.304)  lr=9.31e-04  tot=2.4min
10:47:03  [175/1000]  train nll=+3.732(obj=+3.204 bg=+3.756) mse=5.297(obj=4.187 bg=5.350)  val nll=+3.802(obj=+3.301 bg=+3.824) mse=5.485(obj=4.299 bg=5.536)  lr=9.30e-04  tot=2.4min
10:47:04  [176/1000]  train nll=+3.549(obj=+3.160 bg=+3.567) mse=5.060(obj=4.233 bg=5.098)  val nll=+3.499(obj=+2.816 bg=+3.529) mse=4.986(obj=3.843 bg=5.037)  lr=9.29e-04  tot=2.4min
10:47:05  [177/1000]  train nll=+3.667(obj=+3.181 bg=+3.687) mse=5.173(obj=3.993 bg=5.224)  val nll=+4.116(obj=+3.949 bg=+4.124) mse=5.704(obj=5.089 bg=5.732)  lr=9.28e-04  tot=2.4min
10:47:06  [178/1000]  train nll=+3.950(obj=+3.748 bg=+3.959) mse=5.528(obj=4.729 bg=5.563)  val nll=+3.850(obj=+3.441 bg=+3.869) mse=5.560(obj=4.510 bg=5.608)  lr=9.27e-04  tot=2.4min
10:47:07  [179/1000]  train nll=+3.579(obj=+3.141 bg=+3.599) mse=5.000(obj=3.959 bg=5.045)  val nll=+3.470(obj=+3.022 bg=+3.490) mse=4.952(obj=4.090 bg=4.992)  lr=9.26e-04  tot=2.4min
10:47:07  [180/1000]  train nll=+3.521(obj=+2.786 bg=+3.553) mse=5.027(obj=3.599 bg=5.089)  val nll=+3.622(obj=+3.039 bg=+3.648) mse=5.205(obj=4.047 bg=5.255)  lr=9.26e-04  tot=2.5min
10:47:08  [181/1000]  train nll=+3.501(obj=+2.986 bg=+3.524) mse=5.005(obj=4.119 bg=5.044)  val nll=+3.996(obj=+4.148 bg=+3.991) mse=5.425(obj=4.916 bg=5.450)  lr=9.25e-04  tot=2.5min
10:47:09  [182/1000]  train nll=+3.709(obj=+3.315 bg=+3.726) mse=5.139(obj=4.044 bg=5.185)  val nll=+3.727(obj=+3.166 bg=+3.753) mse=5.456(obj=4.266 bg=5.509)  lr=9.24e-04  tot=2.5min
10:47:10  [183/1000]  train nll=+3.632(obj=+3.072 bg=+3.656) mse=5.129(obj=4.163 bg=5.170)  val nll=+3.985(obj=+3.331 bg=+4.014) mse=5.684(obj=4.368 bg=5.743)  lr=9.23e-04  tot=2.5min
10:47:10  [184/1000]  train nll=+4.007(obj=+3.716 bg=+4.019) mse=5.761(obj=4.890 bg=5.799)  val nll=+3.723(obj=+3.324 bg=+3.741) mse=5.165(obj=4.327 bg=5.202)  lr=9.22e-04  tot=2.5min
10:47:11  [185/1000]  train nll=+3.479(obj=+2.885 bg=+3.504) mse=4.761(obj=3.658 bg=4.807)  val nll=+3.622(obj=+2.948 bg=+3.652) mse=5.003(obj=3.909 bg=5.054)  lr=9.21e-04  tot=2.5min
10:47:12  [186/1000]  train nll=+3.607(obj=+2.973 bg=+3.634) mse=5.100(obj=3.993 bg=5.148)  val nll=+3.650(obj=+3.060 bg=+3.677) mse=5.123(obj=3.945 bg=5.174)  lr=9.21e-04  tot=2.5min
10:47:13  [187/1000]  train nll=+3.563(obj=+2.984 bg=+3.589) mse=5.048(obj=3.831 bg=5.100)  val nll=+3.632(obj=+2.816 bg=+3.667) mse=5.168(obj=3.886 bg=5.223)  lr=9.20e-04  tot=2.5min
10:47:14  [188/1000]  train nll=+3.649(obj=+3.185 bg=+3.668) mse=5.133(obj=4.285 bg=5.168)  val nll=+3.901(obj=+3.875 bg=+3.905) mse=5.587(obj=5.247 bg=5.606)  lr=9.19e-04  tot=2.6min
10:47:15  [189/1000]  train nll=+3.565(obj=+2.965 bg=+3.592) mse=4.964(obj=3.658 bg=5.022)  val nll=+3.756(obj=+3.463 bg=+3.770) mse=5.286(obj=4.617 bg=5.316)  lr=9.18e-04  tot=2.6min
10:47:15  [190/1000]  train nll=+3.711(obj=+3.292 bg=+3.730) mse=5.098(obj=3.977 bg=5.146)  val nll=+3.505(obj=+3.140 bg=+3.522) mse=4.800(obj=4.084 bg=4.831)  lr=9.17e-04  tot=2.6min
10:47:16  [191/1000]  train nll=+3.479(obj=+2.871 bg=+3.505) mse=4.910(obj=3.706 bg=4.963)  val nll=+3.630(obj=+3.403 bg=+3.641) mse=5.060(obj=4.159 bg=5.100)  lr=9.16e-04  tot=2.6min
10:47:17  [192/1000]  train nll=+3.466(obj=+2.799 bg=+3.495) mse=4.953(obj=3.592 bg=5.012)  val nll=+3.490(obj=+2.774 bg=+3.522) mse=5.116(obj=3.694 bg=5.179)  lr=9.15e-04  tot=2.6min
10:47:18  [193/1000]  train nll=+3.836(obj=+3.657 bg=+3.847) mse=5.216(obj=4.390 bg=5.252)  val nll=+3.443(obj=+2.807 bg=+3.471) mse=5.014(obj=3.665 bg=5.071)  lr=9.15e-04  tot=2.6min
10:47:18    ↳ saved (val_nll=3.4434)
10:47:18  [194/1000]  train nll=+3.734(obj=+3.174 bg=+3.757) mse=5.304(obj=4.015 bg=5.357)  val nll=+3.640(obj=+2.892 bg=+3.673) mse=5.056(obj=3.932 bg=5.108)  lr=9.14e-04  tot=2.6min
10:47:19  [195/1000]  train nll=+3.757(obj=+3.249 bg=+3.780) mse=5.247(obj=4.106 bg=5.296)  val nll=+4.047(obj=+4.040 bg=+4.049) mse=5.730(obj=5.521 bg=5.742)  lr=9.13e-04  tot=2.6min
10:47:20  [196/1000]  train nll=+3.597(obj=+2.987 bg=+3.623) mse=5.129(obj=3.894 bg=5.182)  val nll=+3.572(obj=+2.899 bg=+3.602) mse=5.297(obj=3.954 bg=5.357)  lr=9.12e-04  tot=2.7min
10:47:21  [197/1000]  train nll=+3.521(obj=+2.914 bg=+3.548) mse=4.866(obj=3.680 bg=4.917)  val nll=+3.454(obj=+2.774 bg=+3.483) mse=4.915(obj=3.684 bg=4.970)  lr=9.11e-04  tot=2.7min
10:47:22  [198/1000]  train nll=+3.622(obj=+3.147 bg=+3.642) mse=5.006(obj=3.901 bg=5.053)  val nll=+3.573(obj=+3.049 bg=+3.597) mse=5.126(obj=4.060 bg=5.175)  lr=9.10e-04  tot=2.7min
10:47:23  [199/1000]  train nll=+3.558(obj=+3.021 bg=+3.582) mse=4.923(obj=3.849 bg=4.970)  val nll=+3.888(obj=+3.470 bg=+3.907) mse=5.188(obj=4.475 bg=5.221)  lr=9.09e-04  tot=2.7min
10:47:23  [200/1000]  train nll=+3.698(obj=+3.154 bg=+3.723) mse=5.223(obj=4.253 bg=5.267)  val nll=+3.675(obj=+3.323 bg=+3.691) mse=5.062(obj=4.365 bg=5.094)  lr=9.08e-04  tot=2.7min
10:47:24  [201/1000]  train nll=+3.536(obj=+3.009 bg=+3.559) mse=4.846(obj=3.627 bg=4.899)  val nll=+3.420(obj=+2.603 bg=+3.456) mse=4.697(obj=3.426 bg=4.752)  lr=9.07e-04  tot=2.7min
10:47:24    ↳ saved (val_nll=3.4203)
10:47:25  [202/1000]  train nll=+3.423(obj=+2.888 bg=+3.446) mse=4.697(obj=3.809 bg=4.737)  val nll=+3.380(obj=+2.663 bg=+3.412) mse=4.876(obj=3.445 bg=4.940)  lr=9.06e-04  tot=2.7min
10:47:25    ↳ saved (val_nll=3.3804)
10:47:26  [203/1000]  train nll=+3.595(obj=+3.104 bg=+3.615) mse=4.930(obj=3.650 bg=4.984)  val nll=+3.729(obj=+3.574 bg=+3.735) mse=5.272(obj=4.695 bg=5.296)  lr=9.06e-04  tot=2.8min
10:47:26  [204/1000]  train nll=+3.468(obj=+2.805 bg=+3.498) mse=4.973(obj=3.448 bg=5.040)  val nll=+4.042(obj=+3.821 bg=+4.055) mse=5.494(obj=4.623 bg=5.535)  lr=9.05e-04  tot=2.8min
10:47:27  [205/1000]  train nll=+3.358(obj=+2.653 bg=+3.390) mse=4.760(obj=3.643 bg=4.811)  val nll=+3.482(obj=+2.835 bg=+3.511) mse=4.824(obj=3.745 bg=4.873)  lr=9.04e-04  tot=2.8min
10:47:28  [206/1000]  train nll=+3.552(obj=+2.906 bg=+3.580) mse=5.084(obj=3.798 bg=5.141)  val nll=+3.482(obj=+2.997 bg=+3.504) mse=4.861(obj=3.867 bg=4.904)  lr=9.03e-04  tot=2.8min
10:47:29  [207/1000]  train nll=+3.392(obj=+2.736 bg=+3.420) mse=4.795(obj=3.434 bg=4.853)  val nll=+4.309(obj=+4.142 bg=+4.317) mse=5.784(obj=4.871 bg=5.823)  lr=9.02e-04  tot=2.8min
10:47:30  [208/1000]  train nll=+3.494(obj=+2.881 bg=+3.521) mse=5.068(obj=3.867 bg=5.120)  val nll=+3.379(obj=+2.743 bg=+3.408) mse=4.777(obj=3.336 bg=4.839)  lr=9.01e-04  tot=2.8min
10:47:30    ↳ saved (val_nll=3.3794)
10:47:30  [209/1000]  train nll=+3.340(obj=+2.688 bg=+3.369) mse=4.783(obj=3.557 bg=4.837)  val nll=+3.226(obj=+2.522 bg=+3.257) mse=4.563(obj=3.332 bg=4.617)  lr=9.00e-04  tot=2.8min
10:47:30    ↳ saved (val_nll=3.2264)
10:47:31  [210/1000]  train nll=+3.750(obj=+3.582 bg=+3.759) mse=4.873(obj=4.025 bg=4.912)  val nll=+3.410(obj=+2.884 bg=+3.433) mse=4.984(obj=4.006 bg=5.028)  lr=8.99e-04  tot=2.8min
10:47:32  [211/1000]  train nll=+3.347(obj=+2.695 bg=+3.375) mse=4.710(obj=3.450 bg=4.766)  val nll=+3.450(obj=+2.577 bg=+3.488) mse=5.068(obj=3.760 bg=5.126)  lr=8.98e-04  tot=2.9min
10:47:33  [212/1000]  train nll=+3.789(obj=+3.350 bg=+3.805) mse=5.039(obj=4.059 bg=5.078)  val nll=+3.594(obj=+3.056 bg=+3.617) mse=5.068(obj=3.938 bg=5.119)  lr=8.97e-04  tot=2.9min
10:47:34  [213/1000]  train nll=+3.736(obj=+3.426 bg=+3.749) mse=5.329(obj=4.524 bg=5.365)  val nll=+3.753(obj=+3.152 bg=+3.779) mse=5.458(obj=4.147 bg=5.515)  lr=8.96e-04  tot=2.9min
10:47:35  [214/1000]  train nll=+3.537(obj=+2.968 bg=+3.562) mse=4.980(obj=3.805 bg=5.031)  val nll=+3.627(obj=+3.452 bg=+3.636) mse=5.126(obj=4.630 bg=5.149)  lr=8.95e-04  tot=2.9min
10:47:35  [215/1000]  train nll=+3.509(obj=+2.793 bg=+3.541) mse=4.938(obj=3.664 bg=4.994)  val nll=+3.474(obj=+2.931 bg=+3.499) mse=4.888(obj=4.068 bg=4.927)  lr=8.94e-04  tot=2.9min
10:47:36  [216/1000]  train nll=+3.416(obj=+2.763 bg=+3.444) mse=4.828(obj=3.658 bg=4.878)  val nll=+3.487(obj=+2.999 bg=+3.508) mse=4.897(obj=3.882 bg=4.942)  lr=8.93e-04  tot=2.9min
10:47:37  [217/1000]  train nll=+3.308(obj=+2.728 bg=+3.333) mse=4.738(obj=3.706 bg=4.784)  val nll=+3.588(obj=+3.190 bg=+3.606) mse=5.060(obj=3.945 bg=5.111)  lr=8.92e-04  tot=2.9min
10:47:38  [218/1000]  train nll=+3.624(obj=+3.058 bg=+3.650) mse=5.114(obj=3.840 bg=5.171)  val nll=+3.863(obj=+3.800 bg=+3.865) mse=5.237(obj=4.777 bg=5.258)  lr=8.91e-04  tot=3.0min
10:47:39  [219/1000]  train nll=+3.542(obj=+3.037 bg=+3.565) mse=5.092(obj=4.095 bg=5.137)  val nll=+3.370(obj=+2.947 bg=+3.390) mse=4.883(obj=4.012 bg=4.922)  lr=8.90e-04  tot=3.0min
10:47:39  [220/1000]  train nll=+3.393(obj=+2.788 bg=+3.420) mse=4.838(obj=3.667 bg=4.889)  val nll=+3.309(obj=+2.642 bg=+3.338) mse=4.761(obj=3.532 bg=4.814)  lr=8.89e-04  tot=3.0min
10:47:40  [221/1000]  train nll=+3.594(obj=+2.989 bg=+3.622) mse=4.957(obj=3.722 bg=5.011)  val nll=+5.098(obj=+6.041 bg=+5.055) mse=5.799(obj=5.268 bg=5.824)  lr=8.88e-04  tot=3.0min
10:47:41  [222/1000]  train nll=+3.829(obj=+3.630 bg=+3.839) mse=5.208(obj=4.322 bg=5.248)  val nll=+3.659(obj=+3.078 bg=+3.685) mse=5.127(obj=4.040 bg=5.178)  lr=8.87e-04  tot=3.0min
10:47:42  [223/1000]  train nll=+3.466(obj=+2.863 bg=+3.491) mse=4.896(obj=3.827 bg=4.940)  val nll=+3.410(obj=+2.651 bg=+3.443) mse=4.925(obj=3.857 bg=4.974)  lr=8.86e-04  tot=3.0min
10:47:43  [224/1000]  train nll=+3.363(obj=+2.659 bg=+3.395) mse=4.769(obj=3.571 bg=4.823)  val nll=+3.228(obj=+2.549 bg=+3.258) mse=4.492(obj=3.383 bg=4.542)  lr=8.85e-04  tot=3.0min
10:47:44  [225/1000]  train nll=+3.671(obj=+3.269 bg=+3.688) mse=5.174(obj=4.091 bg=5.221)  val nll=+3.475(obj=+2.887 bg=+3.502) mse=4.969(obj=3.942 bg=5.016)  lr=8.84e-04  tot=3.1min
10:47:45  [226/1000]  train nll=+3.433(obj=+2.824 bg=+3.460) mse=4.890(obj=3.771 bg=4.940)  val nll=+3.434(obj=+2.959 bg=+3.455) mse=4.853(obj=3.914 bg=4.893)  lr=8.83e-04  tot=3.1min
10:47:45  [227/1000]  train nll=+3.451(obj=+2.925 bg=+3.474) mse=4.858(obj=3.752 bg=4.907)  val nll=+3.356(obj=+2.788 bg=+3.380) mse=4.904(obj=3.870 bg=4.949)  lr=8.82e-04  tot=3.1min
10:47:46  [228/1000]  train nll=+3.693(obj=+3.157 bg=+3.717) mse=5.075(obj=3.844 bg=5.129)  val nll=+4.060(obj=+3.750 bg=+4.074) mse=5.478(obj=4.829 bg=5.508)  lr=8.81e-04  tot=3.1min
10:47:47  [229/1000]  train nll=+3.687(obj=+3.238 bg=+3.707) mse=5.152(obj=4.105 bg=5.197)  val nll=+3.496(obj=+3.015 bg=+3.517) mse=4.894(obj=3.789 bg=4.942)  lr=8.80e-04  tot=3.1min
10:47:48  [230/1000]  train nll=+3.475(obj=+2.796 bg=+3.506) mse=4.792(obj=3.849 bg=4.835)  val nll=+4.324(obj=+3.179 bg=+4.371) mse=5.154(obj=3.927 bg=5.209)  lr=8.79e-04  tot=3.1min
10:47:49  [231/1000]  train nll=+4.297(obj=+3.856 bg=+4.315) mse=5.308(obj=4.112 bg=5.359)  val nll=+4.288(obj=+4.303 bg=+4.288) mse=5.863(obj=5.157 bg=5.894)  lr=8.78e-04  tot=3.1min
10:47:49  [232/1000]  train nll=+3.748(obj=+3.315 bg=+3.767) mse=5.313(obj=4.229 bg=5.360)  val nll=+3.452(obj=+2.797 bg=+3.481) mse=4.908(obj=3.847 bg=4.957)  lr=8.77e-04  tot=3.2min
10:47:50  [233/1000]  train nll=+4.010(obj=+3.916 bg=+4.015) mse=5.221(obj=4.185 bg=5.267)  val nll=+3.578(obj=+2.978 bg=+3.605) mse=5.119(obj=4.397 bg=5.153)  lr=8.76e-04  tot=3.2min
10:47:51  [234/1000]  train nll=+3.523(obj=+2.759 bg=+3.557) mse=4.950(obj=3.637 bg=5.009)  val nll=+3.748(obj=+3.250 bg=+3.771) mse=5.272(obj=4.235 bg=5.321)  lr=8.75e-04  tot=3.2min
10:47:52  [235/1000]  train nll=+3.470(obj=+2.892 bg=+3.496) mse=4.912(obj=3.812 bg=4.961)  val nll=+3.436(obj=+2.827 bg=+3.463) mse=5.028(obj=3.720 bg=5.086)  lr=8.74e-04  tot=3.2min
10:47:53  [236/1000]  train nll=+3.611(obj=+3.377 bg=+3.621) mse=4.901(obj=3.948 bg=4.943)  val nll=+3.847(obj=+3.784 bg=+3.850) mse=5.255(obj=4.725 bg=5.280)  lr=8.73e-04  tot=3.2min
10:47:54  [237/1000]  train nll=+3.451(obj=+2.752 bg=+3.481) mse=4.974(obj=3.629 bg=5.031)  val nll=+3.310(obj=+2.605 bg=+3.340) mse=4.832(obj=3.467 bg=4.890)  lr=8.72e-04  tot=3.2min
10:47:54  [238/1000]  train nll=+3.522(obj=+3.091 bg=+3.540) mse=4.747(obj=3.438 bg=4.804)  val nll=+3.364(obj=+2.582 bg=+3.399) mse=4.951(obj=3.779 bg=5.006)  lr=8.71e-04  tot=3.2min
10:47:55  [239/1000]  train nll=+3.861(obj=+3.601 bg=+3.871) mse=5.177(obj=4.279 bg=5.214)  val nll=+3.733(obj=+3.437 bg=+3.746) mse=5.250(obj=4.565 bg=5.281)  lr=8.70e-04  tot=3.2min
10:47:56  [240/1000]  train nll=+3.486(obj=+2.928 bg=+3.510) mse=4.903(obj=3.728 bg=4.953)  val nll=+3.358(obj=+2.690 bg=+3.388) mse=4.755(obj=3.465 bg=4.814)  lr=8.69e-04  tot=3.3min
10:47:57  [241/1000]  train nll=+3.302(obj=+2.688 bg=+3.329) mse=4.629(obj=3.576 bg=4.675)  val nll=+3.767(obj=+3.417 bg=+3.783) mse=5.089(obj=4.252 bg=5.128)  lr=8.68e-04  tot=3.3min
10:47:58  [242/1000]  train nll=+3.379(obj=+2.744 bg=+3.407) mse=4.720(obj=3.597 bg=4.769)  val nll=+3.194(obj=+2.454 bg=+3.227) mse=4.600(obj=3.411 bg=4.654)  lr=8.67e-04  tot=3.3min
10:47:58    ↳ saved (val_nll=3.1944)
10:47:58  [243/1000]  train nll=+3.424(obj=+2.774 bg=+3.454) mse=4.996(obj=3.896 bg=5.049)  val nll=+3.412(obj=+2.714 bg=+3.443) mse=4.743(obj=3.706 bg=4.789)  lr=8.65e-04  tot=3.3min
10:47:59  [244/1000]  train nll=+3.486(obj=+3.134 bg=+3.501) mse=4.679(obj=3.743 bg=4.719)  val nll=+3.438(obj=+2.995 bg=+3.458) mse=4.936(obj=4.122 bg=4.975)  lr=8.64e-04  tot=3.3min
10:48:00  [245/1000]  train nll=+3.332(obj=+2.660 bg=+3.361) mse=4.809(obj=3.520 bg=4.866)  val nll=+3.311(obj=+2.760 bg=+3.336) mse=4.740(obj=3.687 bg=4.787)  lr=8.63e-04  tot=3.3min
10:48:01  [246/1000]  train nll=+3.306(obj=+2.528 bg=+3.340) mse=4.773(obj=3.363 bg=4.835)  val nll=+3.399(obj=+2.818 bg=+3.426) mse=4.804(obj=3.411 bg=4.865)  lr=8.62e-04  tot=3.3min
10:48:02  [247/1000]  train nll=+3.321(obj=+2.527 bg=+3.356) mse=4.691(obj=3.390 bg=4.748)  val nll=+3.246(obj=+2.643 bg=+3.273) mse=4.645(obj=3.595 bg=4.691)  lr=8.61e-04  tot=3.4min
10:48:03  [248/1000]  train nll=+3.272(obj=+2.502 bg=+3.305) mse=4.638(obj=3.252 bg=4.697)  val nll=+3.244(obj=+2.502 bg=+3.277) mse=4.609(obj=3.343 bg=4.666)  lr=8.60e-04  tot=3.4min
10:48:03  [249/1000]  train nll=+3.298(obj=+2.688 bg=+3.324) mse=4.619(obj=3.596 bg=4.663)  val nll=+3.273(obj=+2.611 bg=+3.302) mse=4.874(obj=4.011 bg=4.914)  lr=8.59e-04  tot=3.4min
10:48:04  [250/1000]  train nll=+3.443(obj=+2.754 bg=+3.472) mse=4.880(obj=3.684 bg=4.930)  val nll=+3.402(obj=+2.856 bg=+3.426) mse=4.797(obj=3.855 bg=4.838)  lr=8.58e-04  tot=3.4min
10:48:05  [251/1000]  train nll=+3.364(obj=+2.770 bg=+3.389) mse=4.832(obj=3.648 bg=4.882)  val nll=+3.169(obj=+2.468 bg=+3.200) mse=4.528(obj=3.405 bg=4.577)  lr=8.57e-04  tot=3.4min
10:48:05    ↳ saved (val_nll=3.1690)
10:48:06  [252/1000]  train nll=+3.383(obj=+2.677 bg=+3.415) mse=4.771(obj=3.503 bg=4.830)  val nll=+3.164(obj=+2.571 bg=+3.190) mse=4.474(obj=3.378 bg=4.522)  lr=8.56e-04  tot=3.4min
10:48:06    ↳ saved (val_nll=3.1641)
10:48:07  [253/1000]  train nll=+3.346(obj=+2.736 bg=+3.372) mse=4.719(obj=3.457 bg=4.774)  val nll=+3.571(obj=+3.140 bg=+3.590) mse=4.864(obj=3.673 bg=4.916)  lr=8.55e-04  tot=3.4min
10:48:07  [254/1000]  train nll=+3.297(obj=+2.658 bg=+3.326) mse=4.581(obj=3.279 bg=4.639)  val nll=+3.140(obj=+2.489 bg=+3.169) mse=4.539(obj=3.565 bg=4.584)  lr=8.53e-04  tot=3.5min
10:48:07    ↳ saved (val_nll=3.1403)
10:48:08  [255/1000]  train nll=+3.323(obj=+2.663 bg=+3.352) mse=4.662(obj=3.470 bg=4.713)  val nll=+3.460(obj=+2.839 bg=+3.487) mse=4.831(obj=4.100 bg=4.865)  lr=8.52e-04  tot=3.5min
10:48:09  [256/1000]  train nll=+3.304(obj=+2.583 bg=+3.335) mse=4.741(obj=3.286 bg=4.804)  val nll=+3.148(obj=+2.446 bg=+3.179) mse=4.578(obj=3.374 bg=4.632)  lr=8.51e-04  tot=3.5min
10:48:10  [257/1000]  train nll=+3.554(obj=+3.061 bg=+3.574) mse=4.867(obj=3.686 bg=4.916)  val nll=+3.542(obj=+2.955 bg=+3.567) mse=4.958(obj=3.835 bg=5.006)  lr=8.50e-04  tot=3.5min
10:48:11  [258/1000]  train nll=+3.356(obj=+2.906 bg=+3.375) mse=4.576(obj=3.587 bg=4.618)  val nll=+3.313(obj=+2.863 bg=+3.333) mse=4.803(obj=3.759 bg=4.848)  lr=8.49e-04  tot=3.5min
10:48:12  [259/1000]  train nll=+3.299(obj=+2.736 bg=+3.324) mse=4.646(obj=3.478 bg=4.698)  val nll=+3.356(obj=+2.742 bg=+3.382) mse=4.722(obj=3.707 bg=4.766)  lr=8.48e-04  tot=3.5min
10:48:12  [260/1000]  train nll=+3.205(obj=+2.555 bg=+3.233) mse=4.504(obj=3.445 bg=4.549)  val nll=+3.152(obj=+2.352 bg=+3.186) mse=4.641(obj=3.218 bg=4.704)  lr=8.47e-04  tot=3.5min
10:48:13  [261/1000]  train nll=+3.185(obj=+2.459 bg=+3.217) mse=4.656(obj=3.459 bg=4.707)  val nll=+3.285(obj=+2.341 bg=+3.326) mse=4.748(obj=3.352 bg=4.810)  lr=8.46e-04  tot=3.6min
10:48:14  [262/1000]  train nll=+3.474(obj=+2.864 bg=+3.501) mse=4.915(obj=3.371 bg=4.983)  val nll=+3.725(obj=+2.744 bg=+3.767) mse=5.393(obj=3.538 bg=5.476)  lr=8.44e-04  tot=3.6min
10:48:15  [263/1000]  train nll=+3.691(obj=+2.989 bg=+3.722) mse=5.278(obj=3.796 bg=5.343)  val nll=+3.719(obj=+3.463 bg=+3.731) mse=5.285(obj=4.662 bg=5.314)  lr=8.43e-04  tot=3.6min
10:48:16  [264/1000]  train nll=+3.286(obj=+2.574 bg=+3.317) mse=4.552(obj=3.326 bg=4.606)  val nll=+3.257(obj=+2.624 bg=+3.285) mse=4.736(obj=3.654 bg=4.785)  lr=8.42e-04  tot=3.6min
10:48:17  [265/1000]  train nll=+3.432(obj=+2.848 bg=+3.456) mse=4.836(obj=3.535 bg=4.892)  val nll=+3.333(obj=+2.633 bg=+3.364) mse=4.845(obj=3.565 bg=4.903)  lr=8.41e-04  tot=3.6min
10:48:17  [266/1000]  train nll=+3.342(obj=+2.689 bg=+3.371) mse=4.622(obj=3.369 bg=4.678)  val nll=+3.319(obj=+2.638 bg=+3.349) mse=4.756(obj=3.744 bg=4.801)  lr=8.40e-04  tot=3.6min
10:48:18  [267/1000]  train nll=+3.495(obj=+2.889 bg=+3.522) mse=4.892(obj=3.612 bg=4.951)  val nll=+3.268(obj=+2.590 bg=+3.299) mse=4.835(obj=3.714 bg=4.885)  lr=8.39e-04  tot=3.6min
10:48:19  [268/1000]  train nll=+3.211(obj=+2.461 bg=+3.243) mse=4.519(obj=3.319 bg=4.569)  val nll=+3.082(obj=+2.360 bg=+3.113) mse=4.515(obj=3.327 bg=4.567)  lr=8.37e-04  tot=3.6min
10:48:19    ↳ saved (val_nll=3.0815)
10:48:20  [269/1000]  train nll=+3.510(obj=+2.924 bg=+3.533) mse=4.679(obj=3.563 bg=4.723)  val nll=+3.473(obj=+2.973 bg=+3.493) mse=4.911(obj=3.797 bg=4.959)  lr=8.36e-04  tot=3.7min
10:48:21  [270/1000]  train nll=+3.323(obj=+2.591 bg=+3.355) mse=4.718(obj=3.265 bg=4.781)  val nll=+3.391(obj=+2.675 bg=+3.422) mse=4.888(obj=3.570 bg=4.945)  lr=8.35e-04  tot=3.7min
10:48:21  [271/1000]  train nll=+3.344(obj=+2.662 bg=+3.373) mse=4.864(obj=3.477 bg=4.924)  val nll=+3.354(obj=+2.740 bg=+3.381) mse=4.620(obj=3.426 bg=4.673)  lr=8.34e-04  tot=3.7min
10:48:22  [272/1000]  train nll=+3.252(obj=+2.679 bg=+3.278) mse=4.632(obj=3.619 bg=4.675)  val nll=+3.587(obj=+3.516 bg=+3.592) mse=4.897(obj=4.400 bg=4.923)  lr=8.33e-04  tot=3.7min
10:48:23  [273/1000]  train nll=+3.326(obj=+2.583 bg=+3.357) mse=4.763(obj=3.377 bg=4.819)  val nll=+5.307(obj=+6.388 bg=+5.262) mse=6.127(obj=5.722 bg=6.147)  lr=8.32e-04  tot=3.7min
10:48:24  [274/1000]  train nll=+3.492(obj=+2.924 bg=+3.516) mse=4.902(obj=3.737 bg=4.954)  val nll=+3.295(obj=+2.738 bg=+3.319) mse=4.656(obj=3.630 bg=4.700)  lr=8.30e-04  tot=3.7min
10:48:25  [275/1000]  train nll=+3.308(obj=+2.634 bg=+3.337) mse=4.627(obj=3.496 bg=4.676)  val nll=+4.237(obj=+4.597 bg=+4.223) mse=4.976(obj=4.267 bg=5.008)  lr=8.29e-04  tot=3.7min
10:48:26  [276/1000]  train nll=+3.259(obj=+2.537 bg=+3.289) mse=4.501(obj=3.108 bg=4.560)  val nll=+3.170(obj=+2.369 bg=+3.204) mse=4.633(obj=3.323 bg=4.691)  lr=8.28e-04  tot=3.8min
10:48:26  [277/1000]  train nll=+3.173(obj=+2.334 bg=+3.209) mse=4.529(obj=2.842 bg=4.602)  val nll=+3.825(obj=+3.449 bg=+3.841) mse=4.953(obj=3.899 bg=4.998)  lr=8.27e-04  tot=3.8min
10:48:27  [278/1000]  train nll=+3.666(obj=+3.085 bg=+3.690) mse=5.012(obj=3.865 bg=5.060)  val nll=+3.502(obj=+2.798 bg=+3.533) mse=4.973(obj=3.634 bg=5.033)  lr=8.26e-04  tot=3.8min
10:48:28  [279/1000]  train nll=+3.387(obj=+2.816 bg=+3.413) mse=4.738(obj=3.616 bg=4.789)  val nll=+3.711(obj=+3.421 bg=+3.723) mse=5.098(obj=4.251 bg=5.133)  lr=8.24e-04  tot=3.8min
10:48:29  [280/1000]  train nll=+3.913(obj=+3.993 bg=+3.907) mse=4.979(obj=4.031 bg=5.020)  val nll=+3.469(obj=+3.166 bg=+3.483) mse=4.847(obj=3.808 bg=4.894)  lr=8.23e-04  tot=3.8min
10:48:29  [281/1000]  train nll=+3.453(obj=+2.895 bg=+3.477) mse=4.882(obj=3.567 bg=4.939)  val nll=+3.186(obj=+2.521 bg=+3.215) mse=4.621(obj=3.484 bg=4.671)  lr=8.22e-04  tot=3.8min
10:48:30  [282/1000]  train nll=+3.212(obj=+2.536 bg=+3.242) mse=4.572(obj=3.459 bg=4.621)  val nll=+3.211(obj=+2.563 bg=+3.240) mse=4.593(obj=3.691 bg=4.635)  lr=8.21e-04  tot=3.8min
10:48:31  [283/1000]  train nll=+3.236(obj=+2.471 bg=+3.268) mse=4.466(obj=3.398 bg=4.511)  val nll=+3.258(obj=+2.497 bg=+3.291) mse=4.703(obj=3.586 bg=4.753)  lr=8.20e-04  tot=3.8min
10:48:32  [284/1000]  train nll=+3.529(obj=+2.963 bg=+3.554) mse=4.927(obj=3.740 bg=4.980)  val nll=+3.926(obj=+3.761 bg=+3.936) mse=5.200(obj=4.408 bg=5.238)  lr=8.18e-04  tot=3.9min
10:48:33  [285/1000]  train nll=+3.286(obj=+2.590 bg=+3.316) mse=4.549(obj=3.181 bg=4.609)  val nll=+3.278(obj=+2.807 bg=+3.298) mse=4.615(obj=3.435 bg=4.667)  lr=8.17e-04  tot=3.9min
10:48:33  [286/1000]  train nll=+3.181(obj=+2.389 bg=+3.215) mse=4.565(obj=3.140 bg=4.626)  val nll=+3.504(obj=+2.911 bg=+3.529) mse=5.015(obj=4.112 bg=5.055)  lr=8.16e-04  tot=3.9min
10:48:34  [287/1000]  train nll=+3.454(obj=+2.926 bg=+3.477) mse=4.874(obj=3.793 bg=4.921)  val nll=+3.413(obj=+2.839 bg=+3.439) mse=4.836(obj=3.589 bg=4.889)  lr=8.15e-04  tot=3.9min
10:48:35  [288/1000]  train nll=+3.287(obj=+2.749 bg=+3.312) mse=4.663(obj=3.821 bg=4.702)  val nll=+3.318(obj=+2.797 bg=+3.341) mse=4.676(obj=3.421 bg=4.730)  lr=8.14e-04  tot=3.9min
10:48:36  [289/1000]  train nll=+3.229(obj=+2.566 bg=+3.259) mse=4.604(obj=3.564 bg=4.650)  val nll=+3.298(obj=+2.642 bg=+3.327) mse=4.826(obj=3.613 bg=4.879)  lr=8.12e-04  tot=3.9min
10:48:37  [290/1000]  train nll=+3.084(obj=+2.387 bg=+3.114) mse=4.327(obj=3.386 bg=4.367)  val nll=+3.024(obj=+2.242 bg=+3.059) mse=4.603(obj=3.398 bg=4.657)  lr=8.11e-04  tot=3.9min
10:48:37    ↳ saved (val_nll=3.0244)
10:48:37  [291/1000]  train nll=+3.201(obj=+2.457 bg=+3.234) mse=4.466(obj=3.206 bg=4.521)  val nll=+3.358(obj=+2.695 bg=+3.387) mse=4.647(obj=3.371 bg=4.704)  lr=8.10e-04  tot=4.0min
10:48:38  [292/1000]  train nll=+3.193(obj=+2.475 bg=+3.224) mse=4.455(obj=3.129 bg=4.511)  val nll=+3.281(obj=+2.439 bg=+3.318) mse=4.758(obj=3.277 bg=4.823)  lr=8.09e-04  tot=4.0min
10:48:39  [293/1000]  train nll=+3.234(obj=+2.478 bg=+3.267) mse=4.562(obj=3.313 bg=4.617)  val nll=+3.331(obj=+2.925 bg=+3.349) mse=4.520(obj=3.521 bg=4.564)  lr=8.07e-04  tot=4.0min
10:48:40  [294/1000]  train nll=+3.266(obj=+2.552 bg=+3.296) mse=4.553(obj=3.358 bg=4.604)  val nll=+3.249(obj=+2.532 bg=+3.280) mse=4.718(obj=3.286 bg=4.782)  lr=8.06e-04  tot=4.0min
10:48:41  [295/1000]  train nll=+3.300(obj=+2.715 bg=+3.325) mse=4.707(obj=3.369 bg=4.765)  val nll=+3.381(obj=+3.173 bg=+3.389) mse=4.741(obj=3.696 bg=4.786)  lr=8.05e-04  tot=4.0min
10:48:42  [296/1000]  train nll=+3.223(obj=+2.460 bg=+3.256) mse=4.539(obj=3.133 bg=4.600)  val nll=+3.106(obj=+2.466 bg=+3.135) mse=4.336(obj=3.133 bg=4.390)  lr=8.04e-04  tot=4.0min
10:48:43  [297/1000]  train nll=+3.161(obj=+2.368 bg=+3.196) mse=4.415(obj=3.123 bg=4.471)  val nll=+3.115(obj=+2.166 bg=+3.155) mse=4.403(obj=2.752 bg=4.472)  lr=8.02e-04  tot=4.0min
10:48:43  [298/1000]  train nll=+3.160(obj=+2.190 bg=+3.202) mse=4.576(obj=2.820 bg=4.652)  val nll=+3.013(obj=+2.321 bg=+3.044) mse=4.236(obj=2.942 bg=4.292)  lr=8.01e-04  tot=4.1min
10:48:43    ↳ saved (val_nll=3.0128)
10:48:44  [299/1000]  train nll=+3.205(obj=+2.520 bg=+3.235) mse=4.423(obj=3.130 bg=4.478)  val nll=+3.545(obj=+3.028 bg=+3.568) mse=4.973(obj=4.178 bg=5.008)  lr=8.00e-04  tot=4.1min
10:48:45  [300/1000]  train nll=+3.197(obj=+2.475 bg=+3.230) mse=4.595(obj=3.396 bg=4.650)  val nll=+3.139(obj=+2.433 bg=+3.170) mse=4.542(obj=3.549 bg=4.585)  lr=7.99e-04  tot=4.1min
10:48:46  [301/1000]  train nll=+3.364(obj=+2.801 bg=+3.388) mse=4.851(obj=3.602 bg=4.905)  val nll=+3.387(obj=+2.912 bg=+3.409) mse=4.708(obj=3.696 bg=4.755)  lr=7.97e-04  tot=4.1min
10:48:46  [302/1000]  train nll=+3.287(obj=+2.515 bg=+3.321) mse=4.448(obj=3.001 bg=4.512)  val nll=+3.054(obj=+2.354 bg=+3.086) mse=4.328(obj=2.965 bg=4.389)  lr=7.96e-04  tot=4.1min
10:48:47  [303/1000]  train nll=+3.179(obj=+2.450 bg=+3.211) mse=4.368(obj=3.109 bg=4.423)  val nll=+3.198(obj=+2.456 bg=+3.230) mse=4.279(obj=2.908 bg=4.338)  lr=7.95e-04  tot=4.1min
10:48:48  [304/1000]  train nll=+3.234(obj=+2.379 bg=+3.270) mse=4.404(obj=2.839 bg=4.472)  val nll=+3.073(obj=+2.218 bg=+3.111) mse=4.341(obj=2.829 bg=4.408)  lr=7.93e-04  tot=4.1min
10:48:49  [305/1000]  train nll=+3.313(obj=+2.627 bg=+3.343) mse=4.680(obj=3.169 bg=4.747)  val nll=+3.683(obj=+2.734 bg=+3.724) mse=4.886(obj=3.193 bg=4.959)  lr=7.92e-04  tot=4.1min
10:48:49  [306/1000]  train nll=+3.446(obj=+2.743 bg=+3.475) mse=4.676(obj=3.373 bg=4.732)  val nll=+3.174(obj=+2.401 bg=+3.207) mse=4.390(obj=2.997 bg=4.452)  lr=7.91e-04  tot=4.2min
10:48:50  [307/1000]  train nll=+3.258(obj=+2.509 bg=+3.290) mse=4.574(obj=3.143 bg=4.635)  val nll=+3.379(obj=+2.678 bg=+3.409) mse=4.728(obj=3.616 bg=4.777)  lr=7.90e-04  tot=4.2min
10:48:51  [308/1000]  train nll=+3.252(obj=+2.529 bg=+3.282) mse=4.451(obj=3.051 bg=4.511)  val nll=+3.495(obj=+2.956 bg=+3.518) mse=5.050(obj=3.692 bg=5.108)  lr=7.88e-04  tot=4.2min
10:48:52  [309/1000]  train nll=+3.211(obj=+2.424 bg=+3.247) mse=4.549(obj=3.104 bg=4.614)  val nll=+3.146(obj=+2.353 bg=+3.181) mse=4.530(obj=3.231 bg=4.587)  lr=7.87e-04  tot=4.2min
10:48:53  [310/1000]  train nll=+3.218(obj=+2.413 bg=+3.253) mse=4.497(obj=3.058 bg=4.561)  val nll=+3.324(obj=+2.385 bg=+3.365) mse=4.510(obj=2.828 bg=4.583)  lr=7.86e-04  tot=4.2min
10:48:53  [311/1000]  train nll=+3.267(obj=+2.531 bg=+3.298) mse=4.262(obj=2.899 bg=4.322)  val nll=+3.277(obj=+2.564 bg=+3.309) mse=4.624(obj=3.451 bg=4.678)  lr=7.84e-04  tot=4.2min
10:48:54  [312/1000]  train nll=+3.217(obj=+2.532 bg=+3.247) mse=4.416(obj=3.081 bg=4.475)  val nll=+3.097(obj=+2.335 bg=+3.131) mse=4.290(obj=2.984 bg=4.348)  lr=7.83e-04  tot=4.2min
10:48:55  [313/1000]  train nll=+3.171(obj=+2.465 bg=+3.203) mse=4.435(obj=3.137 bg=4.492)  val nll=+3.138(obj=+2.496 bg=+3.166) mse=4.458(obj=3.381 bg=4.505)  lr=7.82e-04  tot=4.2min
10:48:56  [314/1000]  train nll=+3.193(obj=+2.429 bg=+3.227) mse=4.480(obj=3.076 bg=4.542)  val nll=+3.054(obj=+2.222 bg=+3.091) mse=4.223(obj=3.113 bg=4.272)  lr=7.81e-04  tot=4.3min
10:48:56  [315/1000]  train nll=+3.038(obj=+2.237 bg=+3.074) mse=4.043(obj=2.749 bg=4.099)  val nll=+3.116(obj=+2.358 bg=+3.148) mse=4.135(obj=2.763 bg=4.194)  lr=7.79e-04  tot=4.3min
10:48:57  [316/1000]  train nll=+3.136(obj=+2.327 bg=+3.171) mse=4.280(obj=2.843 bg=4.343)  val nll=+2.999(obj=+2.097 bg=+3.037) mse=4.220(obj=2.545 bg=4.290)  lr=7.78e-04  tot=4.3min
10:48:57    ↳ saved (val_nll=2.9993)
10:48:58  [317/1000]  train nll=+3.107(obj=+2.392 bg=+3.139) mse=4.320(obj=2.877 bg=4.385)  val nll=+3.104(obj=+2.282 bg=+3.140) mse=4.366(obj=2.889 bg=4.432)  lr=7.77e-04  tot=4.3min
10:48:59  [318/1000]  train nll=+3.316(obj=+2.468 bg=+3.354) mse=4.496(obj=3.045 bg=4.563)  val nll=+3.678(obj=+3.392 bg=+3.688) mse=4.698(obj=3.642 bg=4.744)  lr=7.75e-04  tot=4.3min
10:49:00  [319/1000]  train nll=+3.425(obj=+2.845 bg=+3.452) mse=4.749(obj=3.314 bg=4.814)  val nll=+3.470(obj=+2.979 bg=+3.492) mse=4.689(obj=3.499 bg=4.742)  lr=7.74e-04  tot=4.3min
10:49:00  [320/1000]  train nll=+3.180(obj=+2.407 bg=+3.212) mse=4.361(obj=2.862 bg=4.425)  val nll=+2.996(obj=+2.201 bg=+3.031) mse=4.341(obj=2.974 bg=4.403)  lr=7.73e-04  tot=4.3min
10:49:00    ↳ saved (val_nll=2.9962)
10:49:01  [321/1000]  train nll=+3.272(obj=+2.870 bg=+3.293) mse=4.295(obj=2.958 bg=4.355)  val nll=+3.833(obj=+4.472 bg=+3.802) mse=4.606(obj=4.046 bg=4.629)  lr=7.71e-04  tot=4.3min
10:49:02  [322/1000]  train nll=+3.377(obj=+2.819 bg=+3.401) mse=4.531(obj=3.171 bg=4.590)  val nll=+3.105(obj=+2.369 bg=+3.137) mse=4.299(obj=2.994 bg=4.354)  lr=7.70e-04  tot=4.4min
10:49:03  [323/1000]  train nll=+3.000(obj=+2.128 bg=+3.039) mse=4.084(obj=2.731 bg=4.144)  val nll=+2.877(obj=+1.903 bg=+2.920) mse=4.061(obj=2.566 bg=4.128)  lr=7.69e-04  tot=4.4min
10:49:03    ↳ saved (val_nll=2.8770)
10:49:04  [324/1000]  train nll=+3.019(obj=+2.082 bg=+3.059) mse=4.285(obj=2.786 bg=4.350)  val nll=+3.025(obj=+1.983 bg=+3.070) mse=4.042(obj=2.438 bg=4.112)  lr=7.67e-04  tot=4.4min
10:49:05  [325/1000]  train nll=+3.189(obj=+2.173 bg=+3.234) mse=4.226(obj=2.505 bg=4.303)  val nll=+2.923(obj=+2.036 bg=+2.962) mse=3.920(obj=2.316 bg=3.990)  lr=7.66e-04  tot=4.4min
10:49:06  [326/1000]  train nll=+3.219(obj=+2.570 bg=+3.246) mse=4.340(obj=2.937 bg=4.401)  val nll=+3.117(obj=+2.147 bg=+3.159) mse=4.261(obj=2.737 bg=4.327)  lr=7.65e-04  tot=4.4min
10:49:06  [327/1000]  train nll=+3.023(obj=+2.195 bg=+3.058) mse=4.027(obj=2.599 bg=4.088)  val nll=+3.160(obj=+2.342 bg=+3.196) mse=4.268(obj=2.824 bg=4.332)  lr=7.63e-04  tot=4.4min
10:49:07  [328/1000]  train nll=+3.162(obj=+2.477 bg=+3.191) mse=4.303(obj=2.898 bg=4.364)  val nll=+3.230(obj=+2.626 bg=+3.256) mse=4.510(obj=3.490 bg=4.555)  lr=7.62e-04  tot=4.5min
10:49:08  [329/1000]  train nll=+3.231(obj=+2.376 bg=+3.268) mse=4.589(obj=3.081 bg=4.654)  val nll=+4.247(obj=+4.251 bg=+4.248) mse=5.093(obj=3.754 bg=5.152)  lr=7.61e-04  tot=4.5min
10:49:09  [330/1000]  train nll=+3.363(obj=+2.814 bg=+3.387) mse=4.591(obj=3.393 bg=4.642)  val nll=+3.295(obj=+2.604 bg=+3.325) mse=4.610(obj=3.162 bg=4.671)  lr=7.59e-04  tot=4.5min
10:49:10  [331/1000]  train nll=+3.190(obj=+2.386 bg=+3.225) mse=4.384(obj=2.956 bg=4.445)  val nll=+3.200(obj=+2.636 bg=+3.225) mse=4.397(obj=2.893 bg=4.463)  lr=7.58e-04  tot=4.5min
10:49:11  [332/1000]  train nll=+3.020(obj=+2.110 bg=+3.059) mse=4.186(obj=2.649 bg=4.253)  val nll=+2.966(obj=+1.892 bg=+3.012) mse=4.172(obj=2.363 bg=4.250)  lr=7.57e-04  tot=4.5min
10:49:11  [333/1000]  train nll=+2.892(obj=+1.907 bg=+2.934) mse=3.960(obj=2.492 bg=4.022)  val nll=+3.007(obj=+1.980 bg=+3.052) mse=4.207(obj=2.487 bg=4.279)  lr=7.55e-04  tot=4.5min
10:49:12  [334/1000]  train nll=+2.883(obj=+1.842 bg=+2.928) mse=3.974(obj=2.291 bg=4.048)  val nll=+2.834(obj=+1.894 bg=+2.874) mse=3.822(obj=2.279 bg=3.889)  lr=7.54e-04  tot=4.5min
10:49:12    ↳ saved (val_nll=2.8336)
10:49:13  [335/1000]  train nll=+3.032(obj=+2.130 bg=+3.071) mse=4.121(obj=2.569 bg=4.190)  val nll=+3.033(obj=+2.019 bg=+3.077) mse=4.145(obj=2.471 bg=4.219)  lr=7.53e-04  tot=4.5min
10:49:14  [336/1000]  train nll=+3.261(obj=+2.514 bg=+3.295) mse=4.365(obj=2.935 bg=4.428)  val nll=+3.802(obj=+3.922 bg=+3.798) mse=4.789(obj=3.713 bg=4.836)  lr=7.51e-04  tot=4.6min
10:49:14  [337/1000]  train nll=+3.578(obj=+3.124 bg=+3.598) mse=4.740(obj=3.315 bg=4.802)  val nll=+3.137(obj=+2.471 bg=+3.166) mse=4.382(obj=3.117 bg=4.438)  lr=7.50e-04  tot=4.6min
10:49:15  [338/1000]  train nll=+3.135(obj=+2.424 bg=+3.167) mse=4.318(obj=3.111 bg=4.374)  val nll=+3.030(obj=+2.217 bg=+3.064) mse=4.200(obj=2.688 bg=4.265)  lr=7.48e-04  tot=4.6min
10:49:16  [339/1000]  train nll=+3.046(obj=+2.004 bg=+3.092) mse=4.203(obj=2.509 bg=4.278)  val nll=+2.926(obj=+1.889 bg=+2.971) mse=4.056(obj=2.385 bg=4.128)  lr=7.47e-04  tot=4.6min
10:49:17  [340/1000]  train nll=+3.012(obj=+1.995 bg=+3.056) mse=4.109(obj=2.415 bg=4.183)  val nll=+2.850(obj=+1.843 bg=+2.893) mse=3.883(obj=2.252 bg=3.954)  lr=7.46e-04  tot=4.6min
10:49:18  [341/1000]  train nll=+3.003(obj=+2.103 bg=+3.042) mse=4.146(obj=2.609 bg=4.212)  val nll=+2.830(obj=+1.865 bg=+2.872) mse=3.971(obj=2.320 bg=4.043)  lr=7.44e-04  tot=4.6min
10:49:18    ↳ saved (val_nll=2.8300)
10:49:18  [342/1000]  train nll=+2.985(obj=+2.038 bg=+3.026) mse=4.086(obj=2.540 bg=4.153)  val nll=+2.893(obj=+1.871 bg=+2.938) mse=4.072(obj=2.369 bg=4.147)  lr=7.43e-04  tot=4.6min
10:49:19  [343/1000]  train nll=+2.983(obj=+2.126 bg=+3.020) mse=4.065(obj=2.455 bg=4.136)  val nll=+2.832(obj=+1.824 bg=+2.875) mse=4.095(obj=2.385 bg=4.167)  lr=7.42e-04  tot=4.6min
10:49:20  [344/1000]  train nll=+2.899(obj=+1.949 bg=+2.941) mse=4.075(obj=2.284 bg=4.155)  val nll=+3.237(obj=+2.625 bg=+3.263) mse=4.076(obj=2.730 bg=4.135)  lr=7.40e-04  tot=4.7min
10:49:21  [345/1000]  train nll=+3.226(obj=+2.494 bg=+3.258) mse=4.378(obj=2.948 bg=4.442)  val nll=+2.901(obj=+2.088 bg=+2.936) mse=4.092(obj=2.756 bg=4.149)  lr=7.39e-04  tot=4.7min
10:49:21  [346/1000]  train nll=+2.881(obj=+2.026 bg=+2.918) mse=3.965(obj=2.544 bg=4.026)  val nll=+2.931(obj=+1.938 bg=+2.975) mse=4.176(obj=2.460 bg=4.252)  lr=7.37e-04  tot=4.7min
10:49:22  [347/1000]  train nll=+2.790(obj=+1.635 bg=+2.840) mse=3.812(obj=2.055 bg=3.888)  val nll=+2.804(obj=+2.318 bg=+2.825) mse=3.888(obj=2.541 bg=3.947)  lr=7.36e-04  tot=4.7min
10:49:22    ↳ saved (val_nll=2.8042)
10:49:23  [348/1000]  train nll=+2.977(obj=+2.451 bg=+3.003) mse=4.024(obj=2.730 bg=4.082)  val nll=+2.796(obj=+1.780 bg=+2.840) mse=3.857(obj=2.277 bg=3.925)  lr=7.35e-04  tot=4.7min
10:49:23    ↳ saved (val_nll=2.7961)
10:49:24  [349/1000]  train nll=+2.821(obj=+1.814 bg=+2.866) mse=3.861(obj=2.274 bg=3.931)  val nll=+2.743(obj=+1.838 bg=+2.782) mse=3.827(obj=2.207 bg=3.897)  lr=7.33e-04  tot=4.7min
10:49:24    ↳ saved (val_nll=2.7429)
10:49:25  [350/1000]  train nll=+2.835(obj=+1.823 bg=+2.878) mse=3.876(obj=2.173 bg=3.949)  val nll=+2.639(obj=+1.644 bg=+2.683) mse=3.660(obj=2.064 bg=3.730)  lr=7.32e-04  tot=4.7min
10:49:25    ↳ saved (val_nll=2.6393)
10:49:26  [351/1000]  train nll=+2.800(obj=+1.757 bg=+2.846) mse=3.810(obj=2.286 bg=3.878)  val nll=+2.793(obj=+1.807 bg=+2.835) mse=3.935(obj=2.399 bg=4.000)  lr=7.30e-04  tot=4.8min
10:49:27  [352/1000]  train nll=+2.928(obj=+1.902 bg=+2.973) mse=4.211(obj=2.607 bg=4.280)  val nll=+2.986(obj=+1.935 bg=+3.030) mse=4.177(obj=2.450 bg=4.250)  lr=7.29e-04  tot=4.8min
10:49:27  [353/1000]  train nll=+3.059(obj=+2.220 bg=+3.096) mse=4.160(obj=2.714 bg=4.224)  val nll=+3.594(obj=+4.209 bg=+3.564) mse=4.391(obj=3.296 bg=4.437)  lr=7.28e-04  tot=4.8min
10:49:28  [354/1000]  train nll=+3.145(obj=+2.644 bg=+3.167) mse=4.081(obj=2.694 bg=4.142)  val nll=+2.913(obj=+1.957 bg=+2.954) mse=3.986(obj=2.417 bg=4.055)  lr=7.26e-04  tot=4.8min
10:49:29  [355/1000]  train nll=+3.035(obj=+2.041 bg=+3.078) mse=4.176(obj=2.405 bg=4.252)  val nll=+3.008(obj=+2.221 bg=+3.041) mse=3.962(obj=2.521 bg=4.025)  lr=7.25e-04  tot=4.8min
10:49:30  [356/1000]  train nll=+2.887(obj=+1.910 bg=+2.929) mse=3.918(obj=2.324 bg=3.986)  val nll=+2.762(obj=+1.837 bg=+2.802) mse=3.797(obj=2.281 bg=3.862)  lr=7.23e-04  tot=4.8min
10:49:31  [357/1000]  train nll=+2.791(obj=+1.753 bg=+2.837) mse=3.846(obj=2.323 bg=3.914)  val nll=+2.785(obj=+1.676 bg=+2.833) mse=3.939(obj=2.181 bg=4.015)  lr=7.22e-04  tot=4.8min
10:49:31  [358/1000]  train nll=+2.859(obj=+1.634 bg=+2.910) mse=4.063(obj=2.112 bg=4.145)  val nll=+2.810(obj=+1.650 bg=+2.862) mse=3.818(obj=2.197 bg=3.888)  lr=7.21e-04  tot=4.9min
10:49:32  [359/1000]  train nll=+2.877(obj=+1.831 bg=+2.924) mse=3.995(obj=2.207 bg=4.075)  val nll=+2.929(obj=+1.629 bg=+2.985) mse=4.093(obj=2.144 bg=4.178)  lr=7.19e-04  tot=4.9min
10:49:33  [360/1000]  train nll=+2.972(obj=+2.004 bg=+3.015) mse=4.029(obj=2.253 bg=4.108)  val nll=+2.883(obj=+1.954 bg=+2.924) mse=3.829(obj=2.228 bg=3.899)  lr=7.18e-04  tot=4.9min
10:49:34  [361/1000]  train nll=+2.880(obj=+1.911 bg=+2.921) mse=3.990(obj=2.235 bg=4.066)  val nll=+2.945(obj=+1.945 bg=+2.988) mse=4.178(obj=2.547 bg=4.248)  lr=7.16e-04  tot=4.9min
10:49:35  [362/1000]  train nll=+2.976(obj=+2.102 bg=+3.014) mse=4.064(obj=2.716 bg=4.124)  val nll=+2.807(obj=+2.035 bg=+2.841) mse=3.681(obj=2.407 bg=3.735)  lr=7.15e-04  tot=4.9min
10:49:36  [363/1000]  train nll=+2.928(obj=+2.048 bg=+2.967) mse=4.017(obj=2.504 bg=4.082)  val nll=+3.223(obj=+2.698 bg=+3.246) mse=4.170(obj=2.720 bg=4.233)  lr=7.13e-04  tot=4.9min
10:49:36  [364/1000]  train nll=+2.926(obj=+1.972 bg=+2.967) mse=4.022(obj=2.320 bg=4.095)  val nll=+2.906(obj=+2.106 bg=+2.940) mse=3.951(obj=2.306 bg=4.022)  lr=7.12e-04  tot=4.9min
10:49:37  [365/1000]  train nll=+2.931(obj=+2.188 bg=+2.962) mse=3.887(obj=2.339 bg=3.953)  val nll=+3.395(obj=+3.117 bg=+3.406) mse=4.076(obj=2.956 bg=4.125)  lr=7.11e-04  tot=4.9min
10:49:38  [366/1000]  train nll=+2.998(obj=+2.154 bg=+3.034) mse=3.965(obj=2.334 bg=4.035)  val nll=+2.776(obj=+1.774 bg=+2.819) mse=3.863(obj=2.143 bg=3.935)  lr=7.09e-04  tot=5.0min
10:49:39  [367/1000]  train nll=+2.780(obj=+1.674 bg=+2.827) mse=3.890(obj=2.087 bg=3.967)  val nll=+2.712(obj=+1.756 bg=+2.752) mse=3.806(obj=2.318 bg=3.870)  lr=7.08e-04  tot=5.0min
10:49:40  [368/1000]  train nll=+2.910(obj=+2.120 bg=+2.943) mse=4.002(obj=2.287 bg=4.077)  val nll=+2.765(obj=+1.661 bg=+2.813) mse=3.813(obj=2.132 bg=3.885)  lr=7.06e-04  tot=5.0min
10:49:41  [369/1000]  train nll=+2.833(obj=+2.017 bg=+2.870) mse=3.931(obj=2.430 bg=3.997)  val nll=+2.805(obj=+1.799 bg=+2.849) mse=3.948(obj=2.273 bg=4.022)  lr=7.05e-04  tot=5.0min
10:49:41  [370/1000]  train nll=+2.792(obj=+1.945 bg=+2.829) mse=3.832(obj=2.427 bg=3.894)  val nll=+2.725(obj=+1.670 bg=+2.770) mse=3.615(obj=1.894 bg=3.690)  lr=7.03e-04  tot=5.0min
10:49:42  [371/1000]  train nll=+2.821(obj=+1.722 bg=+2.868) mse=3.737(obj=2.087 bg=3.809)  val nll=+2.696(obj=+1.616 bg=+2.742) mse=3.791(obj=2.062 bg=3.864)  lr=7.02e-04  tot=5.0min
10:49:43  [372/1000]  train nll=+3.020(obj=+2.425 bg=+3.045) mse=4.053(obj=2.695 bg=4.112)  val nll=+2.920(obj=+2.107 bg=+2.956) mse=4.093(obj=2.726 bg=4.154)  lr=7.01e-04  tot=5.0min
10:49:44  [373/1000]  train nll=+2.886(obj=+1.950 bg=+2.927) mse=3.845(obj=2.244 bg=3.914)  val nll=+2.844(obj=+1.728 bg=+2.891) mse=4.057(obj=2.263 bg=4.134)  lr=6.99e-04  tot=5.1min
10:49:45  [374/1000]  train nll=+2.892(obj=+1.907 bg=+2.935) mse=3.984(obj=2.222 bg=4.062)  val nll=+2.862(obj=+1.773 bg=+2.909) mse=3.861(obj=2.277 bg=3.931)  lr=6.98e-04  tot=5.1min
10:49:45  [375/1000]  train nll=+2.848(obj=+1.759 bg=+2.894) mse=3.897(obj=2.180 bg=3.969)  val nll=+2.746(obj=+1.584 bg=+2.796) mse=3.832(obj=2.110 bg=3.907)  lr=6.96e-04  tot=5.1min
10:49:46  [376/1000]  train nll=+2.929(obj=+2.040 bg=+2.966) mse=3.972(obj=2.357 bg=4.042)  val nll=+2.811(obj=+1.905 bg=+2.850) mse=3.818(obj=2.335 bg=3.881)  lr=6.95e-04  tot=5.1min
10:49:47  [377/1000]  train nll=+2.850(obj=+1.911 bg=+2.890) mse=3.910(obj=2.317 bg=3.979)  val nll=+3.017(obj=+2.527 bg=+3.036) mse=3.942(obj=2.501 bg=4.005)  lr=6.93e-04  tot=5.1min
10:49:48  [378/1000]  train nll=+2.808(obj=+1.919 bg=+2.846) mse=3.788(obj=2.322 bg=3.852)  val nll=+2.793(obj=+1.914 bg=+2.830) mse=3.935(obj=2.711 bg=3.988)  lr=6.92e-04  tot=5.1min
10:49:49  [379/1000]  train nll=+2.924(obj=+2.087 bg=+2.960) mse=3.983(obj=2.563 bg=4.045)  val nll=+2.949(obj=+2.404 bg=+2.973) mse=4.037(obj=2.657 bg=4.098)  lr=6.90e-04  tot=5.1min
10:49:50  [380/1000]  train nll=+2.856(obj=+1.959 bg=+2.896) mse=3.875(obj=2.430 bg=3.939)  val nll=+2.705(obj=+1.888 bg=+2.740) mse=3.705(obj=2.267 bg=3.767)  lr=6.89e-04  tot=5.2min
10:49:51  [381/1000]  train nll=+2.867(obj=+2.016 bg=+2.904) mse=3.811(obj=2.294 bg=3.878)  val nll=+2.547(obj=+1.566 bg=+2.589) mse=3.425(obj=1.997 bg=3.487)  lr=6.87e-04  tot=5.2min
10:49:51    ↳ saved (val_nll=2.5467)
10:49:51  [382/1000]  train nll=+2.758(obj=+1.696 bg=+2.804) mse=3.818(obj=1.914 bg=3.900)  val nll=+2.584(obj=+1.445 bg=+2.634) mse=3.690(obj=1.944 bg=3.766)  lr=6.86e-04  tot=5.2min
10:49:52  [383/1000]  train nll=+2.694(obj=+1.672 bg=+2.740) mse=3.697(obj=1.983 bg=3.773)  val nll=+2.380(obj=+1.232 bg=+2.429) mse=3.279(obj=1.632 bg=3.350)  lr=6.85e-04  tot=5.2min
10:49:52    ↳ saved (val_nll=2.3797)
10:49:53  [384/1000]  train nll=+2.644(obj=+1.643 bg=+2.687) mse=3.566(obj=2.013 bg=3.634)  val nll=+2.571(obj=+1.306 bg=+2.625) mse=3.559(obj=1.677 bg=3.640)  lr=6.83e-04  tot=5.2min
10:49:54  [385/1000]  train nll=+2.563(obj=+1.492 bg=+2.611) mse=3.430(obj=1.922 bg=3.498)  val nll=+2.645(obj=+1.410 bg=+2.698) mse=3.617(obj=1.813 bg=3.695)  lr=6.82e-04  tot=5.2min
10:49:55  [386/1000]  train nll=+2.739(obj=+1.617 bg=+2.786) mse=3.792(obj=2.009 bg=3.867)  val nll=+2.714(obj=+1.480 bg=+2.767) mse=3.807(obj=1.957 bg=3.885)  lr=6.80e-04  tot=5.2min
10:49:55  [387/1000]  train nll=+2.752(obj=+1.675 bg=+2.799) mse=3.903(obj=2.179 bg=3.978)  val nll=+2.530(obj=+1.387 bg=+2.579) mse=3.380(obj=1.715 bg=3.451)  lr=6.79e-04  tot=5.3min
10:49:56  [388/1000]  train nll=+2.716(obj=+1.414 bg=+2.773) mse=3.819(obj=1.771 bg=3.907)  val nll=+2.535(obj=+1.514 bg=+2.578) mse=3.313(obj=1.888 bg=3.374)  lr=6.77e-04  tot=5.3min
10:49:57  [389/1000]  train nll=+2.731(obj=+1.862 bg=+2.769) mse=3.771(obj=2.128 bg=3.843)  val nll=+2.867(obj=+1.493 bg=+2.926) mse=3.870(obj=1.891 bg=3.956)  lr=6.76e-04  tot=5.3min
10:49:58  [390/1000]  train nll=+2.980(obj=+2.141 bg=+3.017) mse=3.883(obj=2.268 bg=3.954)  val nll=+3.277(obj=+3.113 bg=+3.284) mse=4.170(obj=2.912 bg=4.226)  lr=6.74e-04  tot=5.3min
10:49:59  [391/1000]  train nll=+2.924(obj=+2.024 bg=+2.963) mse=3.882(obj=2.356 bg=3.950)  val nll=+2.791(obj=+1.997 bg=+2.825) mse=3.646(obj=2.137 bg=3.712)  lr=6.73e-04  tot=5.3min
10:49:59  [392/1000]  train nll=+2.771(obj=+1.778 bg=+2.814) mse=3.787(obj=2.134 bg=3.859)  val nll=+2.509(obj=+1.405 bg=+2.557) mse=3.454(obj=1.808 bg=3.527)  lr=6.71e-04  tot=5.3min
10:50:00  [393/1000]  train nll=+2.608(obj=+1.581 bg=+2.653) mse=3.564(obj=2.069 bg=3.630)  val nll=+2.759(obj=+1.749 bg=+2.802) mse=3.726(obj=2.074 bg=3.796)  lr=6.70e-04  tot=5.3min
10:50:01  [394/1000]  train nll=+2.760(obj=+1.757 bg=+2.803) mse=3.764(obj=2.320 bg=3.825)  val nll=+2.784(obj=+1.817 bg=+2.826) mse=3.806(obj=2.195 bg=3.876)  lr=6.68e-04  tot=5.3min
10:50:02  [395/1000]  train nll=+2.816(obj=+1.915 bg=+2.857) mse=3.781(obj=2.178 bg=3.852)  val nll=+2.700(obj=+1.697 bg=+2.743) mse=3.665(obj=1.875 bg=3.742)  lr=6.67e-04  tot=5.4min
10:50:03  [396/1000]  train nll=+2.940(obj=+2.033 bg=+2.979) mse=3.848(obj=2.139 bg=3.923)  val nll=+2.708(obj=+1.594 bg=+2.756) mse=3.675(obj=1.865 bg=3.753)  lr=6.65e-04  tot=5.4min
10:50:03  [397/1000]  train nll=+2.754(obj=+1.688 bg=+2.800) mse=3.729(obj=1.939 bg=3.807)  val nll=+2.662(obj=+1.582 bg=+2.708) mse=3.650(obj=2.013 bg=3.721)  lr=6.64e-04  tot=5.4min
10:50:04  [398/1000]  train nll=+2.846(obj=+1.989 bg=+2.883) mse=3.834(obj=2.260 bg=3.903)  val nll=+2.731(obj=+2.007 bg=+2.764) mse=3.681(obj=2.269 bg=3.743)  lr=6.62e-04  tot=5.4min
10:50:05  [399/1000]  train nll=+2.836(obj=+1.885 bg=+2.877) mse=3.843(obj=2.182 bg=3.914)  val nll=+2.666(obj=+1.587 bg=+2.713) mse=3.648(obj=1.951 bg=3.721)  lr=6.61e-04  tot=5.4min
10:50:06  [400/1000]  train nll=+2.958(obj=+2.086 bg=+2.994) mse=3.957(obj=2.531 bg=4.018)  val nll=+2.733(obj=+1.813 bg=+2.772) mse=3.756(obj=2.143 bg=3.826)  lr=6.59e-04  tot=5.4min
10:50:07  [401/1000]  train nll=+2.705(obj=+1.848 bg=+2.742) mse=3.565(obj=2.060 bg=3.629)  val nll=+2.942(obj=+2.260 bg=+2.971) mse=3.777(obj=2.429 bg=3.836)  lr=6.58e-04  tot=5.4min
10:50:08  [402/1000]  train nll=+2.738(obj=+1.663 bg=+2.784) mse=3.675(obj=1.894 bg=3.749)  val nll=+2.676(obj=+1.639 bg=+2.723) mse=3.648(obj=2.111 bg=3.717)  lr=6.56e-04  tot=5.5min
10:50:08  [403/1000]  train nll=+2.607(obj=+1.707 bg=+2.647) mse=3.432(obj=1.915 bg=3.500)  val nll=+2.554(obj=+1.492 bg=+2.600) mse=3.553(obj=1.783 bg=3.630)  lr=6.55e-04  tot=5.5min
10:50:09  [404/1000]  train nll=+2.710(obj=+1.537 bg=+2.761) mse=3.606(obj=1.829 bg=3.684)  val nll=+2.665(obj=+1.888 bg=+2.699) mse=3.579(obj=2.339 bg=3.633)  lr=6.53e-04  tot=5.5min
10:50:10  [405/1000]  train nll=+2.670(obj=+1.691 bg=+2.713) mse=3.709(obj=2.088 bg=3.780)  val nll=+2.784(obj=+1.956 bg=+2.819) mse=3.688(obj=2.122 bg=3.755)  lr=6.52e-04  tot=5.5min
10:50:11  [406/1000]  train nll=+2.568(obj=+1.433 bg=+2.617) mse=3.575(obj=1.837 bg=3.651)  val nll=+2.460(obj=+1.108 bg=+2.518) mse=3.468(obj=1.587 bg=3.550)  lr=6.50e-04  tot=5.5min
10:50:12  [407/1000]  train nll=+2.833(obj=+1.867 bg=+2.877) mse=3.859(obj=2.142 bg=3.935)  val nll=+2.596(obj=+1.555 bg=+2.642) mse=3.632(obj=1.947 bg=3.706)  lr=6.49e-04  tot=5.5min
10:50:13  [408/1000]  train nll=+2.655(obj=+1.701 bg=+2.697) mse=3.467(obj=2.069 bg=3.529)  val nll=+2.726(obj=+1.641 bg=+2.774) mse=3.667(obj=1.928 bg=3.744)  lr=6.47e-04  tot=5.5min
10:50:13  [409/1000]  train nll=+2.788(obj=+1.906 bg=+2.825) mse=3.826(obj=2.202 bg=3.895)  val nll=+2.674(obj=+1.458 bg=+2.727) mse=3.809(obj=1.882 bg=3.892)  lr=6.46e-04  tot=5.6min
10:50:14  [410/1000]  train nll=+2.736(obj=+1.708 bg=+2.780) mse=3.702(obj=2.121 bg=3.769)  val nll=+3.173(obj=+2.444 bg=+3.205) mse=3.805(obj=2.508 bg=3.862)  lr=6.44e-04  tot=5.6min
10:50:15  [411/1000]  train nll=+2.773(obj=+1.622 bg=+2.822) mse=3.719(obj=1.931 bg=3.796)  val nll=+2.640(obj=+1.335 bg=+2.697) mse=3.557(obj=1.656 bg=3.640)  lr=6.43e-04  tot=5.6min
10:50:16  [412/1000]  train nll=+2.790(obj=+1.767 bg=+2.834) mse=3.673(obj=2.017 bg=3.745)  val nll=+2.602(obj=+1.587 bg=+2.646) mse=3.469(obj=1.902 bg=3.536)  lr=6.41e-04  tot=5.6min
10:50:17  [413/1000]  train nll=+2.701(obj=+1.661 bg=+2.747) mse=3.599(obj=2.024 bg=3.668)  val nll=+2.828(obj=+2.684 bg=+2.835) mse=3.639(obj=2.482 bg=3.690)  lr=6.40e-04  tot=5.6min
10:50:18  [414/1000]  train nll=+2.793(obj=+2.071 bg=+2.824) mse=3.589(obj=2.078 bg=3.655)  val nll=+2.533(obj=+1.276 bg=+2.587) mse=3.353(obj=1.419 bg=3.435)  lr=6.38e-04  tot=5.6min
10:50:18  [415/1000]  train nll=+2.621(obj=+1.541 bg=+2.667) mse=3.561(obj=1.818 bg=3.635)  val nll=+2.385(obj=+1.204 bg=+2.435) mse=3.337(obj=1.560 bg=3.413)  lr=6.37e-04  tot=5.6min
10:50:19  [416/1000]  train nll=+2.619(obj=+1.414 bg=+2.672) mse=3.621(obj=1.843 bg=3.699)  val nll=+2.477(obj=+1.175 bg=+2.533) mse=3.499(obj=1.670 bg=3.578)  lr=6.35e-04  tot=5.6min
10:50:20  [417/1000]  train nll=+2.901(obj=+2.372 bg=+2.925) mse=3.593(obj=2.342 bg=3.650)  val nll=+2.774(obj=+1.593 bg=+2.826) mse=3.628(obj=2.015 bg=3.698)  lr=6.34e-04  tot=5.7min
10:50:21  [418/1000]  train nll=+2.682(obj=+1.560 bg=+2.732) mse=3.644(obj=1.832 bg=3.724)  val nll=+2.594(obj=+1.613 bg=+2.637) mse=3.553(obj=2.041 bg=3.619)  lr=6.32e-04  tot=5.7min
10:50:22  [419/1000]  train nll=+2.661(obj=+1.630 bg=+2.706) mse=3.660(obj=1.905 bg=3.736)  val nll=+2.825(obj=+1.944 bg=+2.861) mse=3.558(obj=1.833 bg=3.631)  lr=6.31e-04  tot=5.7min
10:50:22  [420/1000]  train nll=+2.763(obj=+1.934 bg=+2.801) mse=3.492(obj=1.951 bg=3.559)  val nll=+2.593(obj=+1.386 bg=+2.646) mse=3.482(obj=1.544 bg=3.567)  lr=6.29e-04  tot=5.7min
10:50:23  [421/1000]  train nll=+2.755(obj=+1.779 bg=+2.796) mse=3.786(obj=2.086 bg=3.856)  val nll=+2.664(obj=+1.815 bg=+2.701) mse=3.435(obj=2.063 bg=3.495)  lr=6.28e-04  tot=5.7min
10:50:24  [422/1000]  train nll=+2.638(obj=+1.561 bg=+2.684) mse=3.638(obj=1.905 bg=3.711)  val nll=+2.464(obj=+1.454 bg=+2.507) mse=3.328(obj=1.824 bg=3.392)  lr=6.26e-04  tot=5.7min
10:50:25  [423/1000]  train nll=+2.712(obj=+2.072 bg=+2.740) mse=3.663(obj=2.185 bg=3.728)  val nll=+2.802(obj=+1.845 bg=+2.846) mse=3.737(obj=2.164 bg=3.809)  lr=6.25e-04  tot=5.7min
10:50:26  [424/1000]  train nll=+2.771(obj=+1.755 bg=+2.816) mse=3.837(obj=2.166 bg=3.912)  val nll=+2.854(obj=+1.830 bg=+2.898) mse=3.611(obj=1.911 bg=3.686)  lr=6.23e-04  tot=5.8min
10:50:26  [425/1000]  train nll=+2.620(obj=+1.662 bg=+2.662) mse=3.522(obj=2.037 bg=3.587)  val nll=+2.572(obj=+1.270 bg=+2.628) mse=3.489(obj=1.678 bg=3.567)  lr=6.22e-04  tot=5.8min
10:50:27  [426/1000]  train nll=+2.528(obj=+1.242 bg=+2.585) mse=3.587(obj=1.663 bg=3.672)  val nll=+2.558(obj=+1.181 bg=+2.619) mse=3.533(obj=1.607 bg=3.616)  lr=6.20e-04  tot=5.8min
10:50:28  [427/1000]  train nll=+2.805(obj=+1.787 bg=+2.847) mse=3.647(obj=2.010 bg=3.716)  val nll=+2.694(obj=+1.594 bg=+2.742) mse=3.764(obj=2.092 bg=3.837)  lr=6.18e-04  tot=5.8min
10:50:29  [428/1000]  train nll=+2.699(obj=+1.703 bg=+2.741) mse=3.665(obj=1.974 bg=3.738)  val nll=+2.605(obj=+1.631 bg=+2.647) mse=3.514(obj=2.042 bg=3.577)  lr=6.17e-04  tot=5.8min
10:50:30  [429/1000]  train nll=+2.788(obj=+1.837 bg=+2.830) mse=3.742(obj=2.156 bg=3.811)  val nll=+2.864(obj=+2.442 bg=+2.881) mse=3.468(obj=2.223 bg=3.523)  lr=6.15e-04  tot=5.8min
10:50:30  [430/1000]  train nll=+2.599(obj=+1.627 bg=+2.641) mse=3.446(obj=1.863 bg=3.515)  val nll=+2.334(obj=+1.137 bg=+2.386) mse=3.182(obj=1.459 bg=3.257)  lr=6.14e-04  tot=5.8min
10:50:30    ↳ saved (val_nll=2.3341)
10:50:31  [431/1000]  train nll=+2.489(obj=+1.302 bg=+2.539) mse=3.355(obj=1.621 bg=3.429)  val nll=+2.392(obj=+1.245 bg=+2.441) mse=3.295(obj=1.680 bg=3.364)  lr=6.12e-04  tot=5.8min
10:50:32  [432/1000]  train nll=+2.434(obj=+1.358 bg=+2.480) mse=3.183(obj=1.765 bg=3.243)  val nll=+2.347(obj=+1.142 bg=+2.399) mse=3.321(obj=1.628 bg=3.394)  lr=6.11e-04  tot=5.9min
10:50:33  [433/1000]  train nll=+2.546(obj=+1.492 bg=+2.592) mse=3.514(obj=1.884 bg=3.584)  val nll=+2.492(obj=+1.499 bg=+2.535) mse=3.480(obj=1.787 bg=3.553)  lr=6.09e-04  tot=5.9min
10:50:34  [434/1000]  train nll=+2.548(obj=+1.485 bg=+2.595) mse=3.351(obj=1.863 bg=3.417)  val nll=+2.530(obj=+1.270 bg=+2.585) mse=3.420(obj=1.517 bg=3.503)  lr=6.08e-04  tot=5.9min
10:50:34  [435/1000]  train nll=+2.649(obj=+1.632 bg=+2.693) mse=3.617(obj=1.950 bg=3.691)  val nll=+2.479(obj=+1.441 bg=+2.524) mse=3.327(obj=1.795 bg=3.394)  lr=6.06e-04  tot=5.9min
10:50:35  [436/1000]  train nll=+2.503(obj=+1.385 bg=+2.552) mse=3.429(obj=1.810 bg=3.500)  val nll=+2.315(obj=+1.126 bg=+2.367) mse=3.104(obj=1.511 bg=3.174)  lr=6.05e-04  tot=5.9min
10:50:35    ↳ saved (val_nll=2.3154)
10:50:36  [437/1000]  train nll=+2.510(obj=+1.440 bg=+2.557) mse=3.399(obj=1.816 bg=3.469)  val nll=+2.364(obj=+1.133 bg=+2.417) mse=3.231(obj=1.580 bg=3.303)  lr=6.03e-04  tot=5.9min
10:50:37  [438/1000]  train nll=+2.502(obj=+1.273 bg=+2.556) mse=3.542(obj=1.676 bg=3.623)  val nll=+2.325(obj=+1.328 bg=+2.368) mse=3.149(obj=1.705 bg=3.211)  lr=6.02e-04  tot=5.9min
10:50:38  [439/1000]  train nll=+2.575(obj=+1.514 bg=+2.621) mse=3.449(obj=1.778 bg=3.521)  val nll=+2.641(obj=+1.613 bg=+2.685) mse=3.296(obj=1.695 bg=3.364)  lr=6.00e-04  tot=6.0min
10:50:39  [440/1000]  train nll=+2.602(obj=+1.552 bg=+2.646) mse=3.375(obj=1.738 bg=3.445)  val nll=+2.497(obj=+1.400 bg=+2.545) mse=3.284(obj=1.733 bg=3.352)  lr=5.98e-04  tot=6.0min
10:50:40  [441/1000]  train nll=+2.598(obj=+1.474 bg=+2.646) mse=3.430(obj=1.767 bg=3.502)  val nll=+2.338(obj=+1.173 bg=+2.387) mse=3.257(obj=1.522 bg=3.332)  lr=5.97e-04  tot=6.0min
10:50:40  [442/1000]  train nll=+2.554(obj=+1.378 bg=+2.604) mse=3.347(obj=1.723 bg=3.417)  val nll=+2.547(obj=+1.539 bg=+2.590) mse=3.339(obj=1.847 bg=3.405)  lr=5.95e-04  tot=6.0min
10:50:41  [443/1000]  train nll=+2.436(obj=+1.297 bg=+2.486) mse=3.357(obj=1.736 bg=3.427)  val nll=+2.336(obj=+1.270 bg=+2.382) mse=3.359(obj=1.625 bg=3.435)  lr=5.94e-04  tot=6.0min
10:50:42  [444/1000]  train nll=+2.511(obj=+1.386 bg=+2.560) mse=3.440(obj=1.737 bg=3.514)  val nll=+2.849(obj=+2.990 bg=+2.841) mse=3.532(obj=2.325 bg=3.584)  lr=5.92e-04  tot=6.0min
10:50:43  [445/1000]  train nll=+2.683(obj=+1.912 bg=+2.717) mse=3.608(obj=2.018 bg=3.676)  val nll=+2.400(obj=+1.151 bg=+2.453) mse=3.300(obj=1.550 bg=3.375)  lr=5.91e-04  tot=6.0min
10:50:44  [446/1000]  train nll=+2.434(obj=+1.158 bg=+2.489) mse=3.334(obj=1.544 bg=3.411)  val nll=+2.623(obj=+1.380 bg=+2.676) mse=3.361(obj=1.700 bg=3.433)  lr=5.89e-04  tot=6.1min
10:50:44  [447/1000]  train nll=+2.782(obj=+2.131 bg=+2.812) mse=3.387(obj=1.912 bg=3.451)  val nll=+2.511(obj=+1.698 bg=+2.546) mse=3.391(obj=1.996 bg=3.451)  lr=5.88e-04  tot=6.1min
10:50:45  [448/1000]  train nll=+2.469(obj=+1.386 bg=+2.517) mse=3.329(obj=1.804 bg=3.397)  val nll=+2.310(obj=+1.166 bg=+2.359) mse=3.056(obj=1.451 bg=3.125)  lr=5.86e-04  tot=6.1min
10:50:45    ↳ saved (val_nll=2.3098)
10:50:46  [449/1000]  train nll=+2.380(obj=+1.075 bg=+2.436) mse=3.363(obj=1.526 bg=3.440)  val nll=+2.484(obj=+1.018 bg=+2.546) mse=3.152(obj=1.318 bg=3.231)  lr=5.84e-04  tot=6.1min
10:50:47  [450/1000]  train nll=+2.531(obj=+1.423 bg=+2.580) mse=3.354(obj=1.670 bg=3.428)  val nll=+2.559(obj=+1.645 bg=+2.597) mse=3.425(obj=1.870 bg=3.490)  lr=5.83e-04  tot=6.1min
10:50:48  [451/1000]  train nll=+2.575(obj=+1.526 bg=+2.620) mse=3.421(obj=1.819 bg=3.489)  val nll=+2.481(obj=+1.532 bg=+2.522) mse=3.191(obj=1.786 bg=3.252)  lr=5.81e-04  tot=6.1min
10:50:48  [452/1000]  train nll=+2.502(obj=+1.545 bg=+2.544) mse=3.254(obj=1.800 bg=3.318)  val nll=+2.571(obj=+1.570 bg=+2.614) mse=3.400(obj=1.859 bg=3.467)  lr=5.80e-04  tot=6.1min
10:50:49  [453/1000]  train nll=+2.660(obj=+1.600 bg=+2.706) mse=3.478(obj=1.960 bg=3.543)  val nll=+2.581(obj=+1.742 bg=+2.618) mse=3.450(obj=2.162 bg=3.508)  lr=5.78e-04  tot=6.1min
10:50:50  [454/1000]  train nll=+2.547(obj=+1.552 bg=+2.591) mse=3.335(obj=1.901 bg=3.397)  val nll=+2.363(obj=+1.151 bg=+2.416) mse=3.179(obj=1.432 bg=3.256)  lr=5.77e-04  tot=6.2min
10:50:51  [455/1000]  train nll=+2.413(obj=+1.326 bg=+2.458) mse=3.288(obj=1.664 bg=3.353)  val nll=+2.369(obj=+0.999 bg=+2.428) mse=3.241(obj=1.509 bg=3.318)  lr=5.75e-04  tot=6.2min
10:50:52  [456/1000]  train nll=+2.902(obj=+2.315 bg=+2.932) mse=3.491(obj=1.925 bg=3.559)  val nll=+4.640(obj=+6.422 bg=+4.562) mse=4.119(obj=3.096 bg=4.164)  lr=5.74e-04  tot=6.2min
10:50:52  [457/1000]  train nll=+3.092(obj=+2.698 bg=+3.113) mse=3.633(obj=2.097 bg=3.701)  val nll=+2.675(obj=+1.720 bg=+2.717) mse=3.460(obj=1.845 bg=3.531)  lr=5.72e-04  tot=6.2min
10:50:53  [458/1000]  train nll=+2.552(obj=+1.527 bg=+2.596) mse=3.198(obj=1.654 bg=3.265)  val nll=+2.402(obj=+1.143 bg=+2.456) mse=3.242(obj=1.425 bg=3.321)  lr=5.70e-04  tot=6.2min
10:50:54  [459/1000]  train nll=+2.427(obj=+1.228 bg=+2.480) mse=3.233(obj=1.573 bg=3.306)  val nll=+2.500(obj=+1.676 bg=+2.535) mse=3.239(obj=1.790 bg=3.301)  lr=5.69e-04  tot=6.2min
10:50:55  [460/1000]  train nll=+2.482(obj=+1.417 bg=+2.528) mse=3.253(obj=1.621 bg=3.324)  val nll=+2.982(obj=+2.001 bg=+3.024) mse=3.662(obj=2.042 bg=3.732)  lr=5.67e-04  tot=6.2min
10:50:56  [461/1000]  train nll=+2.819(obj=+1.853 bg=+2.861) mse=3.499(obj=1.970 bg=3.566)  val nll=+2.722(obj=+1.838 bg=+2.762) mse=3.374(obj=1.926 bg=3.438)  lr=5.66e-04  tot=6.3min
10:50:56  [462/1000]  train nll=+2.620(obj=+1.569 bg=+2.665) mse=3.428(obj=1.797 bg=3.498)  val nll=+2.504(obj=+1.706 bg=+2.538) mse=3.256(obj=1.756 bg=3.319)  lr=5.64e-04  tot=6.3min
10:50:57  [463/1000]  train nll=+2.451(obj=+1.503 bg=+2.492) mse=3.191(obj=1.783 bg=3.253)  val nll=+2.383(obj=+1.069 bg=+2.441) mse=3.176(obj=1.440 bg=3.253)  lr=5.63e-04  tot=6.3min
10:50:58  [464/1000]  train nll=+2.407(obj=+1.287 bg=+2.455) mse=3.195(obj=1.595 bg=3.263)  val nll=+2.470(obj=+1.450 bg=+2.514) mse=3.189(obj=1.782 bg=3.251)  lr=5.61e-04  tot=6.3min
10:50:59  [465/1000]  train nll=+2.508(obj=+1.462 bg=+2.552) mse=3.285(obj=1.814 bg=3.347)  val nll=+2.284(obj=+1.080 bg=+2.336) mse=3.013(obj=1.483 bg=3.079)  lr=5.60e-04  tot=6.3min
10:50:59    ↳ saved (val_nll=2.2842)
10:51:00  [466/1000]  train nll=+2.447(obj=+1.396 bg=+2.493) mse=3.351(obj=1.846 bg=3.417)  val nll=+2.260(obj=+1.061 bg=+2.312) mse=3.037(obj=1.557 bg=3.102)  lr=5.58e-04  tot=6.3min
10:51:00    ↳ saved (val_nll=2.2599)
10:51:00  [467/1000]  train nll=+2.309(obj=+1.103 bg=+2.362) mse=3.156(obj=1.532 bg=3.227)  val nll=+2.236(obj=+1.066 bg=+2.286) mse=3.077(obj=1.417 bg=3.149)  lr=5.56e-04  tot=6.3min
10:51:00    ↳ saved (val_nll=2.2356)
10:51:01  [468/1000]  train nll=+2.357(obj=+1.150 bg=+2.409) mse=3.128(obj=1.500 bg=3.199)  val nll=+2.207(obj=+0.841 bg=+2.266) mse=3.020(obj=1.289 bg=3.094)  lr=5.55e-04  tot=6.4min
10:51:01    ↳ saved (val_nll=2.2070)
10:51:02  [469/1000]  train nll=+2.356(obj=+1.118 bg=+2.409) mse=3.276(obj=1.564 bg=3.349)  val nll=+2.239(obj=+0.957 bg=+2.294) mse=3.054(obj=1.470 bg=3.121)  lr=5.53e-04  tot=6.4min
10:51:03  [470/1000]  train nll=+2.363(obj=+1.108 bg=+2.419) mse=3.207(obj=1.482 bg=3.284)  val nll=+2.342(obj=+1.056 bg=+2.398) mse=3.077(obj=1.484 bg=3.146)  lr=5.52e-04  tot=6.4min
10:51:04  [471/1000]  train nll=+2.447(obj=+1.299 bg=+2.498) mse=3.306(obj=1.626 bg=3.380)  val nll=+2.287(obj=+1.219 bg=+2.334) mse=3.091(obj=1.486 bg=3.162)  lr=5.50e-04  tot=6.4min
10:51:05  [472/1000]  train nll=+2.393(obj=+1.298 bg=+2.440) mse=3.209(obj=1.638 bg=3.277)  val nll=+2.514(obj=+1.683 bg=+2.548) mse=3.307(obj=1.782 bg=3.373)  lr=5.49e-04  tot=6.4min
10:51:06  [473/1000]  train nll=+2.484(obj=+1.233 bg=+2.537) mse=3.322(obj=1.552 bg=3.397)  val nll=+2.419(obj=+1.497 bg=+2.458) mse=3.152(obj=1.644 bg=3.217)  lr=5.47e-04  tot=6.4min
10:51:07  [474/1000]  train nll=+2.584(obj=+1.496 bg=+2.632) mse=3.390(obj=1.754 bg=3.461)  val nll=+2.435(obj=+1.575 bg=+2.471) mse=3.098(obj=1.599 bg=3.163)  lr=5.45e-04  tot=6.4min
10:51:07  [475/1000]  train nll=+2.558(obj=+1.613 bg=+2.599) mse=3.334(obj=1.875 bg=3.397)  val nll=+2.345(obj=+1.092 bg=+2.400) mse=3.084(obj=1.425 bg=3.157)  lr=5.44e-04  tot=6.5min
10:51:08  [476/1000]  train nll=+2.554(obj=+1.564 bg=+2.598) mse=3.441(obj=1.937 bg=3.507)  val nll=+2.332(obj=+1.171 bg=+2.382) mse=3.099(obj=1.508 bg=3.168)  lr=5.42e-04  tot=6.5min
10:51:09  [477/1000]  train nll=+2.484(obj=+1.331 bg=+2.533) mse=3.328(obj=1.652 bg=3.400)  val nll=+2.322(obj=+1.146 bg=+2.372) mse=3.095(obj=1.499 bg=3.164)  lr=5.41e-04  tot=6.5min
10:51:10  [478/1000]  train nll=+2.412(obj=+1.457 bg=+2.452) mse=3.077(obj=1.717 bg=3.135)  val nll=+2.498(obj=+1.170 bg=+2.556) mse=3.502(obj=1.544 bg=3.587)  lr=5.39e-04  tot=6.5min
10:51:11  [479/1000]  train nll=+2.646(obj=+1.624 bg=+2.691) mse=3.290(obj=1.728 bg=3.359)  val nll=+2.508(obj=+1.440 bg=+2.553) mse=3.228(obj=1.669 bg=3.296)  lr=5.38e-04  tot=6.5min
10:51:12  [480/1000]  train nll=+2.656(obj=+1.630 bg=+2.700) mse=3.505(obj=1.840 bg=3.578)  val nll=+2.625(obj=+1.729 bg=+2.664) mse=3.479(obj=1.891 bg=3.548)  lr=5.36e-04  tot=6.5min
10:51:13  [481/1000]  train nll=+2.544(obj=+1.517 bg=+2.588) mse=3.421(obj=1.784 bg=3.491)  val nll=+2.470(obj=+1.340 bg=+2.519) mse=3.339(obj=1.651 bg=3.411)  lr=5.34e-04  tot=6.5min
10:51:13  [482/1000]  train nll=+2.517(obj=+1.364 bg=+2.567) mse=3.363(obj=1.646 bg=3.439)  val nll=+2.516(obj=+1.662 bg=+2.553) mse=3.209(obj=1.702 bg=3.275)  lr=5.33e-04  tot=6.6min
10:51:14  [483/1000]  train nll=+2.446(obj=+1.504 bg=+2.489) mse=3.345(obj=1.748 bg=3.415)  val nll=+2.201(obj=+1.052 bg=+2.251) mse=2.867(obj=1.466 bg=2.927)  lr=5.31e-04  tot=6.6min
10:51:14    ↳ saved (val_nll=2.2011)
10:51:15  [484/1000]  train nll=+2.281(obj=+0.986 bg=+2.337) mse=3.091(obj=1.401 bg=3.163)  val nll=+2.161(obj=+0.995 bg=+2.211) mse=2.943(obj=1.418 bg=3.010)  lr=5.30e-04  tot=6.6min
10:51:15    ↳ saved (val_nll=2.1606)
10:51:16  [485/1000]  train nll=+2.257(obj=+1.052 bg=+2.310) mse=2.938(obj=1.417 bg=3.005)  val nll=+2.542(obj=+2.184 bg=+2.557) mse=3.341(obj=1.971 bg=3.402)  lr=5.28e-04  tot=6.6min
10:51:17  [486/1000]  train nll=+2.492(obj=+1.546 bg=+2.535) mse=3.369(obj=1.694 bg=3.444)  val nll=+2.275(obj=+0.952 bg=+2.331) mse=3.042(obj=1.368 bg=3.114)  lr=5.27e-04  tot=6.6min
10:51:17  [487/1000]  train nll=+2.375(obj=+1.214 bg=+2.425) mse=3.179(obj=1.540 bg=3.250)  val nll=+2.648(obj=+1.732 bg=+2.687) mse=3.195(obj=1.714 bg=3.260)  lr=5.25e-04  tot=6.6min
10:51:18  [488/1000]  train nll=+2.742(obj=+1.712 bg=+2.784) mse=3.454(obj=1.760 bg=3.527)  val nll=+2.654(obj=+2.072 bg=+2.680) mse=3.160(obj=1.872 bg=3.216)  lr=5.23e-04  tot=6.6min
10:51:19  [489/1000]  train nll=+2.686(obj=+2.112 bg=+2.713) mse=3.348(obj=2.074 bg=3.403)  val nll=+2.466(obj=+1.335 bg=+2.515) mse=3.256(obj=1.526 bg=3.330)  lr=5.22e-04  tot=6.6min
10:51:20  [490/1000]  train nll=+2.390(obj=+1.254 bg=+2.439) mse=3.114(obj=1.513 bg=3.182)  val nll=+2.303(obj=+1.203 bg=+2.351) mse=3.154(obj=1.571 bg=3.222)  lr=5.20e-04  tot=6.7min
10:51:21  [491/1000]  train nll=+2.237(obj=+1.036 bg=+2.290) mse=3.079(obj=1.505 bg=3.148)  val nll=+2.221(obj=+0.945 bg=+2.276) mse=2.986(obj=1.344 bg=3.058)  lr=5.19e-04  tot=6.7min
10:51:21  [492/1000]  train nll=+2.250(obj=+1.026 bg=+2.303) mse=3.024(obj=1.389 bg=3.097)  val nll=+2.189(obj=+0.897 bg=+2.245) mse=3.169(obj=1.475 bg=3.243)  lr=5.17e-04  tot=6.7min
10:51:22  [493/1000]  train nll=+2.316(obj=+1.085 bg=+2.369) mse=3.184(obj=1.619 bg=3.252)  val nll=+2.141(obj=+0.854 bg=+2.196) mse=2.923(obj=1.261 bg=2.995)  lr=5.15e-04  tot=6.7min
10:51:22    ↳ saved (val_nll=2.1409)
10:51:23  [494/1000]  train nll=+2.285(obj=+1.098 bg=+2.336) mse=3.090(obj=1.479 bg=3.159)  val nll=+2.187(obj=+0.936 bg=+2.240) mse=3.048(obj=1.371 bg=3.121)  lr=5.14e-04  tot=6.7min
10:51:24  [495/1000]  train nll=+2.244(obj=+1.078 bg=+2.295) mse=3.023(obj=1.484 bg=3.090)  val nll=+2.176(obj=+1.112 bg=+2.224) mse=3.003(obj=1.382 bg=3.075)  lr=5.12e-04  tot=6.7min
10:51:25  [496/1000]  train nll=+2.275(obj=+1.138 bg=+2.325) mse=3.061(obj=1.461 bg=3.132)  val nll=+2.421(obj=+0.952 bg=+2.484) mse=3.328(obj=1.383 bg=3.413)  lr=5.11e-04  tot=6.7min
10:51:26  [497/1000]  train nll=+2.452(obj=+1.231 bg=+2.505) mse=3.190(obj=1.575 bg=3.259)  val nll=+2.159(obj=+0.882 bg=+2.214) mse=3.034(obj=1.409 bg=3.105)  lr=5.09e-04  tot=6.8min
10:51:26  [498/1000]  train nll=+2.297(obj=+1.114 bg=+2.349) mse=3.013(obj=1.598 bg=3.076)  val nll=+2.111(obj=+0.897 bg=+2.164) mse=2.894(obj=1.310 bg=2.963)  lr=5.08e-04  tot=6.8min
10:51:26    ↳ saved (val_nll=2.1111)
10:51:27  [499/1000]  train nll=+2.251(obj=+0.936 bg=+2.309) mse=3.061(obj=1.334 bg=3.137)  val nll=+2.475(obj=+2.004 bg=+2.493) mse=3.110(obj=1.743 bg=3.168)  lr=5.06e-04  tot=6.8min
10:51:28  [500/1000]  train nll=+2.376(obj=+1.384 bg=+2.419) mse=3.087(obj=1.543 bg=3.156)  val nll=+2.207(obj=+0.970 bg=+2.260) mse=2.956(obj=1.289 bg=3.030)  lr=5.04e-04  tot=6.8min
10:51:29  [501/1000]  train nll=+2.208(obj=+0.957 bg=+2.264) mse=3.005(obj=1.407 bg=3.075)  val nll=+2.253(obj=+0.992 bg=+2.307) mse=3.105(obj=1.359 bg=3.179)  lr=5.03e-04  tot=6.8min
10:51:30  [502/1000]  train nll=+2.273(obj=+1.311 bg=+2.316) mse=3.027(obj=1.579 bg=3.090)  val nll=+2.322(obj=+1.402 bg=+2.361) mse=3.120(obj=1.745 bg=3.179)  lr=5.01e-04  tot=6.8min
10:51:31  [503/1000]  train nll=+2.267(obj=+1.115 bg=+2.316) mse=3.055(obj=1.522 bg=3.120)  val nll=+2.010(obj=+0.767 bg=+2.064) mse=2.704(obj=1.093 bg=2.775)  lr=5.00e-04  tot=6.8min
10:51:31    ↳ saved (val_nll=2.0097)
10:51:32  [504/1000]  train nll=+2.161(obj=+0.989 bg=+2.212) mse=3.027(obj=1.506 bg=3.093)  val nll=+1.982(obj=+0.640 bg=+2.040) mse=2.805(obj=1.280 bg=2.872)  lr=4.98e-04  tot=6.9min
10:51:32    ↳ saved (val_nll=1.9819)
10:51:32  [505/1000]  train nll=+2.278(obj=+1.235 bg=+2.322) mse=3.126(obj=1.609 bg=3.191)  val nll=+2.185(obj=+1.225 bg=+2.227) mse=2.945(obj=1.418 bg=3.011)  lr=4.97e-04  tot=6.9min
10:51:33  [506/1000]  train nll=+2.243(obj=+1.047 bg=+2.296) mse=3.050(obj=1.429 bg=3.121)  val nll=+2.026(obj=+0.806 bg=+2.080) mse=2.766(obj=1.147 bg=2.837)  lr=4.95e-04  tot=6.9min
10:51:34  [507/1000]  train nll=+2.343(obj=+1.310 bg=+2.388) mse=3.024(obj=1.533 bg=3.088)  val nll=+2.318(obj=+1.586 bg=+2.348) mse=2.990(obj=1.673 bg=3.046)  lr=4.93e-04  tot=6.9min
10:51:35  [508/1000]  train nll=+2.338(obj=+1.213 bg=+2.384) mse=3.108(obj=1.478 bg=3.176)  val nll=+2.315(obj=+1.484 bg=+2.350) mse=3.042(obj=1.763 bg=3.098)  lr=4.92e-04  tot=6.9min
10:51:36  [509/1000]  train nll=+2.344(obj=+1.279 bg=+2.392) mse=3.198(obj=1.607 bg=3.269)  val nll=+2.275(obj=+1.022 bg=+2.328) mse=3.202(obj=1.476 bg=3.276)  lr=4.90e-04  tot=6.9min
10:51:37  [510/1000]  train nll=+2.408(obj=+1.465 bg=+2.450) mse=3.100(obj=1.769 bg=3.159)  val nll=+2.194(obj=+1.124 bg=+2.241) mse=3.045(obj=1.591 bg=3.108)  lr=4.89e-04  tot=6.9min
10:51:37  [511/1000]  train nll=+2.408(obj=+1.502 bg=+2.448) mse=3.091(obj=1.663 bg=3.154)  val nll=+2.162(obj=+1.032 bg=+2.211) mse=2.937(obj=1.437 bg=3.002)  lr=4.87e-04  tot=7.0min
10:51:38  [512/1000]  train nll=+2.250(obj=+1.141 bg=+2.297) mse=2.956(obj=1.455 bg=3.020)  val nll=+1.967(obj=+0.867 bg=+2.015) mse=2.643(obj=1.294 bg=2.702)  lr=4.86e-04  tot=7.0min
10:51:38    ↳ saved (val_nll=1.9669)
10:51:39  [513/1000]  train nll=+2.096(obj=+0.813 bg=+2.152) mse=2.862(obj=1.282 bg=2.931)  val nll=+1.861(obj=+0.657 bg=+1.913) mse=2.636(obj=1.167 bg=2.698)  lr=4.84e-04  tot=7.0min
10:51:39    ↳ saved (val_nll=1.8611)
10:51:40  [514/1000]  train nll=+2.072(obj=+0.890 bg=+2.123) mse=2.810(obj=1.326 bg=2.874)  val nll=+1.917(obj=+0.601 bg=+1.974) mse=2.697(obj=1.152 bg=2.763)  lr=4.82e-04  tot=7.0min
10:51:41  [515/1000]  train nll=+2.183(obj=+1.237 bg=+2.224) mse=2.914(obj=1.542 bg=2.975)  val nll=+2.243(obj=+1.015 bg=+2.297) mse=2.880(obj=1.193 bg=2.954)  lr=4.81e-04  tot=7.0min
10:51:42  [516/1000]  train nll=+2.312(obj=+1.078 bg=+2.366) mse=3.169(obj=1.478 bg=3.244)  val nll=+1.950(obj=+0.676 bg=+2.005) mse=2.641(obj=1.177 bg=2.704)  lr=4.79e-04  tot=7.0min
10:51:43  [517/1000]  train nll=+2.173(obj=+1.069 bg=+2.222) mse=2.941(obj=1.466 bg=3.007)  val nll=+2.205(obj=+1.600 bg=+2.231) mse=2.934(obj=1.677 bg=2.989)  lr=4.78e-04  tot=7.0min
10:51:43  [518/1000]  train nll=+2.223(obj=+1.065 bg=+2.274) mse=2.985(obj=1.392 bg=3.055)  val nll=+2.066(obj=+0.894 bg=+2.117) mse=2.782(obj=1.417 bg=2.843)  lr=4.76e-04  tot=7.1min
10:51:44  [519/1000]  train nll=+2.224(obj=+1.045 bg=+2.276) mse=3.047(obj=1.488 bg=3.115)  val nll=+2.184(obj=+1.066 bg=+2.232) mse=2.917(obj=1.452 bg=2.981)  lr=4.74e-04  tot=7.1min
10:51:45  [520/1000]  train nll=+2.264(obj=+1.108 bg=+2.315) mse=3.017(obj=1.488 bg=3.085)  val nll=+2.323(obj=+1.286 bg=+2.367) mse=2.964(obj=1.533 bg=3.026)  lr=4.73e-04  tot=7.1min
10:51:46  [521/1000]  train nll=+2.285(obj=+1.026 bg=+2.339) mse=3.120(obj=1.459 bg=3.191)  val nll=+2.143(obj=+1.046 bg=+2.190) mse=2.922(obj=1.466 bg=2.984)  lr=4.71e-04  tot=7.1min
10:51:47  [522/1000]  train nll=+2.173(obj=+1.032 bg=+2.224) mse=2.986(obj=1.337 bg=3.060)  val nll=+1.963(obj=+0.689 bg=+2.018) mse=2.641(obj=1.150 bg=2.704)  lr=4.70e-04  tot=7.1min
10:51:47  [523/1000]  train nll=+2.142(obj=+0.934 bg=+2.194) mse=2.872(obj=1.382 bg=2.937)  val nll=+1.916(obj=+0.540 bg=+1.975) mse=2.650(obj=1.154 bg=2.715)  lr=4.68e-04  tot=7.1min
10:51:48  [524/1000]  train nll=+2.050(obj=+0.708 bg=+2.108) mse=2.816(obj=1.227 bg=2.886)  val nll=+2.083(obj=+0.842 bg=+2.137) mse=2.842(obj=1.254 bg=2.912)  lr=4.67e-04  tot=7.1min
10:51:49  [525/1000]  train nll=+2.122(obj=+0.884 bg=+2.176) mse=2.824(obj=1.283 bg=2.891)  val nll=+2.063(obj=+0.824 bg=+2.116) mse=2.830(obj=1.244 bg=2.899)  lr=4.65e-04  tot=7.1min
10:51:50  [526/1000]  train nll=+2.301(obj=+0.883 bg=+2.362) mse=3.160(obj=1.316 bg=3.239)  val nll=+2.489(obj=+1.539 bg=+2.530) mse=3.328(obj=1.818 bg=3.394)  lr=4.63e-04  tot=7.2min
10:51:51  [527/1000]  train nll=+2.294(obj=+1.090 bg=+2.346) mse=3.046(obj=1.456 bg=3.114)  val nll=+2.329(obj=+1.219 bg=+2.379) mse=3.230(obj=1.700 bg=3.298)  lr=4.62e-04  tot=7.2min
10:51:52  [528/1000]  train nll=+2.240(obj=+1.074 bg=+2.291) mse=3.041(obj=1.478 bg=3.109)  val nll=+2.170(obj=+0.937 bg=+2.223) mse=2.932(obj=1.345 bg=3.001)  lr=4.60e-04  tot=7.2min
10:51:53  [529/1000]  train nll=+2.262(obj=+1.050 bg=+2.313) mse=3.076(obj=1.446 bg=3.146)  val nll=+2.221(obj=+1.090 bg=+2.270) mse=2.937(obj=1.408 bg=3.004)  lr=4.59e-04  tot=7.2min
10:51:54  [530/1000]  train nll=+2.373(obj=+1.199 bg=+2.422) mse=3.138(obj=1.538 bg=3.205)  val nll=+2.335(obj=+1.133 bg=+2.387) mse=3.030(obj=1.454 bg=3.099)  lr=4.57e-04  tot=7.2min
10:51:54  [531/1000]  train nll=+2.410(obj=+1.400 bg=+2.452) mse=3.073(obj=1.528 bg=3.139)  val nll=+2.196(obj=+0.999 bg=+2.247) mse=2.939(obj=1.289 bg=3.011)  lr=4.56e-04  tot=7.2min
10:51:55  [532/1000]  train nll=+2.258(obj=+0.987 bg=+2.314) mse=3.029(obj=1.442 bg=3.098)  val nll=+2.337(obj=+1.246 bg=+2.383) mse=2.998(obj=1.522 bg=3.061)  lr=4.54e-04  tot=7.2min
10:51:56  [533/1000]  train nll=+2.246(obj=+1.116 bg=+2.295) mse=2.960(obj=1.468 bg=3.025)  val nll=+2.014(obj=+0.905 bg=+2.061) mse=2.817(obj=1.301 bg=2.882)  lr=4.52e-04  tot=7.3min
10:51:57  [534/1000]  train nll=+2.209(obj=+1.015 bg=+2.262) mse=2.950(obj=1.426 bg=3.016)  val nll=+2.010(obj=+0.751 bg=+2.065) mse=2.747(obj=1.220 bg=2.814)  lr=4.51e-04  tot=7.3min
10:51:58  [535/1000]  train nll=+2.228(obj=+1.126 bg=+2.274) mse=2.944(obj=1.482 bg=3.006)  val nll=+2.103(obj=+0.749 bg=+2.161) mse=2.870(obj=1.233 bg=2.941)  lr=4.49e-04  tot=7.3min
10:51:58  [536/1000]  train nll=+2.278(obj=+0.938 bg=+2.335) mse=3.013(obj=1.432 bg=3.081)  val nll=+2.023(obj=+0.723 bg=+2.080) mse=2.764(obj=1.152 bg=2.834)  lr=4.48e-04  tot=7.3min
10:51:59  [537/1000]  train nll=+2.212(obj=+1.126 bg=+2.258) mse=2.970(obj=1.461 bg=3.033)  val nll=+2.090(obj=+0.834 bg=+2.144) mse=2.860(obj=1.250 bg=2.931)  lr=4.46e-04  tot=7.3min
10:52:00  [538/1000]  train nll=+2.266(obj=+1.340 bg=+2.305) mse=3.085(obj=1.572 bg=3.150)  val nll=+2.063(obj=+0.878 bg=+2.114) mse=2.853(obj=1.266 bg=2.921)  lr=4.45e-04  tot=7.3min
10:52:01  [539/1000]  train nll=+2.061(obj=+0.806 bg=+2.115) mse=2.862(obj=1.308 bg=2.929)  val nll=+1.902(obj=+0.751 bg=+1.951) mse=2.692(obj=1.181 bg=2.757)  lr=4.43e-04  tot=7.3min
10:52:02  [540/1000]  train nll=+2.110(obj=+0.772 bg=+2.167) mse=2.901(obj=1.267 bg=2.972)  val nll=+1.868(obj=+0.555 bg=+1.926) mse=2.629(obj=1.104 bg=2.697)  lr=4.41e-04  tot=7.4min
10:52:03  [541/1000]  train nll=+2.110(obj=+0.780 bg=+2.167) mse=2.868(obj=1.190 bg=2.939)  val nll=+1.894(obj=+0.597 bg=+1.952) mse=2.612(obj=1.108 bg=2.680)  lr=4.40e-04  tot=7.4min
10:52:03  [542/1000]  train nll=+2.051(obj=+0.805 bg=+2.105) mse=2.797(obj=1.318 bg=2.862)  val nll=+1.884(obj=+0.685 bg=+1.936) mse=2.614(obj=1.133 bg=2.678)  lr=4.38e-04  tot=7.4min
10:52:04  [543/1000]  train nll=+2.185(obj=+1.139 bg=+2.230) mse=2.903(obj=1.436 bg=2.967)  val nll=+2.183(obj=+0.970 bg=+2.235) mse=2.946(obj=1.338 bg=3.015)  lr=4.37e-04  tot=7.4min
10:52:05  [544/1000]  train nll=+2.169(obj=+0.812 bg=+2.227) mse=3.085(obj=1.292 bg=3.161)  val nll=+1.965(obj=+0.714 bg=+2.019) mse=2.705(obj=1.251 bg=2.768)  lr=4.35e-04  tot=7.4min
10:52:06  [545/1000]  train nll=+2.141(obj=+0.843 bg=+2.199) mse=2.881(obj=1.318 bg=2.949)  val nll=+2.113(obj=+1.275 bg=+2.148) mse=2.793(obj=1.491 bg=2.849)  lr=4.34e-04  tot=7.4min
10:52:07  [546/1000]  train nll=+2.135(obj=+0.933 bg=+2.188) mse=2.892(obj=1.317 bg=2.962)  val nll=+1.992(obj=+1.199 bg=+2.027) mse=2.665(obj=1.373 bg=2.723)  lr=4.32e-04  tot=7.4min
10:52:07  [547/1000]  train nll=+2.090(obj=+0.939 bg=+2.140) mse=2.860(obj=1.294 bg=2.927)  val nll=+1.964(obj=+0.765 bg=+2.016) mse=2.775(obj=1.232 bg=2.842)  lr=4.31e-04  tot=7.5min
10:52:08  [548/1000]  train nll=+2.135(obj=+0.910 bg=+2.188) mse=2.947(obj=1.349 bg=3.015)  val nll=+1.945(obj=+0.629 bg=+2.001) mse=2.736(obj=1.120 bg=2.807)  lr=4.29e-04  tot=7.5min
10:52:09  [549/1000]  train nll=+1.987(obj=+0.672 bg=+2.043) mse=2.746(obj=1.185 bg=2.812)  val nll=+1.923(obj=+0.538 bg=+1.983) mse=2.699(obj=1.104 bg=2.768)  lr=4.27e-04  tot=7.5min
10:52:10  [550/1000]  train nll=+2.130(obj=+0.904 bg=+2.183) mse=2.953(obj=1.385 bg=3.020)  val nll=+2.090(obj=+0.851 bg=+2.142) mse=2.998(obj=1.396 bg=3.067)  lr=4.26e-04  tot=7.5min
10:52:11  [551/1000]  train nll=+2.130(obj=+0.931 bg=+2.181) mse=2.960(obj=1.443 bg=3.026)  val nll=+1.930(obj=+0.620 bg=+1.986) mse=2.710(obj=1.139 bg=2.778)  lr=4.24e-04  tot=7.5min
10:52:11  [552/1000]  train nll=+2.079(obj=+0.918 bg=+2.129) mse=2.859(obj=1.332 bg=2.925)  val nll=+1.935(obj=+0.622 bg=+1.992) mse=2.759(obj=1.129 bg=2.831)  lr=4.23e-04  tot=7.5min
10:52:12  [553/1000]  train nll=+2.072(obj=+0.902 bg=+2.122) mse=2.863(obj=1.397 bg=2.927)  val nll=+2.132(obj=+1.296 bg=+2.169) mse=2.731(obj=1.478 bg=2.786)  lr=4.21e-04  tot=7.5min
10:52:13  [554/1000]  train nll=+2.214(obj=+1.198 bg=+2.259) mse=2.948(obj=1.477 bg=3.012)  val nll=+1.864(obj=+0.624 bg=+1.918) mse=2.615(obj=1.171 bg=2.677)  lr=4.20e-04  tot=7.5min
10:52:14  [555/1000]  train nll=+2.197(obj=+1.043 bg=+2.248) mse=3.029(obj=1.411 bg=3.100)  val nll=+1.831(obj=+0.662 bg=+1.881) mse=2.462(obj=1.137 bg=2.519)  lr=4.18e-04  tot=7.6min
10:52:14    ↳ saved (val_nll=1.8308)
10:52:15  [556/1000]  train nll=+2.251(obj=+1.199 bg=+2.296) mse=2.856(obj=1.459 bg=2.916)  val nll=+2.194(obj=+0.840 bg=+2.253) mse=2.955(obj=1.221 bg=3.031)  lr=4.17e-04  tot=7.6min
10:52:15  [557/1000]  train nll=+2.159(obj=+1.154 bg=+2.204) mse=2.904(obj=1.411 bg=2.970)  val nll=+2.129(obj=+1.169 bg=+2.169) mse=2.769(obj=1.457 bg=2.826)  lr=4.15e-04  tot=7.6min
10:52:16  [558/1000]  train nll=+2.107(obj=+0.972 bg=+2.156) mse=2.881(obj=1.368 bg=2.946)  val nll=+1.904(obj=+0.658 bg=+1.959) mse=2.531(obj=1.150 bg=2.592)  lr=4.13e-04  tot=7.6min
10:52:17  [559/1000]  train nll=+1.918(obj=+0.759 bg=+1.969) mse=2.590(obj=1.206 bg=2.651)  val nll=+2.008(obj=+0.574 bg=+2.068) mse=2.752(obj=1.084 bg=2.823)  lr=4.12e-04  tot=7.6min
10:52:18  [560/1000]  train nll=+1.867(obj=+0.620 bg=+1.921) mse=2.582(obj=1.219 bg=2.641)  val nll=+2.156(obj=+0.967 bg=+2.209) mse=2.746(obj=1.308 bg=2.810)  lr=4.10e-04  tot=7.6min
10:52:18  [561/1000]  train nll=+2.511(obj=+1.351 bg=+2.559) mse=3.058(obj=1.527 bg=3.123)  val nll=+2.061(obj=+0.697 bg=+2.120) mse=2.946(obj=1.156 bg=3.023)  lr=4.09e-04  tot=7.6min
10:52:19  [562/1000]  train nll=+2.123(obj=+0.975 bg=+2.174) mse=2.856(obj=1.332 bg=2.924)  val nll=+2.036(obj=+0.940 bg=+2.083) mse=2.865(obj=1.326 bg=2.931)  lr=4.07e-04  tot=7.6min
10:52:20  [563/1000]  train nll=+2.011(obj=+0.708 bg=+2.067) mse=2.775(obj=1.173 bg=2.845)  val nll=+1.834(obj=+0.818 bg=+1.877) mse=2.540(obj=1.179 bg=2.599)  lr=4.06e-04  tot=7.7min
10:52:21  [564/1000]  train nll=+1.973(obj=+0.805 bg=+2.025) mse=2.713(obj=1.219 bg=2.779)  val nll=+1.984(obj=+0.522 bg=+2.047) mse=2.713(obj=1.068 bg=2.784)  lr=4.04e-04  tot=7.7min
10:52:22  [565/1000]  train nll=+2.069(obj=+0.867 bg=+2.121) mse=2.798(obj=1.260 bg=2.863)  val nll=+2.468(obj=+1.112 bg=+2.527) mse=2.875(obj=1.303 bg=2.944)  lr=4.03e-04  tot=7.7min
10:52:23  [566/1000]  train nll=+2.230(obj=+0.953 bg=+2.285) mse=2.806(obj=1.257 bg=2.874)  val nll=+2.102(obj=+1.517 bg=+2.128) mse=2.685(obj=1.537 bg=2.736)  lr=4.01e-04  tot=7.7min
10:52:23  [567/1000]  train nll=+2.032(obj=+0.906 bg=+2.081) mse=2.706(obj=1.281 bg=2.767)  val nll=+1.806(obj=+0.675 bg=+1.856) mse=2.477(obj=1.128 bg=2.537)  lr=3.99e-04  tot=7.7min
10:52:23    ↳ saved (val_nll=1.8065)
10:52:24  [568/1000]  train nll=+1.939(obj=+0.755 bg=+1.992) mse=2.613(obj=1.221 bg=2.675)  val nll=+2.034(obj=+1.023 bg=+2.078) mse=2.789(obj=1.378 bg=2.851)  lr=3.98e-04  tot=7.7min
10:52:25  [569/1000]  train nll=+1.930(obj=+0.707 bg=+1.984) mse=2.687(obj=1.235 bg=2.750)  val nll=+2.085(obj=+1.367 bg=+2.115) mse=2.758(obj=1.360 bg=2.819)  lr=3.96e-04  tot=7.7min
10:52:26  [570/1000]  train nll=+2.236(obj=+1.100 bg=+2.285) mse=2.935(obj=1.418 bg=3.001)  val nll=+2.172(obj=+0.920 bg=+2.226) mse=2.856(obj=1.267 bg=2.924)  lr=3.95e-04  tot=7.8min
10:52:26  [571/1000]  train nll=+2.215(obj=+0.948 bg=+2.269) mse=2.927(obj=1.343 bg=2.994)  val nll=+2.080(obj=+0.751 bg=+2.137) mse=2.718(obj=1.121 bg=2.787)  lr=3.93e-04  tot=7.8min
10:52:27  [572/1000]  train nll=+2.136(obj=+0.940 bg=+2.190) mse=2.847(obj=1.308 bg=2.915)  val nll=+2.015(obj=+0.768 bg=+2.068) mse=2.658(obj=1.174 bg=2.723)  lr=3.92e-04  tot=7.8min
10:52:28  [573/1000]  train nll=+2.073(obj=+0.801 bg=+2.129) mse=2.800(obj=1.259 bg=2.869)  val nll=+1.908(obj=+0.880 bg=+1.954) mse=2.658(obj=1.298 bg=2.717)  lr=3.90e-04  tot=7.8min
10:52:29  [574/1000]  train nll=+1.953(obj=+0.794 bg=+2.003) mse=2.707(obj=1.246 bg=2.770)  val nll=+1.723(obj=+0.274 bg=+1.784) mse=2.415(obj=0.933 bg=2.479)  lr=3.89e-04  tot=7.8min
10:52:29    ↳ saved (val_nll=1.7227)
10:52:30  [575/1000]  train nll=+2.077(obj=+0.823 bg=+2.132) mse=2.868(obj=1.273 bg=2.935)  val nll=+2.100(obj=+0.650 bg=+2.162) mse=2.864(obj=1.194 bg=2.936)  lr=3.87e-04  tot=7.8min
10:52:31  [576/1000]  train nll=+2.163(obj=+0.894 bg=+2.219) mse=2.875(obj=1.304 bg=2.944)  val nll=+1.998(obj=+0.573 bg=+2.060) mse=2.855(obj=1.162 bg=2.930)  lr=3.86e-04  tot=7.8min
10:52:31  [577/1000]  train nll=+2.116(obj=+0.912 bg=+2.167) mse=2.862(obj=1.383 bg=2.925)  val nll=+1.927(obj=+0.515 bg=+1.988) mse=2.658(obj=1.068 bg=2.727)  lr=3.84e-04  tot=7.9min
10:52:32  [578/1000]  train nll=+2.059(obj=+0.873 bg=+2.109) mse=2.823(obj=1.314 bg=2.887)  val nll=+2.272(obj=+2.081 bg=+2.280) mse=2.700(obj=1.654 bg=2.745)  lr=3.83e-04  tot=7.9min
10:52:33  [579/1000]  train nll=+2.257(obj=+1.389 bg=+2.294) mse=3.003(obj=1.547 bg=3.068)  val nll=+1.971(obj=+0.778 bg=+2.022) mse=2.693(obj=1.208 bg=2.758)  lr=3.81e-04  tot=7.9min
10:52:34  [580/1000]  train nll=+2.263(obj=+1.214 bg=+2.308) mse=3.004(obj=1.375 bg=3.074)  val nll=+2.078(obj=+1.082 bg=+2.121) mse=2.801(obj=1.353 bg=2.865)  lr=3.79e-04  tot=7.9min
10:52:35  [581/1000]  train nll=+2.174(obj=+1.159 bg=+2.217) mse=2.828(obj=1.366 bg=2.893)  val nll=+1.853(obj=+0.778 bg=+1.901) mse=2.634(obj=1.255 bg=2.695)  lr=3.78e-04  tot=7.9min
10:52:36  [582/1000]  train nll=+1.894(obj=+0.671 bg=+1.947) mse=2.664(obj=1.174 bg=2.730)  val nll=+1.850(obj=+0.739 bg=+1.900) mse=2.639(obj=1.184 bg=2.703)  lr=3.76e-04  tot=7.9min
10:52:37  [583/1000]  train nll=+1.918(obj=+0.776 bg=+1.967) mse=2.634(obj=1.238 bg=2.694)  val nll=+1.786(obj=+0.309 bg=+1.850) mse=2.583(obj=1.047 bg=2.650)  lr=3.75e-04  tot=7.9min
10:52:37  [584/1000]  train nll=+1.935(obj=+0.622 bg=+1.991) mse=2.812(obj=1.146 bg=2.883)  val nll=+1.743(obj=+0.392 bg=+1.801) mse=2.443(obj=1.020 bg=2.506)  lr=3.73e-04  tot=8.0min
10:52:38  [585/1000]  train nll=+1.905(obj=+0.655 bg=+1.960) mse=2.630(obj=1.176 bg=2.694)  val nll=+1.780(obj=+0.672 bg=+1.830) mse=2.519(obj=1.159 bg=2.579)  lr=3.72e-04  tot=8.0min
10:52:39  [586/1000]  train nll=+1.866(obj=+0.651 bg=+1.918) mse=2.698(obj=1.199 bg=2.761)  val nll=+1.720(obj=+0.391 bg=+1.776) mse=2.595(obj=1.061 bg=2.661)  lr=3.70e-04  tot=8.0min
10:52:39    ↳ saved (val_nll=1.7198)
10:52:40  [587/1000]  train nll=+1.910(obj=+0.640 bg=+1.966) mse=2.712(obj=1.224 bg=2.779)  val nll=+1.763(obj=+0.478 bg=+1.818) mse=2.451(obj=1.093 bg=2.510)  lr=3.69e-04  tot=8.0min
10:52:41  [588/1000]  train nll=+2.096(obj=+0.925 bg=+2.146) mse=2.914(obj=1.382 bg=2.978)  val nll=+1.886(obj=+0.681 bg=+1.938) mse=2.646(obj=1.116 bg=2.713)  lr=3.67e-04  tot=8.0min
10:52:42  [589/1000]  train nll=+1.969(obj=+0.710 bg=+2.025) mse=2.755(obj=1.217 bg=2.823)  val nll=+1.712(obj=+0.369 bg=+1.770) mse=2.476(obj=0.930 bg=2.543)  lr=3.66e-04  tot=8.0min
10:52:42    ↳ saved (val_nll=1.7122)
10:52:42  [590/1000]  train nll=+1.978(obj=+0.809 bg=+2.029) mse=2.740(obj=1.241 bg=2.804)  val nll=+1.796(obj=+0.457 bg=+1.854) mse=2.498(obj=1.072 bg=2.560)  lr=3.64e-04  tot=8.0min
10:52:43  [591/1000]  train nll=+1.979(obj=+0.708 bg=+2.035) mse=2.723(obj=1.221 bg=2.790)  val nll=+1.769(obj=+0.517 bg=+1.824) mse=2.589(obj=1.044 bg=2.656)  lr=3.63e-04  tot=8.0min
10:52:44  [592/1000]  train nll=+1.963(obj=+0.820 bg=+2.011) mse=2.696(obj=1.278 bg=2.756)  val nll=+1.814(obj=+0.663 bg=+1.862) mse=2.629(obj=1.127 bg=2.694)  lr=3.61e-04  tot=8.1min
10:52:45  [593/1000]  train nll=+1.971(obj=+0.931 bg=+2.017) mse=2.619(obj=1.298 bg=2.676)  val nll=+1.982(obj=+0.763 bg=+2.035) mse=2.698(obj=1.247 bg=2.761)  lr=3.60e-04  tot=8.1min
10:52:46  [594/1000]  train nll=+2.133(obj=+0.884 bg=+2.187) mse=2.882(obj=1.340 bg=2.949)  val nll=+1.925(obj=+0.607 bg=+1.981) mse=2.713(obj=1.186 bg=2.779)  lr=3.58e-04  tot=8.1min
10:52:46  [595/1000]  train nll=+1.977(obj=+0.750 bg=+2.032) mse=2.721(obj=1.218 bg=2.787)  val nll=+1.813(obj=+0.470 bg=+1.871) mse=2.578(obj=1.026 bg=2.645)  lr=3.57e-04  tot=8.1min
10:52:47  [596/1000]  train nll=+1.880(obj=+0.698 bg=+1.930) mse=2.591(obj=1.195 bg=2.650)  val nll=+1.757(obj=+0.491 bg=+1.813) mse=2.598(obj=1.094 bg=2.665)  lr=3.55e-04  tot=8.1min
10:52:48  [597/1000]  train nll=+1.912(obj=+0.540 bg=+1.971) mse=2.708(obj=1.130 bg=2.776)  val nll=+1.854(obj=+0.403 bg=+1.916) mse=2.483(obj=1.038 bg=2.545)  lr=3.54e-04  tot=8.1min
10:52:49  [598/1000]  train nll=+1.840(obj=+0.564 bg=+1.893) mse=2.566(obj=1.155 bg=2.624)  val nll=+1.585(obj=+0.175 bg=+1.647) mse=2.363(obj=0.914 bg=2.425)  lr=3.52e-04  tot=8.1min
10:52:49    ↳ saved (val_nll=1.5854)
10:52:50  [599/1000]  train nll=+2.033(obj=+0.993 bg=+2.077) mse=2.724(obj=1.295 bg=2.786)  val nll=+1.877(obj=+0.451 bg=+1.938) mse=2.580(obj=1.103 bg=2.645)  lr=3.51e-04  tot=8.2min
10:52:51  [600/1000]  train nll=+1.871(obj=+0.598 bg=+1.926) mse=2.617(obj=1.213 bg=2.678)  val nll=+1.709(obj=+0.403 bg=+1.765) mse=2.444(obj=1.049 bg=2.504)  lr=3.49e-04  tot=8.2min
10:52:51  [601/1000]  train nll=+1.990(obj=+0.737 bg=+2.044) mse=2.808(obj=1.204 bg=2.877)  val nll=+1.732(obj=+0.480 bg=+1.786) mse=2.467(obj=1.041 bg=2.529)  lr=3.48e-04  tot=8.2min
10:52:52  [602/1000]  train nll=+1.934(obj=+0.823 bg=+1.982) mse=2.670(obj=1.322 bg=2.729)  val nll=+1.838(obj=+0.586 bg=+1.892) mse=2.549(obj=1.111 bg=2.612)  lr=3.46e-04  tot=8.2min
10:52:53  [603/1000]  train nll=+1.936(obj=+0.731 bg=+1.987) mse=2.641(obj=1.249 bg=2.702)  val nll=+1.861(obj=+0.774 bg=+1.908) mse=2.577(obj=1.257 bg=2.636)  lr=3.45e-04  tot=8.2min
10:52:54  [604/1000]  train nll=+2.004(obj=+0.857 bg=+2.054) mse=2.753(obj=1.267 bg=2.817)  val nll=+1.803(obj=+0.467 bg=+1.861) mse=2.515(obj=1.010 bg=2.581)  lr=3.43e-04  tot=8.2min
10:52:55  [605/1000]  train nll=+1.938(obj=+0.690 bg=+1.992) mse=2.675(obj=1.163 bg=2.740)  val nll=+1.845(obj=+0.717 bg=+1.893) mse=2.501(obj=1.238 bg=2.556)  lr=3.42e-04  tot=8.2min
10:52:56  [606/1000]  train nll=+1.866(obj=+0.662 bg=+1.917) mse=2.678(obj=1.164 bg=2.743)  val nll=+1.647(obj=+0.284 bg=+1.707) mse=2.498(obj=0.928 bg=2.567)  lr=3.40e-04  tot=8.3min
10:52:57  [607/1000]  train nll=+1.892(obj=+0.576 bg=+1.949) mse=2.610(obj=1.109 bg=2.675)  val nll=+1.746(obj=+0.378 bg=+1.806) mse=2.505(obj=1.001 bg=2.571)  lr=3.39e-04  tot=8.3min
10:52:57  [608/1000]  train nll=+1.922(obj=+0.587 bg=+1.981) mse=2.688(obj=1.161 bg=2.754)  val nll=+1.823(obj=+0.568 bg=+1.877) mse=2.684(obj=1.232 bg=2.748)  lr=3.37e-04  tot=8.3min
10:52:58  [609/1000]  train nll=+1.993(obj=+0.756 bg=+2.047) mse=2.712(obj=1.317 bg=2.774)  val nll=+1.840(obj=+0.645 bg=+1.892) mse=2.618(obj=1.152 bg=2.683)  lr=3.36e-04  tot=8.3min
10:52:59  [610/1000]  train nll=+1.974(obj=+1.136 bg=+2.011) mse=2.592(obj=1.282 bg=2.649)  val nll=+1.831(obj=+0.834 bg=+1.873) mse=2.586(obj=1.171 bg=2.647)  lr=3.34e-04  tot=8.3min
10:53:00  [611/1000]  train nll=+1.892(obj=+0.589 bg=+1.948) mse=2.643(obj=1.112 bg=2.711)  val nll=+1.724(obj=+0.680 bg=+1.769) mse=2.445(obj=1.114 bg=2.503)  lr=3.33e-04  tot=8.3min
10:53:01  [612/1000]  train nll=+1.875(obj=+0.679 bg=+1.928) mse=2.550(obj=1.165 bg=2.610)  val nll=+1.875(obj=+0.492 bg=+1.935) mse=2.508(obj=1.001 bg=2.574)  lr=3.31e-04  tot=8.3min
10:53:02  [613/1000]  train nll=+2.031(obj=+0.789 bg=+2.085) mse=2.736(obj=1.232 bg=2.801)  val nll=+1.889(obj=+0.763 bg=+1.938) mse=2.634(obj=1.126 bg=2.700)  lr=3.30e-04  tot=8.4min
10:53:02  [614/1000]  train nll=+1.853(obj=+0.880 bg=+1.896) mse=2.568(obj=1.213 bg=2.627)  val nll=+1.832(obj=+0.685 bg=+1.880) mse=2.475(obj=1.091 bg=2.533)  lr=3.28e-04  tot=8.4min
10:53:03  [615/1000]  train nll=+1.887(obj=+0.645 bg=+1.940) mse=2.644(obj=1.193 bg=2.707)  val nll=+1.769(obj=+0.391 bg=+1.829) mse=2.637(obj=1.023 bg=2.707)  lr=3.27e-04  tot=8.4min
10:53:04  [616/1000]  train nll=+1.849(obj=+0.834 bg=+1.895) mse=2.620(obj=1.283 bg=2.680)  val nll=+1.623(obj=+0.283 bg=+1.681) mse=2.300(obj=1.024 bg=2.356)  lr=3.25e-04  tot=8.4min
10:53:05  [617/1000]  train nll=+1.866(obj=+0.582 bg=+1.922) mse=2.599(obj=1.152 bg=2.661)  val nll=+1.895(obj=+0.918 bg=+1.937) mse=2.563(obj=1.343 bg=2.615)  lr=3.24e-04  tot=8.4min
10:53:06  [618/1000]  train nll=+1.827(obj=+0.589 bg=+1.882) mse=2.677(obj=1.161 bg=2.745)  val nll=+1.800(obj=+0.278 bg=+1.865) mse=2.586(obj=0.998 bg=2.654)  lr=3.22e-04  tot=8.4min
10:53:07  [619/1000]  train nll=+1.828(obj=+0.436 bg=+1.889) mse=2.645(obj=1.052 bg=2.714)  val nll=+1.673(obj=+0.369 bg=+1.731) mse=2.457(obj=0.995 bg=2.522)  lr=3.21e-04  tot=8.4min
10:53:07  [620/1000]  train nll=+1.853(obj=+0.466 bg=+1.915) mse=2.610(obj=1.110 bg=2.676)  val nll=+1.680(obj=+0.300 bg=+1.739) mse=2.449(obj=0.955 bg=2.514)  lr=3.19e-04  tot=8.5min
10:53:08  [621/1000]  train nll=+1.851(obj=+0.682 bg=+1.902) mse=2.663(obj=1.223 bg=2.725)  val nll=+1.616(obj=+0.258 bg=+1.675) mse=2.407(obj=0.944 bg=2.470)  lr=3.18e-04  tot=8.5min
10:53:09  [622/1000]  train nll=+1.852(obj=+0.554 bg=+1.909) mse=2.601(obj=1.140 bg=2.665)  val nll=+1.774(obj=+0.420 bg=+1.830) mse=2.478(obj=0.975 bg=2.541)  lr=3.16e-04  tot=8.5min
10:53:10  [623/1000]  train nll=+1.924(obj=+0.905 bg=+1.968) mse=2.620(obj=1.225 bg=2.681)  val nll=+1.681(obj=+0.751 bg=+1.722) mse=2.281(obj=1.058 bg=2.335)  lr=3.15e-04  tot=8.5min
10:53:11  [624/1000]  train nll=+1.786(obj=+0.767 bg=+1.830) mse=2.432(obj=1.129 bg=2.489)  val nll=+1.655(obj=+0.355 bg=+1.711) mse=2.375(obj=1.007 bg=2.433)  lr=3.14e-04  tot=8.5min
10:53:11  [625/1000]  train nll=+1.831(obj=+0.628 bg=+1.884) mse=2.542(obj=1.144 bg=2.604)  val nll=+1.510(obj=+0.235 bg=+1.565) mse=2.224(obj=0.908 bg=2.282)  lr=3.12e-04  tot=8.5min
10:53:11    ↳ saved (val_nll=1.5103)
10:53:12  [626/1000]  train nll=+1.840(obj=+0.629 bg=+1.892) mse=2.592(obj=1.196 bg=2.651)  val nll=+1.712(obj=+0.316 bg=+1.772) mse=2.510(obj=0.927 bg=2.578)  lr=3.11e-04  tot=8.5min
10:53:13  [627/1000]  train nll=+1.932(obj=+0.915 bg=+1.976) mse=2.611(obj=1.283 bg=2.669)  val nll=+1.809(obj=+0.698 bg=+1.857) mse=2.548(obj=1.173 bg=2.607)  lr=3.09e-04  tot=8.5min
10:53:14  [628/1000]  train nll=+1.961(obj=+0.734 bg=+2.013) mse=2.790(obj=1.189 bg=2.858)  val nll=+1.800(obj=+0.542 bg=+1.855) mse=2.447(obj=0.994 bg=2.509)  lr=3.08e-04  tot=8.6min
10:53:15  [629/1000]  train nll=+1.836(obj=+0.682 bg=+1.889) mse=2.582(obj=1.196 bg=2.645)  val nll=+1.777(obj=+0.660 bg=+1.825) mse=2.540(obj=1.189 bg=2.599)  lr=3.06e-04  tot=8.6min
10:53:15  [630/1000]  train nll=+1.916(obj=+0.633 bg=+1.971) mse=2.541(obj=1.187 bg=2.599)  val nll=+1.795(obj=+0.619 bg=+1.847) mse=2.459(obj=1.124 bg=2.517)  lr=3.05e-04  tot=8.6min
10:53:16  [631/1000]  train nll=+1.837(obj=+0.635 bg=+1.889) mse=2.588(obj=1.124 bg=2.653)  val nll=+1.828(obj=+0.770 bg=+1.874) mse=2.493(obj=1.107 bg=2.554)  lr=3.03e-04  tot=8.6min
10:53:17  [632/1000]  train nll=+1.864(obj=+0.857 bg=+1.909) mse=2.552(obj=1.265 bg=2.608)  val nll=+1.717(obj=+0.645 bg=+1.764) mse=2.371(obj=1.113 bg=2.426)  lr=3.02e-04  tot=8.6min
10:53:18  [633/1000]  train nll=+1.959(obj=+0.787 bg=+2.007) mse=2.705(obj=1.151 bg=2.770)  val nll=+1.751(obj=+0.612 bg=+1.800) mse=2.488(obj=1.239 bg=2.543)  lr=3.00e-04  tot=8.6min
10:53:19  [634/1000]  train nll=+1.808(obj=+0.708 bg=+1.855) mse=2.541(obj=1.178 bg=2.600)  val nll=+1.779(obj=+0.542 bg=+1.833) mse=2.537(obj=1.150 bg=2.597)  lr=2.99e-04  tot=8.6min
10:53:20  [635/1000]  train nll=+1.870(obj=+0.633 bg=+1.925) mse=2.686(obj=1.210 bg=2.751)  val nll=+1.761(obj=+0.870 bg=+1.798) mse=2.353(obj=1.147 bg=2.405)  lr=2.98e-04  tot=8.7min
10:53:20  [636/1000]  train nll=+1.799(obj=+0.522 bg=+1.856) mse=2.566(obj=1.088 bg=2.631)  val nll=+1.489(obj=+0.114 bg=+1.548) mse=2.368(obj=0.903 bg=2.431)  lr=2.96e-04  tot=8.7min
10:53:20    ↳ saved (val_nll=1.4888)
10:53:21  [637/1000]  train nll=+1.737(obj=+0.353 bg=+1.797) mse=2.435(obj=1.035 bg=2.496)  val nll=+1.620(obj=+0.336 bg=+1.675) mse=2.387(obj=0.992 bg=2.447)  lr=2.95e-04  tot=8.7min
10:53:22  [638/1000]  train nll=+1.789(obj=+0.457 bg=+1.847) mse=2.554(obj=1.064 bg=2.618)  val nll=+1.619(obj=+0.211 bg=+1.680) mse=2.398(obj=0.979 bg=2.460)  lr=2.93e-04  tot=8.7min
10:53:23  [639/1000]  train nll=+1.965(obj=+0.696 bg=+2.021) mse=2.758(obj=1.163 bg=2.827)  val nll=+1.804(obj=+0.586 bg=+1.856) mse=2.618(obj=1.137 bg=2.681)  lr=2.92e-04  tot=8.7min
10:53:24  [640/1000]  train nll=+1.798(obj=+0.516 bg=+1.854) mse=2.454(obj=1.176 bg=2.510)  val nll=+1.697(obj=+0.698 bg=+1.740) mse=2.410(obj=1.247 bg=2.460)  lr=2.90e-04  tot=8.7min
10:53:25  [641/1000]  train nll=+1.822(obj=+0.535 bg=+1.876) mse=2.655(obj=1.087 bg=2.721)  val nll=+1.596(obj=+0.068 bg=+1.661) mse=2.438(obj=0.848 bg=2.507)  lr=2.89e-04  tot=8.7min
10:53:26  [642/1000]  train nll=+1.817(obj=+0.466 bg=+1.876) mse=2.642(obj=1.037 bg=2.712)  val nll=+1.488(obj=+0.113 bg=+1.549) mse=2.211(obj=0.847 bg=2.271)  lr=2.88e-04  tot=8.8min
10:53:26    ↳ saved (val_nll=1.4882)
10:53:26  [643/1000]  train nll=+1.747(obj=+0.348 bg=+1.807) mse=2.468(obj=1.001 bg=2.532)  val nll=+1.552(obj=+0.137 bg=+1.613) mse=2.358(obj=0.913 bg=2.421)  lr=2.86e-04  tot=8.8min
10:53:27  [644/1000]  train nll=+1.785(obj=+0.443 bg=+1.843) mse=2.631(obj=1.085 bg=2.698)  val nll=+1.850(obj=+0.720 bg=+1.900) mse=2.565(obj=1.111 bg=2.630)  lr=2.85e-04  tot=8.8min
10:53:28  [645/1000]  train nll=+1.902(obj=+0.655 bg=+1.956) mse=2.612(obj=1.158 bg=2.676)  val nll=+1.743(obj=+0.449 bg=+1.799) mse=2.512(obj=1.036 bg=2.577)  lr=2.83e-04  tot=8.8min
10:53:29  [646/1000]  train nll=+1.788(obj=+0.509 bg=+1.842) mse=2.602(obj=1.113 bg=2.665)  val nll=+1.480(obj=+0.177 bg=+1.536) mse=2.154(obj=0.907 bg=2.209)  lr=2.82e-04  tot=8.8min
10:53:29    ↳ saved (val_nll=1.4799)
10:53:30  [647/1000]  train nll=+1.854(obj=+0.536 bg=+1.910) mse=2.600(obj=1.097 bg=2.663)  val nll=+1.550(obj=+0.230 bg=+1.605) mse=2.287(obj=0.919 bg=2.345)  lr=2.80e-04  tot=8.8min
10:53:30  [648/1000]  train nll=+1.824(obj=+0.683 bg=+1.874) mse=2.603(obj=1.149 bg=2.667)  val nll=+1.652(obj=+0.366 bg=+1.708) mse=2.476(obj=1.064 bg=2.539)  lr=2.79e-04  tot=8.8min
10:53:31  [649/1000]  train nll=+1.828(obj=+0.612 bg=+1.882) mse=2.659(obj=1.149 bg=2.726)  val nll=+1.664(obj=+0.391 bg=+1.720) mse=2.367(obj=1.012 bg=2.426)  lr=2.78e-04  tot=8.8min
10:53:32  [650/1000]  train nll=+1.740(obj=+0.596 bg=+1.789) mse=2.478(obj=1.155 bg=2.536)  val nll=+1.594(obj=+0.285 bg=+1.650) mse=2.405(obj=0.909 bg=2.470)  lr=2.76e-04  tot=8.9min
10:53:33  [651/1000]  train nll=+1.668(obj=+0.297 bg=+1.728) mse=2.469(obj=1.013 bg=2.533)  val nll=+1.486(obj=+0.167 bg=+1.543) mse=2.327(obj=0.949 bg=2.387)  lr=2.75e-04  tot=8.9min
10:53:34  [652/1000]  train nll=+1.746(obj=+0.480 bg=+1.801) mse=2.447(obj=1.104 bg=2.506)  val nll=+1.561(obj=+0.310 bg=+1.614) mse=2.316(obj=0.973 bg=2.374)  lr=2.73e-04  tot=8.9min
10:53:34  [653/1000]  train nll=+1.746(obj=+0.523 bg=+1.800) mse=2.458(obj=1.120 bg=2.517)  val nll=+1.702(obj=+0.242 bg=+1.765) mse=2.375(obj=0.938 bg=2.438)  lr=2.72e-04  tot=8.9min
10:53:35  [654/1000]  train nll=+1.693(obj=+0.329 bg=+1.753) mse=2.458(obj=1.006 bg=2.522)  val nll=+1.558(obj=+0.074 bg=+1.621) mse=2.336(obj=0.824 bg=2.402)  lr=2.71e-04  tot=8.9min
10:53:36  [655/1000]  train nll=+1.686(obj=+0.650 bg=+1.735) mse=2.453(obj=1.096 bg=2.514)  val nll=+1.526(obj=+0.190 bg=+1.583) mse=2.287(obj=0.907 bg=2.347)  lr=2.69e-04  tot=8.9min
10:53:37  [656/1000]  train nll=+1.808(obj=+0.552 bg=+1.862) mse=2.513(obj=1.094 bg=2.575)  val nll=+1.562(obj=+0.371 bg=+1.614) mse=2.328(obj=1.011 bg=2.386)  lr=2.68e-04  tot=8.9min
10:53:38  [657/1000]  train nll=+1.687(obj=+0.339 bg=+1.746) mse=2.490(obj=1.010 bg=2.555)  val nll=+1.555(obj=+0.238 bg=+1.612) mse=2.378(obj=0.928 bg=2.440)  lr=2.66e-04  tot=9.0min
10:53:38  [658/1000]  train nll=+1.687(obj=+0.335 bg=+1.745) mse=2.438(obj=1.028 bg=2.499)  val nll=+1.564(obj=+0.433 bg=+1.614) mse=2.301(obj=1.069 bg=2.355)  lr=2.65e-04  tot=9.0min
10:53:39  [659/1000]  train nll=+1.794(obj=+0.368 bg=+1.856) mse=2.599(obj=1.072 bg=2.665)  val nll=+1.461(obj=+0.037 bg=+1.522) mse=2.221(obj=0.847 bg=2.281)  lr=2.64e-04  tot=9.0min
10:53:39    ↳ saved (val_nll=1.4607)
10:53:40  [660/1000]  train nll=+1.736(obj=+0.383 bg=+1.796) mse=2.495(obj=1.032 bg=2.560)  val nll=+1.689(obj=+0.578 bg=+1.737) mse=2.412(obj=1.089 bg=2.470)  lr=2.62e-04  tot=9.0min
10:53:41  [661/1000]  train nll=+1.745(obj=+0.537 bg=+1.796) mse=2.405(obj=1.094 bg=2.461)  val nll=+1.540(obj=+0.161 bg=+1.599) mse=2.300(obj=0.905 bg=2.360)  lr=2.61e-04  tot=9.0min
10:53:41  [662/1000]  train nll=+1.634(obj=+0.353 bg=+1.691) mse=2.385(obj=0.992 bg=2.447)  val nll=+1.663(obj=+0.299 bg=+1.722) mse=2.468(obj=1.022 bg=2.531)  lr=2.59e-04  tot=9.0min
10:53:42  [663/1000]  train nll=+1.733(obj=+0.551 bg=+1.784) mse=2.487(obj=1.087 bg=2.548)  val nll=+1.461(obj=+0.159 bg=+1.518) mse=2.248(obj=0.930 bg=2.306)  lr=2.58e-04  tot=9.0min
10:53:43  [664/1000]  train nll=+1.685(obj=+0.326 bg=+1.743) mse=2.501(obj=0.985 bg=2.567)  val nll=+1.477(obj=+0.170 bg=+1.533) mse=2.213(obj=0.919 bg=2.269)  lr=2.57e-04  tot=9.0min
10:53:44  [665/1000]  train nll=+1.511(obj=+0.171 bg=+1.569) mse=2.183(obj=0.921 bg=2.238)  val nll=+1.456(obj=+0.235 bg=+1.509) mse=2.222(obj=0.942 bg=2.278)  lr=2.55e-04  tot=9.1min
10:53:44    ↳ saved (val_nll=1.4562)
10:53:45  [666/1000]  train nll=+1.699(obj=+0.504 bg=+1.752) mse=2.465(obj=1.125 bg=2.526)  val nll=+1.664(obj=+0.381 bg=+1.719) mse=2.351(obj=1.031 bg=2.409)  lr=2.54e-04  tot=9.1min
10:53:45  [667/1000]  train nll=+1.698(obj=+0.358 bg=+1.756) mse=2.464(obj=1.016 bg=2.527)  val nll=+1.454(obj=+0.099 bg=+1.512) mse=2.227(obj=0.911 bg=2.284)  lr=2.53e-04  tot=9.1min
10:53:45    ↳ saved (val_nll=1.4540)
10:53:46  [668/1000]  train nll=+1.627(obj=+0.231 bg=+1.688) mse=2.460(obj=0.968 bg=2.526)  val nll=+1.671(obj=+0.261 bg=+1.731) mse=2.433(obj=0.987 bg=2.496)  lr=2.51e-04  tot=9.1min
10:53:47  [669/1000]  train nll=+1.732(obj=+0.438 bg=+1.788) mse=2.500(obj=1.051 bg=2.564)  val nll=+1.457(obj=+0.001 bg=+1.521) mse=2.209(obj=0.823 bg=2.270)  lr=2.50e-04  tot=9.1min
10:53:48  [670/1000]  train nll=+1.683(obj=+0.354 bg=+1.741) mse=2.426(obj=1.052 bg=2.487)  val nll=+1.509(obj=+0.230 bg=+1.564) mse=2.329(obj=0.902 bg=2.390)  lr=2.48e-04  tot=9.1min
10:53:49  [671/1000]  train nll=+1.700(obj=+0.413 bg=+1.756) mse=2.435(obj=1.073 bg=2.493)  val nll=+1.593(obj=+0.184 bg=+1.655) mse=2.380(obj=0.935 bg=2.444)  lr=2.47e-04  tot=9.1min
10:53:50  [672/1000]  train nll=+1.797(obj=+0.752 bg=+1.843) mse=2.553(obj=1.176 bg=2.613)  val nll=+1.574(obj=+0.477 bg=+1.621) mse=2.337(obj=1.066 bg=2.392)  lr=2.46e-04  tot=9.2min
10:53:50  [673/1000]  train nll=+1.726(obj=+0.671 bg=+1.771) mse=2.455(obj=1.120 bg=2.513)  val nll=+1.502(obj=+0.370 bg=+1.551) mse=2.218(obj=1.018 bg=2.271)  lr=2.44e-04  tot=9.2min
10:53:51  [674/1000]  train nll=+1.703(obj=+0.433 bg=+1.757) mse=2.549(obj=1.084 bg=2.610)  val nll=+1.521(obj=+0.231 bg=+1.577) mse=2.316(obj=0.947 bg=2.376)  lr=2.43e-04  tot=9.2min
10:53:52  [675/1000]  train nll=+1.721(obj=+0.489 bg=+1.774) mse=2.452(obj=1.074 bg=2.512)  val nll=+1.659(obj=+0.804 bg=+1.698) mse=2.245(obj=1.082 bg=2.296)  lr=2.42e-04  tot=9.2min
10:53:53  [676/1000]  train nll=+1.747(obj=+0.472 bg=+1.803) mse=2.500(obj=1.049 bg=2.563)  val nll=+1.682(obj=+0.570 bg=+1.731) mse=2.399(obj=1.003 bg=2.461)  lr=2.40e-04  tot=9.2min
10:53:54  [677/1000]  train nll=+1.811(obj=+0.679 bg=+1.858) mse=2.523(obj=1.125 bg=2.582)  val nll=+1.573(obj=+0.365 bg=+1.625) mse=2.300(obj=0.970 bg=2.359)  lr=2.39e-04  tot=9.2min
10:53:54  [678/1000]  train nll=+1.655(obj=+0.395 bg=+1.710) mse=2.359(obj=0.989 bg=2.419)  val nll=+1.449(obj=+0.141 bg=+1.506) mse=2.147(obj=0.878 bg=2.202)  lr=2.38e-04  tot=9.2min
10:53:54    ↳ saved (val_nll=1.4490)
10:53:55  [679/1000]  train nll=+1.724(obj=+0.388 bg=+1.781) mse=2.565(obj=1.035 bg=2.631)  val nll=+1.576(obj=+0.418 bg=+1.625) mse=2.315(obj=0.968 bg=2.373)  lr=2.36e-04  tot=9.2min
10:53:56  [680/1000]  train nll=+1.558(obj=+0.353 bg=+1.611) mse=2.305(obj=0.990 bg=2.362)  val nll=+1.395(obj=+0.001 bg=+1.455) mse=2.206(obj=0.812 bg=2.267)  lr=2.35e-04  tot=9.3min
10:53:56    ↳ saved (val_nll=1.3955)
10:53:57  [681/1000]  train nll=+1.568(obj=+0.329 bg=+1.620) mse=2.292(obj=0.992 bg=2.346)  val nll=+1.450(obj=+0.181 bg=+1.505) mse=2.210(obj=0.941 bg=2.265)  lr=2.34e-04  tot=9.3min
10:53:58  [682/1000]  train nll=+1.632(obj=+0.328 bg=+1.688) mse=2.377(obj=1.047 bg=2.435)  val nll=+1.480(obj=+0.258 bg=+1.536) mse=2.243(obj=0.947 bg=2.300)  lr=2.32e-04  tot=9.3min
10:53:59  [683/1000]  train nll=+1.593(obj=+0.265 bg=+1.651) mse=2.344(obj=0.982 bg=2.404)  val nll=+1.549(obj=+0.036 bg=+1.614) mse=2.251(obj=0.835 bg=2.313)  lr=2.31e-04  tot=9.3min
10:53:59  [684/1000]  train nll=+1.567(obj=+0.221 bg=+1.626) mse=2.257(obj=0.939 bg=2.315)  val nll=+1.390(obj=+0.188 bg=+1.441) mse=2.164(obj=0.883 bg=2.219)  lr=2.30e-04  tot=9.3min
10:53:59    ↳ saved (val_nll=1.3902)
10:54:00  [685/1000]  train nll=+1.572(obj=+0.385 bg=+1.625) mse=2.307(obj=1.042 bg=2.362)  val nll=+1.395(obj=-0.016 bg=+1.456) mse=2.223(obj=0.839 bg=2.283)  lr=2.28e-04  tot=9.3min
10:54:01  [686/1000]  train nll=+1.747(obj=+0.606 bg=+1.794) mse=2.440(obj=1.177 bg=2.492)  val nll=+1.567(obj=+0.277 bg=+1.624) mse=2.389(obj=1.057 bg=2.450)  lr=2.27e-04  tot=9.3min
10:54:02  [687/1000]  train nll=+1.683(obj=+0.459 bg=+1.736) mse=2.456(obj=1.097 bg=2.516)  val nll=+1.530(obj=+0.179 bg=+1.590) mse=2.291(obj=0.998 bg=2.349)  lr=2.26e-04  tot=9.4min
10:54:02  [688/1000]  train nll=+1.673(obj=+0.397 bg=+1.728) mse=2.411(obj=1.053 bg=2.468)  val nll=+1.436(obj=+0.052 bg=+1.496) mse=2.213(obj=0.845 bg=2.272)  lr=2.24e-04  tot=9.4min
10:54:03  [689/1000]  train nll=+1.689(obj=+0.276 bg=+1.751) mse=2.432(obj=0.983 bg=2.495)  val nll=+1.370(obj=-0.049 bg=+1.432) mse=2.170(obj=0.849 bg=2.227)  lr=2.23e-04  tot=9.4min
10:54:03    ↳ saved (val_nll=1.3702)
10:54:04  [690/1000]  train nll=+1.502(obj=+0.127 bg=+1.562) mse=2.253(obj=0.879 bg=2.312)  val nll=+1.435(obj=-0.039 bg=+1.499) mse=2.334(obj=0.803 bg=2.400)  lr=2.22e-04  tot=9.4min
10:54:05  [691/1000]  train nll=+1.482(obj=+0.271 bg=+1.535) mse=2.225(obj=0.987 bg=2.280)  val nll=+1.292(obj=-0.069 bg=+1.351) mse=2.115(obj=0.791 bg=2.173)  lr=2.20e-04  tot=9.4min
10:54:05    ↳ saved (val_nll=1.2918)
10:54:06  [692/1000]  train nll=+1.513(obj=+0.281 bg=+1.566) mse=2.350(obj=0.931 bg=2.412)  val nll=+1.515(obj=+0.532 bg=+1.558) mse=2.277(obj=1.023 bg=2.332)  lr=2.19e-04  tot=9.4min
10:54:07  [693/1000]  train nll=+1.737(obj=+0.463 bg=+1.793) mse=2.521(obj=1.087 bg=2.584)  val nll=+1.483(obj=+0.185 bg=+1.540) mse=2.175(obj=0.931 bg=2.229)  lr=2.18e-04  tot=9.4min
10:54:07  [694/1000]  train nll=+1.632(obj=+0.276 bg=+1.691) mse=2.428(obj=0.989 bg=2.491)  val nll=+1.508(obj=+0.053 bg=+1.572) mse=2.248(obj=0.884 bg=2.308)  lr=2.17e-04  tot=9.5min
10:54:08  [695/1000]  train nll=+1.602(obj=+0.237 bg=+1.662) mse=2.518(obj=0.977 bg=2.586)  val nll=+1.456(obj=+0.707 bg=+1.489) mse=2.090(obj=1.023 bg=2.136)  lr=2.15e-04  tot=9.5min
10:54:09  [696/1000]  train nll=+1.639(obj=+0.590 bg=+1.684) mse=2.390(obj=1.036 bg=2.449)  val nll=+1.398(obj=-0.041 bg=+1.460) mse=2.200(obj=0.833 bg=2.259)  lr=2.14e-04  tot=9.5min
10:54:10  [697/1000]  train nll=+1.573(obj=+0.142 bg=+1.634) mse=2.341(obj=0.899 bg=2.402)  val nll=+1.313(obj=-0.059 bg=+1.372) mse=2.144(obj=0.820 bg=2.202)  lr=2.13e-04  tot=9.5min
10:54:11  [698/1000]  train nll=+1.485(obj=+0.195 bg=+1.541) mse=2.279(obj=0.896 bg=2.339)  val nll=+1.316(obj=-0.098 bg=+1.378) mse=2.119(obj=0.828 bg=2.175)  lr=2.11e-04  tot=9.5min
10:54:11  [699/1000]  train nll=+1.547(obj=+0.366 bg=+1.598) mse=2.285(obj=1.064 bg=2.338)  val nll=+1.455(obj=+0.132 bg=+1.511) mse=2.288(obj=0.864 bg=2.349)  lr=2.10e-04  tot=9.5min
10:54:12  [700/1000]  train nll=+1.550(obj=+0.189 bg=+1.612) mse=2.369(obj=0.906 bg=2.434)  val nll=+1.508(obj=+0.250 bg=+1.563) mse=2.186(obj=0.931 bg=2.240)  lr=2.09e-04  tot=9.5min
10:54:13  [701/1000]  train nll=+1.669(obj=+0.443 bg=+1.723) mse=2.395(obj=1.062 bg=2.452)  val nll=+1.536(obj=+0.370 bg=+1.586) mse=2.298(obj=1.001 bg=2.354)  lr=2.08e-04  tot=9.5min
10:54:14  [702/1000]  train nll=+1.591(obj=+0.428 bg=+1.641) mse=2.347(obj=0.997 bg=2.405)  val nll=+1.367(obj=-0.071 bg=+1.429) mse=2.073(obj=0.816 bg=2.127)  lr=2.06e-04  tot=9.6min
10:54:15  [703/1000]  train nll=+1.543(obj=+0.153 bg=+1.604) mse=2.294(obj=0.944 bg=2.353)  val nll=+1.362(obj=+0.028 bg=+1.420) mse=2.176(obj=0.817 bg=2.235)  lr=2.05e-04  tot=9.6min
10:54:16  [704/1000]  train nll=+1.540(obj=+0.196 bg=+1.598) mse=2.302(obj=0.947 bg=2.361)  val nll=+1.476(obj=+0.205 bg=+1.532) mse=2.353(obj=1.004 bg=2.412)  lr=2.04e-04  tot=9.6min
10:54:17  [705/1000]  train nll=+1.559(obj=+0.251 bg=+1.615) mse=2.402(obj=0.977 bg=2.463)  val nll=+1.312(obj=-0.057 bg=+1.371) mse=2.131(obj=0.802 bg=2.189)  lr=2.02e-04  tot=9.6min
10:54:18  [706/1000]  train nll=+1.634(obj=+0.522 bg=+1.683) mse=2.379(obj=1.119 bg=2.433)  val nll=+1.485(obj=+0.508 bg=+1.528) mse=2.279(obj=1.129 bg=2.330)  lr=2.01e-04  tot=9.6min
10:54:18  [707/1000]  train nll=+1.620(obj=+0.588 bg=+1.665) mse=2.454(obj=1.172 bg=2.508)  val nll=+1.463(obj=+0.181 bg=+1.518) mse=2.321(obj=0.980 bg=2.379)  lr=2.00e-04  tot=9.6min
10:54:19  [708/1000]  train nll=+1.528(obj=+0.211 bg=+1.584) mse=2.316(obj=0.968 bg=2.374)  val nll=+1.419(obj=+0.358 bg=+1.464) mse=2.154(obj=0.905 bg=2.208)  lr=1.99e-04  tot=9.6min
10:54:20  [709/1000]  train nll=+1.552(obj=+0.321 bg=+1.606) mse=2.361(obj=0.961 bg=2.421)  val nll=+1.396(obj=+0.143 bg=+1.452) mse=2.206(obj=0.934 bg=2.262)  lr=1.97e-04  tot=9.7min
10:54:21  [710/1000]  train nll=+1.453(obj=+0.156 bg=+1.509) mse=2.223(obj=0.929 bg=2.280)  val nll=+1.322(obj=-0.099 bg=+1.384) mse=2.180(obj=0.820 bg=2.241)  lr=1.96e-04  tot=9.7min
10:54:22  [711/1000]  train nll=+1.465(obj=+0.103 bg=+1.525) mse=2.343(obj=0.908 bg=2.406)  val nll=+1.285(obj=-0.090 bg=+1.345) mse=2.051(obj=0.823 bg=2.104)  lr=1.95e-04  tot=9.7min
10:54:22    ↳ saved (val_nll=1.2851)
10:54:23  [712/1000]  train nll=+1.524(obj=+0.195 bg=+1.582) mse=2.237(obj=0.949 bg=2.293)  val nll=+1.485(obj=-0.073 bg=+1.551) mse=2.138(obj=0.828 bg=2.195)  lr=1.94e-04  tot=9.7min
10:54:23  [713/1000]  train nll=+1.560(obj=+0.395 bg=+1.609) mse=2.242(obj=0.995 bg=2.296)  val nll=+1.322(obj=+0.206 bg=+1.371) mse=2.030(obj=0.972 bg=2.077)  lr=1.92e-04  tot=9.7min
10:54:24  [714/1000]  train nll=+1.489(obj=+0.159 bg=+1.547) mse=2.280(obj=0.983 bg=2.337)  val nll=+1.240(obj=-0.124 bg=+1.300) mse=2.022(obj=0.795 bg=2.076)  lr=1.91e-04  tot=9.7min
10:54:24    ↳ saved (val_nll=1.2404)
10:54:25  [715/1000]  train nll=+1.572(obj=+0.444 bg=+1.620) mse=2.372(obj=1.035 bg=2.430)  val nll=+1.316(obj=-0.073 bg=+1.376) mse=2.166(obj=0.818 bg=2.224)  lr=1.90e-04  tot=9.7min
10:54:26  [716/1000]  train nll=+1.593(obj=+0.318 bg=+1.648) mse=2.379(obj=1.037 bg=2.437)  val nll=+1.446(obj=+0.265 bg=+1.497) mse=2.325(obj=1.014 bg=2.383)  lr=1.89e-04  tot=9.8min
10:54:27  [717/1000]  train nll=+1.542(obj=+0.351 bg=+1.594) mse=2.269(obj=1.018 bg=2.324)  val nll=+1.442(obj=+0.099 bg=+1.500) mse=2.143(obj=0.873 bg=2.199)  lr=1.87e-04  tot=9.8min
10:54:28  [718/1000]  train nll=+1.585(obj=+0.390 bg=+1.636) mse=2.326(obj=1.002 bg=2.383)  val nll=+1.306(obj=-0.142 bg=+1.369) mse=2.122(obj=0.754 bg=2.183)  lr=1.86e-04  tot=9.8min
10:54:28  [719/1000]  train nll=+1.688(obj=+0.495 bg=+1.737) mse=2.417(obj=0.997 bg=2.476)  val nll=+1.557(obj=+0.796 bg=+1.590) mse=2.225(obj=1.045 bg=2.277)  lr=1.85e-04  tot=9.8min
10:54:29  [720/1000]  train nll=+1.520(obj=+0.276 bg=+1.573) mse=2.262(obj=0.921 bg=2.320)  val nll=+1.261(obj=-0.208 bg=+1.324) mse=2.044(obj=0.742 bg=2.100)  lr=1.84e-04  tot=9.8min
10:54:30  [721/1000]  train nll=+1.496(obj=+0.278 bg=+1.549) mse=2.252(obj=0.975 bg=2.307)  val nll=+1.428(obj=+0.170 bg=+1.483) mse=2.209(obj=0.964 bg=2.264)  lr=1.83e-04  tot=9.8min
10:54:31  [722/1000]  train nll=+1.549(obj=+0.158 bg=+1.609) mse=2.373(obj=0.973 bg=2.432)  val nll=+1.338(obj=-0.079 bg=+1.400) mse=2.208(obj=0.814 bg=2.269)  lr=1.81e-04  tot=9.8min
10:54:32  [723/1000]  train nll=+1.561(obj=+0.338 bg=+1.615) mse=2.347(obj=0.977 bg=2.408)  val nll=+1.405(obj=-0.104 bg=+1.469) mse=2.131(obj=0.817 bg=2.189)  lr=1.80e-04  tot=9.9min
10:54:32  [724/1000]  train nll=+1.568(obj=+0.179 bg=+1.626) mse=2.363(obj=0.907 bg=2.425)  val nll=+1.409(obj=+0.102 bg=+1.465) mse=2.255(obj=0.875 bg=2.315)  lr=1.79e-04  tot=9.9min
10:54:33  [725/1000]  train nll=+1.498(obj=+0.289 bg=+1.553) mse=2.269(obj=0.928 bg=2.329)  val nll=+1.231(obj=-0.258 bg=+1.296) mse=2.040(obj=0.741 bg=2.097)  lr=1.78e-04  tot=9.9min
10:54:33    ↳ saved (val_nll=1.2313)
10:54:34  [726/1000]  train nll=+1.475(obj=+0.069 bg=+1.535) mse=2.317(obj=0.904 bg=2.378)  val nll=+1.305(obj=-0.185 bg=+1.369) mse=2.136(obj=0.797 bg=2.194)  lr=1.77e-04  tot=9.9min
10:54:35  [727/1000]  train nll=+1.487(obj=+0.124 bg=+1.547) mse=2.245(obj=0.939 bg=2.303)  val nll=+1.306(obj=-0.047 bg=+1.366) mse=2.077(obj=0.858 bg=2.131)  lr=1.75e-04  tot=9.9min
10:54:36  [728/1000]  train nll=+1.414(obj=+0.051 bg=+1.472) mse=2.282(obj=0.879 bg=2.342)  val nll=+1.314(obj=-0.146 bg=+1.378) mse=2.193(obj=0.822 bg=2.253)  lr=1.74e-04  tot=9.9min
10:54:37  [729/1000]  train nll=+1.469(obj=+0.075 bg=+1.529) mse=2.312(obj=0.922 bg=2.371)  val nll=+1.404(obj=+0.132 bg=+1.460) mse=2.229(obj=0.910 bg=2.287)  lr=1.73e-04  tot=9.9min
10:54:37  [730/1000]  train nll=+1.634(obj=+0.233 bg=+1.694) mse=2.332(obj=0.964 bg=2.391)  val nll=+1.282(obj=-0.180 bg=+1.345) mse=2.078(obj=0.777 bg=2.134)  lr=1.72e-04  tot=10.0min
10:54:38  [731/1000]  train nll=+1.536(obj=+0.121 bg=+1.597) mse=2.260(obj=0.916 bg=2.319)  val nll=+1.289(obj=-0.133 bg=+1.351) mse=2.066(obj=0.753 bg=2.123)  lr=1.71e-04  tot=10.0min
10:54:39  [732/1000]  train nll=+1.572(obj=+0.432 bg=+1.621) mse=2.367(obj=1.008 bg=2.425)  val nll=+1.389(obj=-0.104 bg=+1.453) mse=2.118(obj=0.794 bg=2.175)  lr=1.69e-04  tot=10.0min
10:54:40  [733/1000]  train nll=+1.652(obj=+0.362 bg=+1.709) mse=2.400(obj=0.974 bg=2.464)  val nll=+1.293(obj=-0.037 bg=+1.350) mse=2.087(obj=0.797 bg=2.142)  lr=1.68e-04  tot=10.0min
10:54:41  [734/1000]  train nll=+1.433(obj=+0.192 bg=+1.487) mse=2.276(obj=0.962 bg=2.333)  val nll=+1.339(obj=+0.182 bg=+1.390) mse=2.130(obj=0.966 bg=2.181)  lr=1.67e-04  tot=10.0min
10:54:42  [735/1000]  train nll=+1.478(obj=+0.165 bg=+1.534) mse=2.233(obj=0.980 bg=2.285)  val nll=+1.334(obj=-0.070 bg=+1.394) mse=2.075(obj=0.795 bg=2.130)  lr=1.66e-04  tot=10.0min
10:54:42  [736/1000]  train nll=+1.546(obj=+0.256 bg=+1.602) mse=2.301(obj=0.974 bg=2.358)  val nll=+1.426(obj=+0.334 bg=+1.475) mse=2.207(obj=1.072 bg=2.257)  lr=1.65e-04  tot=10.0min
10:54:43  [737/1000]  train nll=+1.545(obj=+0.354 bg=+1.597) mse=2.363(obj=1.043 bg=2.421)  val nll=+1.303(obj=+0.195 bg=+1.352) mse=2.125(obj=0.982 bg=2.176)  lr=1.64e-04  tot=10.1min
10:54:44  [738/1000]  train nll=+1.427(obj=+0.167 bg=+1.482) mse=2.194(obj=0.933 bg=2.249)  val nll=+1.225(obj=-0.165 bg=+1.285) mse=2.042(obj=0.728 bg=2.098)  lr=1.62e-04  tot=10.1min
10:54:44    ↳ saved (val_nll=1.2249)
10:54:45  [739/1000]  train nll=+1.411(obj=+0.066 bg=+1.469) mse=2.250(obj=0.894 bg=2.309)  val nll=+1.215(obj=-0.028 bg=+1.269) mse=1.933(obj=0.800 bg=1.983)  lr=1.61e-04  tot=10.1min
10:54:45    ↳ saved (val_nll=1.2146)
10:54:46  [740/1000]  train nll=+1.450(obj=+0.134 bg=+1.507) mse=2.203(obj=0.890 bg=2.261)  val nll=+1.352(obj=-0.128 bg=+1.417) mse=2.147(obj=0.779 bg=2.207)  lr=1.60e-04  tot=10.1min
10:54:47  [741/1000]  train nll=+1.523(obj=+0.356 bg=+1.573) mse=2.285(obj=0.982 bg=2.341)  val nll=+1.260(obj=-0.054 bg=+1.319) mse=2.089(obj=0.802 bg=2.145)  lr=1.59e-04  tot=10.1min
10:54:47  [742/1000]  train nll=+1.461(obj=+0.150 bg=+1.518) mse=2.253(obj=0.918 bg=2.310)  val nll=+1.186(obj=-0.226 bg=+1.247) mse=2.100(obj=0.764 bg=2.158)  lr=1.58e-04  tot=10.1min
10:54:47    ↳ saved (val_nll=1.1864)
10:54:48  [743/1000]  train nll=+1.423(obj=+0.151 bg=+1.478) mse=2.242(obj=0.921 bg=2.300)  val nll=+1.304(obj=+0.010 bg=+1.360) mse=2.091(obj=0.861 bg=2.144)  lr=1.57e-04  tot=10.1min
10:54:49  [744/1000]  train nll=+1.427(obj=+0.202 bg=+1.482) mse=2.203(obj=0.951 bg=2.259)  val nll=+1.190(obj=-0.069 bg=+1.246) mse=2.048(obj=0.807 bg=2.102)  lr=1.55e-04  tot=10.2min
10:54:50  [745/1000]  train nll=+1.416(obj=-0.145 bg=+1.481) mse=2.258(obj=0.825 bg=2.318)  val nll=+1.208(obj=-0.299 bg=+1.272) mse=2.113(obj=0.691 bg=2.174)  lr=1.54e-04  tot=10.2min
10:54:51  [746/1000]  train nll=+1.365(obj=+0.003 bg=+1.424) mse=2.245(obj=0.873 bg=2.306)  val nll=+1.129(obj=-0.226 bg=+1.188) mse=1.982(obj=0.768 bg=2.035)  lr=1.53e-04  tot=10.2min
10:54:51    ↳ saved (val_nll=1.1294)
10:54:52  [747/1000]  train nll=+1.401(obj=+0.031 bg=+1.461) mse=2.191(obj=0.863 bg=2.248)  val nll=+1.112(obj=-0.265 bg=+1.170) mse=1.962(obj=0.745 bg=2.014)  lr=1.52e-04  tot=10.2min
10:54:52    ↳ saved (val_nll=1.1116)
10:54:53  [748/1000]  train nll=+1.319(obj=+0.012 bg=+1.377) mse=2.100(obj=0.833 bg=2.156)  val nll=+1.304(obj=-0.120 bg=+1.367) mse=2.129(obj=0.820 bg=2.187)  lr=1.51e-04  tot=10.2min
10:54:53  [749/1000]  train nll=+1.450(obj=+0.110 bg=+1.508) mse=2.269(obj=0.901 bg=2.329)  val nll=+1.242(obj=-0.263 bg=+1.306) mse=2.062(obj=0.722 bg=2.119)  lr=1.50e-04  tot=10.2min
10:54:54  [750/1000]  train nll=+1.352(obj=+0.055 bg=+1.408) mse=2.163(obj=0.872 bg=2.220)  val nll=+1.368(obj=-0.032 bg=+1.428) mse=2.043(obj=0.810 bg=2.095)  lr=1.49e-04  tot=10.2min
10:54:55  [751/1000]  train nll=+1.357(obj=+0.073 bg=+1.412) mse=2.182(obj=0.876 bg=2.238)  val nll=+1.231(obj=-0.138 bg=+1.290) mse=2.128(obj=0.767 bg=2.187)  lr=1.48e-04  tot=10.2min
10:54:56  [752/1000]  train nll=+1.358(obj=-0.085 bg=+1.421) mse=2.224(obj=0.859 bg=2.284)  val nll=+1.145(obj=-0.267 bg=+1.207) mse=1.924(obj=0.744 bg=1.975)  lr=1.46e-04  tot=10.3min
10:54:57  [753/1000]  train nll=+1.356(obj=-0.140 bg=+1.420) mse=2.222(obj=0.797 bg=2.283)  val nll=+1.223(obj=-0.129 bg=+1.281) mse=2.039(obj=0.864 bg=2.091)  lr=1.45e-04  tot=10.3min
10:54:58  [754/1000]  train nll=+1.376(obj=+0.035 bg=+1.435) mse=2.183(obj=0.891 bg=2.239)  val nll=+1.122(obj=-0.290 bg=+1.184) mse=2.051(obj=0.787 bg=2.107)  lr=1.44e-04  tot=10.3min
10:54:59  [755/1000]  train nll=+1.340(obj=-0.038 bg=+1.399) mse=2.129(obj=0.845 bg=2.185)  val nll=+1.253(obj=-0.174 bg=+1.315) mse=2.148(obj=0.776 bg=2.208)  lr=1.43e-04  tot=10.3min
10:54:59  [756/1000]  train nll=+1.372(obj=+0.054 bg=+1.431) mse=2.237(obj=0.905 bg=2.298)  val nll=+1.091(obj=-0.306 bg=+1.151) mse=2.021(obj=0.718 bg=2.077)  lr=1.42e-04  tot=10.3min
10:54:59    ↳ saved (val_nll=1.0912)
10:55:00  [757/1000]  train nll=+1.355(obj=-0.055 bg=+1.417) mse=2.157(obj=0.830 bg=2.215)  val nll=+1.362(obj=+0.059 bg=+1.419) mse=2.167(obj=0.932 bg=2.221)  lr=1.41e-04  tot=10.3min
10:55:01  [758/1000]  train nll=+1.454(obj=+0.227 bg=+1.507) mse=2.267(obj=0.970 bg=2.324)  val nll=+1.273(obj=+0.027 bg=+1.327) mse=2.128(obj=0.866 bg=2.183)  lr=1.40e-04  tot=10.3min
10:55:02  [759/1000]  train nll=+1.369(obj=+0.070 bg=+1.426) mse=2.151(obj=0.895 bg=2.205)  val nll=+1.202(obj=-0.101 bg=+1.257) mse=2.115(obj=0.755 bg=2.173)  lr=1.39e-04  tot=10.4min
10:55:02  [760/1000]  train nll=+1.450(obj=+0.406 bg=+1.495) mse=2.185(obj=0.962 bg=2.238)  val nll=+1.145(obj=-0.050 bg=+1.195) mse=1.963(obj=0.771 bg=2.014)  lr=1.38e-04  tot=10.4min
10:55:03  [761/1000]  train nll=+1.488(obj=+0.032 bg=+1.552) mse=2.347(obj=0.867 bg=2.412)  val nll=+1.234(obj=-0.261 bg=+1.299) mse=2.089(obj=0.742 bg=2.148)  lr=1.37e-04  tot=10.4min
10:55:04  [762/1000]  train nll=+1.402(obj=-0.040 bg=+1.466) mse=2.232(obj=0.852 bg=2.293)  val nll=+1.165(obj=-0.152 bg=+1.222) mse=1.996(obj=0.776 bg=2.050)  lr=1.36e-04  tot=10.4min
10:55:05  [763/1000]  train nll=+1.391(obj=+0.139 bg=+1.446) mse=2.214(obj=0.939 bg=2.271)  val nll=+1.123(obj=-0.302 bg=+1.185) mse=2.006(obj=0.710 bg=2.063)  lr=1.34e-04  tot=10.4min
10:55:06  [764/1000]  train nll=+1.381(obj=+0.153 bg=+1.434) mse=2.153(obj=0.931 bg=2.204)  val nll=+1.241(obj=-0.038 bg=+1.298) mse=2.115(obj=0.837 bg=2.170)  lr=1.33e-04  tot=10.4min
10:55:06  [765/1000]  train nll=+1.462(obj=+0.137 bg=+1.516) mse=2.241(obj=0.910 bg=2.298)  val nll=+1.235(obj=-0.225 bg=+1.298) mse=2.127(obj=0.753 bg=2.188)  lr=1.32e-04  tot=10.4min
10:55:07  [766/1000]  train nll=+1.347(obj=-0.011 bg=+1.406) mse=2.097(obj=0.849 bg=2.151)  val nll=+1.186(obj=-0.272 bg=+1.250) mse=2.085(obj=0.763 bg=2.144)  lr=1.31e-04  tot=10.4min
10:55:08  [767/1000]  train nll=+1.281(obj=-0.056 bg=+1.338) mse=2.137(obj=0.884 bg=2.191)  val nll=+1.142(obj=-0.348 bg=+1.205) mse=1.921(obj=0.709 bg=1.972)  lr=1.30e-04  tot=10.5min
10:55:09  [768/1000]  train nll=+1.402(obj=+0.006 bg=+1.462) mse=2.200(obj=0.850 bg=2.258)  val nll=+1.128(obj=-0.339 bg=+1.192) mse=1.957(obj=0.708 bg=2.011)  lr=1.29e-04  tot=10.5min
10:55:10  [769/1000]  train nll=+1.435(obj=+0.086 bg=+1.493) mse=2.255(obj=0.903 bg=2.314)  val nll=+1.178(obj=-0.291 bg=+1.241) mse=2.022(obj=0.717 bg=2.078)  lr=1.28e-04  tot=10.5min
10:55:11  [770/1000]  train nll=+1.523(obj=+0.283 bg=+1.576) mse=2.234(obj=0.961 bg=2.289)  val nll=+1.210(obj=-0.193 bg=+1.271) mse=1.973(obj=0.817 bg=2.024)  lr=1.27e-04  tot=10.5min
10:55:12  [771/1000]  train nll=+1.318(obj=+0.082 bg=+1.372) mse=2.125(obj=0.897 bg=2.180)  val nll=+1.130(obj=-0.253 bg=+1.190) mse=1.913(obj=0.801 bg=1.962)  lr=1.26e-04  tot=10.5min
10:55:12  [772/1000]  train nll=+1.339(obj=-0.019 bg=+1.398) mse=2.080(obj=0.837 bg=2.135)  val nll=+1.101(obj=-0.246 bg=+1.160) mse=1.999(obj=0.804 bg=2.051)  lr=1.25e-04  tot=10.5min
10:55:13  [773/1000]  train nll=+1.327(obj=+0.008 bg=+1.386) mse=2.201(obj=0.877 bg=2.260)  val nll=+1.089(obj=-0.518 bg=+1.159) mse=1.938(obj=0.640 bg=1.995)  lr=1.24e-04  tot=10.6min
10:55:13    ↳ saved (val_nll=1.0888)
10:55:14  [774/1000]  train nll=+1.329(obj=-0.041 bg=+1.387) mse=2.121(obj=0.861 bg=2.174)  val nll=+1.073(obj=-0.288 bg=+1.131) mse=1.942(obj=0.692 bg=1.995)  lr=1.23e-04  tot=10.6min
10:55:14    ↳ saved (val_nll=1.0728)
10:55:15  [775/1000]  train nll=+1.316(obj=+0.016 bg=+1.373) mse=2.062(obj=0.904 bg=2.113)  val nll=+1.106(obj=-0.278 bg=+1.166) mse=2.061(obj=0.781 bg=2.118)  lr=1.22e-04  tot=10.6min
10:55:16  [776/1000]  train nll=+1.361(obj=-0.029 bg=+1.422) mse=2.160(obj=0.858 bg=2.216)  val nll=+1.267(obj=+0.073 bg=+1.318) mse=1.945(obj=0.831 bg=1.993)  lr=1.21e-04  tot=10.6min
10:55:17  [777/1000]  train nll=+1.317(obj=+0.076 bg=+1.372) mse=2.116(obj=0.895 bg=2.170)  val nll=+1.139(obj=-0.246 bg=+1.200) mse=1.947(obj=0.771 bg=1.999)  lr=1.20e-04  tot=10.6min
10:55:18  [778/1000]  train nll=+1.383(obj=+0.027 bg=+1.442) mse=2.165(obj=0.897 bg=2.220)  val nll=+1.132(obj=-0.095 bg=+1.185) mse=1.991(obj=0.767 bg=2.044)  lr=1.19e-04  tot=10.6min
10:55:18  [779/1000]  train nll=+1.430(obj=-0.027 bg=+1.494) mse=2.257(obj=0.844 bg=2.319)  val nll=+1.151(obj=-0.198 bg=+1.209) mse=2.009(obj=0.749 bg=2.063)  lr=1.18e-04  tot=10.6min
10:55:19  [780/1000]  train nll=+1.362(obj=-0.049 bg=+1.421) mse=2.221(obj=0.835 bg=2.279)  val nll=+1.145(obj=-0.236 bg=+1.203) mse=1.894(obj=0.719 bg=1.944)  lr=1.17e-04  tot=10.6min
10:55:20  [781/1000]  train nll=+1.306(obj=+0.022 bg=+1.361) mse=2.138(obj=0.884 bg=2.193)  val nll=+1.203(obj=-0.099 bg=+1.259) mse=2.017(obj=0.814 bg=2.069)  lr=1.16e-04  tot=10.7min
10:55:21  [782/1000]  train nll=+1.422(obj=+0.237 bg=+1.474) mse=2.181(obj=0.952 bg=2.235)  val nll=+1.080(obj=-0.366 bg=+1.144) mse=1.940(obj=0.691 bg=1.995)  lr=1.15e-04  tot=10.7min
10:55:22  [783/1000]  train nll=+1.287(obj=-0.061 bg=+1.347) mse=2.122(obj=0.832 bg=2.180)  val nll=+1.191(obj=-0.127 bg=+1.248) mse=1.999(obj=0.825 bg=2.051)  lr=1.14e-04  tot=10.7min
10:55:23  [784/1000]  train nll=+1.353(obj=-0.002 bg=+1.412) mse=2.156(obj=0.856 bg=2.212)  val nll=+1.152(obj=-0.227 bg=+1.211) mse=1.992(obj=0.773 bg=2.046)  lr=1.13e-04  tot=10.7min
10:55:23  [785/1000]  train nll=+1.359(obj=+0.069 bg=+1.416) mse=2.263(obj=0.902 bg=2.322)  val nll=+1.055(obj=-0.408 bg=+1.119) mse=1.857(obj=0.652 bg=1.909)  lr=1.12e-04  tot=10.7min
10:55:23    ↳ saved (val_nll=1.0552)
10:55:24  [786/1000]  train nll=+1.342(obj=+0.072 bg=+1.398) mse=2.201(obj=0.893 bg=2.258)  val nll=+1.270(obj=-0.236 bg=+1.335) mse=2.078(obj=0.775 bg=2.136)  lr=1.11e-04  tot=10.7min
10:55:25  [787/1000]  train nll=+1.335(obj=-0.096 bg=+1.396) mse=2.168(obj=0.825 bg=2.225)  val nll=+1.237(obj=-0.025 bg=+1.293) mse=2.057(obj=0.930 bg=2.108)  lr=1.10e-04  tot=10.7min
10:55:26  [788/1000]  train nll=+1.335(obj=+0.019 bg=+1.393) mse=2.107(obj=0.881 bg=2.160)  val nll=+1.128(obj=-0.399 bg=+1.195) mse=2.007(obj=0.668 bg=2.066)  lr=1.09e-04  tot=10.8min
10:55:26  [789/1000]  train nll=+1.280(obj=-0.010 bg=+1.335) mse=2.089(obj=0.837 bg=2.143)  val nll=+1.287(obj=-0.141 bg=+1.348) mse=2.200(obj=0.773 bg=2.262)  lr=1.08e-04  tot=10.8min
10:55:27  [790/1000]  train nll=+1.394(obj=-0.129 bg=+1.459) mse=2.299(obj=0.814 bg=2.361)  val nll=+1.093(obj=-0.378 bg=+1.158) mse=2.032(obj=0.702 bg=2.090)  lr=1.07e-04  tot=10.8min
10:55:28  [791/1000]  train nll=+1.286(obj=-0.067 bg=+1.344) mse=2.138(obj=0.819 bg=2.193)  val nll=+1.115(obj=-0.009 bg=+1.163) mse=1.955(obj=0.787 bg=2.005)  lr=1.06e-04  tot=10.8min
10:55:29  [792/1000]  train nll=+1.329(obj=+0.074 bg=+1.385) mse=2.208(obj=0.861 bg=2.267)  val nll=+1.086(obj=-0.275 bg=+1.146) mse=1.921(obj=0.743 bg=1.973)  lr=1.05e-04  tot=10.8min
10:55:30  [793/1000]  train nll=+1.302(obj=-0.136 bg=+1.363) mse=2.097(obj=0.834 bg=2.150)  val nll=+1.129(obj=-0.320 bg=+1.191) mse=1.985(obj=0.713 bg=2.039)  lr=1.04e-04  tot=10.8min
10:55:31  [794/1000]  train nll=+1.355(obj=-0.059 bg=+1.417) mse=2.229(obj=0.866 bg=2.288)  val nll=+1.164(obj=-0.137 bg=+1.221) mse=1.898(obj=0.763 bg=1.948)  lr=1.03e-04  tot=10.8min
10:55:31  [795/1000]  train nll=+1.307(obj=-0.128 bg=+1.370) mse=2.160(obj=0.790 bg=2.221)  val nll=+1.082(obj=-0.294 bg=+1.142) mse=1.914(obj=0.746 bg=1.966)  lr=1.02e-04  tot=10.9min
10:55:32  [796/1000]  train nll=+1.334(obj=-0.031 bg=+1.394) mse=2.139(obj=0.875 bg=2.194)  val nll=+1.224(obj=-0.293 bg=+1.289) mse=2.042(obj=0.706 bg=2.100)  lr=1.01e-04  tot=10.9min
10:55:33  [797/1000]  train nll=+1.353(obj=-0.083 bg=+1.416) mse=2.151(obj=0.816 bg=2.210)  val nll=+1.233(obj=-0.267 bg=+1.298) mse=2.090(obj=0.741 bg=2.147)  lr=1.00e-04  tot=10.9min
10:55:34  [798/1000]  train nll=+1.304(obj=-0.031 bg=+1.363) mse=2.160(obj=0.874 bg=2.217)  val nll=+1.002(obj=-0.299 bg=+1.060) mse=1.845(obj=0.685 bg=1.897)  lr=9.92e-05  tot=10.9min
10:55:34    ↳ saved (val_nll=1.0019)
10:55:35  [799/1000]  train nll=+1.323(obj=-0.087 bg=+1.383) mse=2.136(obj=0.829 bg=2.193)  val nll=+1.078(obj=-0.349 bg=+1.140) mse=1.962(obj=0.728 bg=2.015)  lr=9.83e-05  tot=10.9min
10:55:36  [800/1000]  train nll=+1.232(obj=-0.126 bg=+1.292) mse=2.025(obj=0.821 bg=2.078)  val nll=+1.060(obj=-0.353 bg=+1.121) mse=1.961(obj=0.707 bg=2.014)  lr=9.73e-05  tot=10.9min
10:55:36  [801/1000]  train nll=+1.241(obj=+0.017 bg=+1.296) mse=2.079(obj=0.881 bg=2.132)  val nll=+1.155(obj=-0.094 bg=+1.209) mse=1.997(obj=0.752 bg=2.051)  lr=9.64e-05  tot=10.9min
10:55:37  [802/1000]  train nll=+1.269(obj=-0.041 bg=+1.325) mse=2.129(obj=0.838 bg=2.184)  val nll=+1.105(obj=-0.301 bg=+1.167) mse=1.997(obj=0.722 bg=2.052)  lr=9.55e-05  tot=11.0min
10:55:38  [803/1000]  train nll=+1.312(obj=-0.030 bg=+1.369) mse=2.116(obj=0.846 bg=2.171)  val nll=+1.072(obj=-0.233 bg=+1.129) mse=1.982(obj=0.717 bg=2.036)  lr=9.46e-05  tot=11.0min
10:55:39  [804/1000]  train nll=+1.306(obj=+0.001 bg=+1.364) mse=2.091(obj=0.872 bg=2.146)  val nll=+1.047(obj=-0.375 bg=+1.109) mse=1.982(obj=0.712 bg=2.038)  lr=9.36e-05  tot=11.0min
10:55:40  [805/1000]  train nll=+1.193(obj=-0.149 bg=+1.250) mse=2.106(obj=0.845 bg=2.159)  val nll=+1.090(obj=-0.306 bg=+1.150) mse=1.956(obj=0.757 bg=2.008)  lr=9.27e-05  tot=11.0min
10:55:41  [806/1000]  train nll=+1.304(obj=-0.156 bg=+1.369) mse=2.225(obj=0.827 bg=2.286)  val nll=+1.096(obj=-0.311 bg=+1.156) mse=2.081(obj=0.742 bg=2.138)  lr=9.18e-05  tot=11.0min
10:55:41  [807/1000]  train nll=+1.288(obj=-0.043 bg=+1.345) mse=2.186(obj=0.833 bg=2.245)  val nll=+1.154(obj=-0.172 bg=+1.212) mse=2.030(obj=0.764 bg=2.085)  lr=9.09e-05  tot=11.0min
10:55:42  [808/1000]  train nll=+1.297(obj=+0.011 bg=+1.353) mse=2.045(obj=0.822 bg=2.099)  val nll=+1.105(obj=-0.404 bg=+1.170) mse=1.953(obj=0.680 bg=2.009)  lr=9.00e-05  tot=11.0min
10:55:43  [809/1000]  train nll=+1.277(obj=+0.027 bg=+1.332) mse=2.140(obj=0.914 bg=2.193)  val nll=+1.182(obj=+0.030 bg=+1.230) mse=1.955(obj=0.841 bg=2.003)  lr=8.91e-05  tot=11.0min
10:55:44  [810/1000]  train nll=+1.295(obj=-0.001 bg=+1.350) mse=2.170(obj=0.841 bg=2.227)  val nll=+0.950(obj=-0.458 bg=+1.011) mse=1.767(obj=0.647 bg=1.816)  lr=8.82e-05  tot=11.1min
10:55:44    ↳ saved (val_nll=0.9503)
10:55:45  [811/1000]  train nll=+1.228(obj=-0.140 bg=+1.288) mse=2.054(obj=0.837 bg=2.106)  val nll=+0.991(obj=-0.466 bg=+1.055) mse=1.868(obj=0.703 bg=1.919)  lr=8.73e-05  tot=11.1min
10:55:45  [812/1000]  train nll=+1.269(obj=-0.037 bg=+1.325) mse=2.102(obj=0.866 bg=2.158)  val nll=+1.166(obj=-0.270 bg=+1.229) mse=2.033(obj=0.793 bg=2.087)  lr=8.64e-05  tot=11.1min
10:55:46  [813/1000]  train nll=+1.279(obj=-0.035 bg=+1.335) mse=2.100(obj=0.871 bg=2.154)  val nll=+0.971(obj=-0.487 bg=+1.034) mse=1.820(obj=0.691 bg=1.869)  lr=8.56e-05  tot=11.1min
10:55:47  [814/1000]  train nll=+1.324(obj=+0.198 bg=+1.372) mse=2.088(obj=0.880 bg=2.140)  val nll=+1.125(obj=-0.324 bg=+1.187) mse=2.062(obj=0.721 bg=2.119)  lr=8.47e-05  tot=11.1min
10:55:48  [815/1000]  train nll=+1.222(obj=-0.112 bg=+1.280) mse=2.062(obj=0.848 bg=2.114)  val nll=+1.003(obj=-0.414 bg=+1.065) mse=1.851(obj=0.694 bg=1.902)  lr=8.38e-05  tot=11.1min
10:55:49  [816/1000]  train nll=+1.183(obj=-0.239 bg=+1.246) mse=2.019(obj=0.762 bg=2.074)  val nll=+1.073(obj=-0.386 bg=+1.137) mse=2.047(obj=0.750 bg=2.104)  lr=8.29e-05  tot=11.1min
10:55:50  [817/1000]  train nll=+1.357(obj=-0.067 bg=+1.418) mse=2.205(obj=0.841 bg=2.265)  val nll=+1.141(obj=-0.318 bg=+1.204) mse=1.970(obj=0.732 bg=2.025)  lr=8.21e-05  tot=11.2min
10:55:51  [818/1000]  train nll=+1.305(obj=+0.180 bg=+1.355) mse=2.111(obj=0.872 bg=2.164)  val nll=+1.110(obj=-0.254 bg=+1.171) mse=1.898(obj=0.806 bg=1.947)  lr=8.12e-05  tot=11.2min
10:55:52  [819/1000]  train nll=+1.247(obj=-0.179 bg=+1.310) mse=2.136(obj=0.806 bg=2.194)  val nll=+0.952(obj=-0.444 bg=+1.012) mse=1.822(obj=0.683 bg=1.870)  lr=8.04e-05  tot=11.2min
10:55:52  [820/1000]  train nll=+1.307(obj=-0.014 bg=+1.364) mse=2.217(obj=0.870 bg=2.273)  val nll=+1.031(obj=-0.410 bg=+1.093) mse=2.029(obj=0.746 bg=2.085)  lr=7.95e-05  tot=11.2min
10:55:53  [821/1000]  train nll=+1.197(obj=-0.098 bg=+1.253) mse=2.033(obj=0.797 bg=2.086)  val nll=+1.036(obj=-0.311 bg=+1.093) mse=1.845(obj=0.674 bg=1.895)  lr=7.87e-05  tot=11.2min
10:55:54  [822/1000]  train nll=+1.287(obj=-0.069 bg=+1.344) mse=2.059(obj=0.850 bg=2.110)  val nll=+1.019(obj=-0.424 bg=+1.082) mse=2.027(obj=0.687 bg=2.087)  lr=7.78e-05  tot=11.2min
10:55:55  [823/1000]  train nll=+1.182(obj=-0.182 bg=+1.243) mse=2.058(obj=0.815 bg=2.114)  val nll=+1.058(obj=-0.381 bg=+1.122) mse=1.960(obj=0.734 bg=2.014)  lr=7.70e-05  tot=11.2min
10:55:56  [824/1000]  train nll=+1.214(obj=-0.218 bg=+1.275) mse=1.996(obj=0.781 bg=2.048)  val nll=+0.990(obj=-0.452 bg=+1.053) mse=1.933(obj=0.688 bg=1.987)  lr=7.62e-05  tot=11.3min
10:55:56  [825/1000]  train nll=+1.284(obj=-0.169 bg=+1.348) mse=2.144(obj=0.800 bg=2.203)  val nll=+0.935(obj=-0.503 bg=+0.996) mse=1.847(obj=0.676 bg=1.898)  lr=7.53e-05  tot=11.3min
10:55:56    ↳ saved (val_nll=0.9345)
10:55:57  [826/1000]  train nll=+1.147(obj=-0.201 bg=+1.205) mse=2.052(obj=0.815 bg=2.104)  val nll=+1.018(obj=-0.437 bg=+1.082) mse=1.929(obj=0.702 bg=1.982)  lr=7.45e-05  tot=11.3min
10:55:58  [827/1000]  train nll=+1.327(obj=-0.127 bg=+1.391) mse=2.169(obj=0.826 bg=2.228)  val nll=+1.119(obj=+0.170 bg=+1.161) mse=1.947(obj=0.854 bg=1.994)  lr=7.37e-05  tot=11.3min
10:55:59  [828/1000]  train nll=+1.221(obj=-0.173 bg=+1.280) mse=2.045(obj=0.759 bg=2.098)  val nll=+0.982(obj=-0.456 bg=+1.044) mse=1.922(obj=0.690 bg=1.975)  lr=7.29e-05  tot=11.3min
10:56:00  [829/1000]  train nll=+1.190(obj=-0.197 bg=+1.250) mse=2.049(obj=0.779 bg=2.105)  val nll=+0.981(obj=-0.506 bg=+1.045) mse=1.862(obj=0.643 bg=1.915)  lr=7.21e-05  tot=11.3min
10:56:00  [830/1000]  train nll=+1.210(obj=-0.234 bg=+1.270) mse=2.115(obj=0.828 bg=2.169)  val nll=+0.949(obj=-0.541 bg=+1.015) mse=1.892(obj=0.660 bg=1.947)  lr=7.12e-05  tot=11.3min
10:56:01  [831/1000]  train nll=+1.208(obj=-0.155 bg=+1.265) mse=2.053(obj=0.838 bg=2.105)  val nll=+0.956(obj=-0.536 bg=+1.020) mse=1.789(obj=0.631 bg=1.840)  lr=7.04e-05  tot=11.3min
10:56:02  [832/1000]  train nll=+1.146(obj=-0.231 bg=+1.204) mse=2.008(obj=0.774 bg=2.059)  val nll=+0.970(obj=-0.501 bg=+1.034) mse=1.853(obj=0.683 bg=1.904)  lr=6.96e-05  tot=11.4min
10:56:03  [833/1000]  train nll=+1.180(obj=-0.285 bg=+1.242) mse=2.044(obj=0.806 bg=2.096)  val nll=+0.902(obj=-0.516 bg=+0.964) mse=1.824(obj=0.664 bg=1.875)  lr=6.88e-05  tot=11.4min
10:56:03    ↳ saved (val_nll=0.9021)
10:56:03  [834/1000]  train nll=+1.884(obj=-0.167 bg=+1.970) mse=2.112(obj=0.783 bg=2.169)  val nll=+1.045(obj=-0.551 bg=+1.116) mse=1.929(obj=0.638 bg=1.986)  lr=6.81e-05  tot=11.4min
10:56:04  [835/1000]  train nll=+1.162(obj=-0.264 bg=+1.223) mse=1.975(obj=0.767 bg=2.026)  val nll=+0.975(obj=-0.514 bg=+1.040) mse=1.876(obj=0.656 bg=1.928)  lr=6.73e-05  tot=11.4min
10:56:05  [836/1000]  train nll=+1.177(obj=-0.248 bg=+1.239) mse=2.071(obj=0.754 bg=2.130)  val nll=+0.979(obj=-0.641 bg=+1.050) mse=1.919(obj=0.628 bg=1.975)  lr=6.65e-05  tot=11.4min
10:56:06  [837/1000]  train nll=+1.210(obj=+0.096 bg=+1.258) mse=1.967(obj=0.843 bg=2.016)  val nll=+1.016(obj=-0.351 bg=+1.076) mse=1.920(obj=0.710 bg=1.973)  lr=6.57e-05  tot=11.4min
10:56:07  [838/1000]  train nll=+1.191(obj=-0.215 bg=+1.253) mse=2.136(obj=0.801 bg=2.194)  val nll=+1.021(obj=-0.464 bg=+1.086) mse=1.924(obj=0.708 bg=1.977)  lr=6.49e-05  tot=11.4min
10:56:07  [839/1000]  train nll=+1.179(obj=-0.255 bg=+1.242) mse=2.166(obj=0.789 bg=2.226)  val nll=+0.998(obj=-0.441 bg=+1.061) mse=2.048(obj=0.733 bg=2.106)  lr=6.42e-05  tot=11.5min
10:56:08  [840/1000]  train nll=+1.159(obj=-0.174 bg=+1.217) mse=1.995(obj=0.799 bg=2.047)  val nll=+0.966(obj=-0.382 bg=+1.025) mse=1.925(obj=0.748 bg=1.978)  lr=6.34e-05  tot=11.5min
10:56:09  [841/1000]  train nll=+1.358(obj=-0.364 bg=+1.431) mse=2.154(obj=0.732 bg=2.216)  val nll=+0.927(obj=-0.560 bg=+0.991) mse=1.886(obj=0.640 bg=1.940)  lr=6.26e-05  tot=11.5min
10:56:10  [842/1000]  train nll=+1.206(obj=-0.161 bg=+1.263) mse=2.049(obj=0.842 bg=2.100)  val nll=+1.014(obj=-0.412 bg=+1.074) mse=1.951(obj=0.696 bg=2.005)  lr=6.19e-05  tot=11.5min
10:56:11  [843/1000]  train nll=+1.206(obj=-0.116 bg=+1.265) mse=1.999(obj=0.818 bg=2.051)  val nll=+1.006(obj=-0.552 bg=+1.076) mse=1.949(obj=0.638 bg=2.007)  lr=6.11e-05  tot=11.5min
10:56:12  [844/1000]  train nll=+1.180(obj=-0.178 bg=+1.238) mse=2.076(obj=0.822 bg=2.129)  val nll=+0.924(obj=-0.550 bg=+0.987) mse=1.835(obj=0.644 bg=1.886)  lr=6.04e-05  tot=11.5min
10:56:13  [845/1000]  train nll=+1.185(obj=-0.221 bg=+1.245) mse=2.121(obj=0.794 bg=2.179)  val nll=+0.966(obj=-0.446 bg=+1.029) mse=1.953(obj=0.703 bg=2.009)  lr=5.96e-05  tot=11.5min
10:56:13  [846/1000]  train nll=+1.219(obj=-0.190 bg=+1.280) mse=2.189(obj=0.820 bg=2.248)  val nll=+0.990(obj=-0.376 bg=+1.049) mse=1.931(obj=0.768 bg=1.981)  lr=5.89e-05  tot=11.6min
10:56:14  [847/1000]  train nll=+1.231(obj=-0.060 bg=+1.287) mse=2.162(obj=0.841 bg=2.219)  val nll=+0.961(obj=-0.521 bg=+1.025) mse=1.929(obj=0.669 bg=1.984)  lr=5.82e-05  tot=11.6min
10:56:15  [848/1000]  train nll=+1.149(obj=-0.170 bg=+1.207) mse=2.011(obj=0.807 bg=2.063)  val nll=+1.038(obj=-0.368 bg=+1.100) mse=1.938(obj=0.706 bg=1.993)  lr=5.74e-05  tot=11.6min
10:56:16  [849/1000]  train nll=+1.183(obj=-0.172 bg=+1.242) mse=2.013(obj=0.808 bg=2.066)  val nll=+0.902(obj=-0.510 bg=+0.963) mse=1.868(obj=0.655 bg=1.920)  lr=5.67e-05  tot=11.6min
10:56:16    ↳ saved (val_nll=0.9019)
10:56:16  [850/1000]  train nll=+1.228(obj=-0.218 bg=+1.290) mse=2.047(obj=0.808 bg=2.101)  val nll=+0.882(obj=-0.527 bg=+0.944) mse=1.809(obj=0.681 bg=1.859)  lr=5.60e-05  tot=11.6min
10:56:16    ↳ saved (val_nll=0.8825)
10:56:17  [851/1000]  train nll=+1.131(obj=-0.324 bg=+1.194) mse=2.019(obj=0.723 bg=2.074)  val nll=+0.931(obj=-0.467 bg=+0.991) mse=1.858(obj=0.644 bg=1.911)  lr=5.53e-05  tot=11.6min
10:56:18  [852/1000]  train nll=+1.163(obj=-0.066 bg=+1.217) mse=1.988(obj=0.819 bg=2.039)  val nll=+0.986(obj=-0.449 bg=+1.048) mse=1.963(obj=0.787 bg=2.015)  lr=5.46e-05  tot=11.6min
10:56:19  [853/1000]  train nll=+1.147(obj=-0.239 bg=+1.207) mse=1.969(obj=0.765 bg=2.022)  val nll=+0.957(obj=-0.494 bg=+1.021) mse=1.851(obj=0.659 bg=1.904)  lr=5.38e-05  tot=11.6min
10:56:20  [854/1000]  train nll=+1.189(obj=-0.257 bg=+1.251) mse=2.002(obj=0.772 bg=2.057)  val nll=+1.045(obj=-0.275 bg=+1.100) mse=1.942(obj=0.709 bg=1.996)  lr=5.31e-05  tot=11.7min
10:56:20  [855/1000]  train nll=+1.163(obj=-0.127 bg=+1.219) mse=1.964(obj=0.817 bg=2.015)  val nll=+0.950(obj=-0.421 bg=+1.010) mse=1.922(obj=0.688 bg=1.975)  lr=5.24e-05  tot=11.7min
10:56:21  [856/1000]  train nll=+1.138(obj=-0.240 bg=+1.199) mse=2.074(obj=0.766 bg=2.133)  val nll=+0.976(obj=-0.417 bg=+1.036) mse=1.945(obj=0.652 bg=2.001)  lr=5.17e-05  tot=11.7min
10:56:22  [857/1000]  train nll=+1.138(obj=-0.185 bg=+1.196) mse=1.941(obj=0.814 bg=1.991)  val nll=+0.982(obj=-0.346 bg=+1.040) mse=1.861(obj=0.757 bg=1.910)  lr=5.11e-05  tot=11.7min
10:56:23  [858/1000]  train nll=+1.096(obj=-0.181 bg=+1.151) mse=1.936(obj=0.788 bg=1.986)  val nll=+0.978(obj=-0.485 bg=+1.042) mse=1.988(obj=0.670 bg=2.046)  lr=5.04e-05  tot=11.7min
10:56:24  [859/1000]  train nll=+1.065(obj=-0.350 bg=+1.127) mse=1.950(obj=0.727 bg=2.004)  val nll=+1.044(obj=-0.227 bg=+1.101) mse=1.904(obj=0.741 bg=1.955)  lr=4.97e-05  tot=11.7min
10:56:25  [860/1000]  train nll=+1.193(obj=-0.284 bg=+1.256) mse=2.040(obj=0.772 bg=2.095)  val nll=+0.994(obj=-0.472 bg=+1.058) mse=1.974(obj=0.673 bg=2.031)  lr=4.90e-05  tot=11.7min
10:56:25  [861/1000]  train nll=+1.191(obj=-0.208 bg=+1.249) mse=2.007(obj=0.738 bg=2.060)  val nll=+0.930(obj=-0.449 bg=+0.992) mse=1.873(obj=0.718 bg=1.925)  lr=4.83e-05  tot=11.8min
10:56:26  [862/1000]  train nll=+1.142(obj=-0.234 bg=+1.203) mse=2.006(obj=0.797 bg=2.058)  val nll=+0.978(obj=-0.536 bg=+1.044) mse=1.910(obj=0.661 bg=1.965)  lr=4.77e-05  tot=11.8min
10:56:27  [863/1000]  train nll=+1.131(obj=-0.273 bg=+1.192) mse=1.942(obj=0.746 bg=1.993)  val nll=+0.981(obj=-0.647 bg=+1.051) mse=1.830(obj=0.625 bg=1.882)  lr=4.70e-05  tot=11.8min
10:56:28  [864/1000]  train nll=+1.150(obj=-0.264 bg=+1.212) mse=2.016(obj=0.789 bg=2.070)  val nll=+0.938(obj=-0.580 bg=+1.002) mse=1.815(obj=0.629 bg=1.866)  lr=4.63e-05  tot=11.8min
10:56:29  [865/1000]  train nll=+1.074(obj=-0.211 bg=+1.130) mse=1.942(obj=0.781 bg=1.992)  val nll=+0.887(obj=-0.559 bg=+0.950) mse=1.859(obj=0.614 bg=1.914)  lr=4.57e-05  tot=11.8min
10:56:29  [866/1000]  train nll=+1.124(obj=-0.224 bg=+1.182) mse=1.989(obj=0.792 bg=2.040)  val nll=+0.931(obj=-0.490 bg=+0.992) mse=1.905(obj=0.703 bg=1.957)  lr=4.50e-05  tot=11.8min
10:56:30  [867/1000]  train nll=+1.148(obj=-0.238 bg=+1.209) mse=2.056(obj=0.748 bg=2.113)  val nll=+1.007(obj=-0.157 bg=+1.061) mse=1.804(obj=0.857 bg=1.847)  lr=4.44e-05  tot=11.8min
10:56:31  [868/1000]  train nll=+1.128(obj=-0.298 bg=+1.190) mse=2.025(obj=0.768 bg=2.080)  val nll=+1.026(obj=-0.487 bg=+1.092) mse=2.008(obj=0.648 bg=2.067)  lr=4.38e-05  tot=11.8min
10:56:32  [869/1000]  train nll=+1.101(obj=-0.217 bg=+1.159) mse=1.980(obj=0.807 bg=2.031)  val nll=+0.939(obj=-0.465 bg=+1.000) mse=1.886(obj=0.662 bg=1.940)  lr=4.31e-05  tot=11.9min
10:56:33  [870/1000]  train nll=+1.163(obj=-0.300 bg=+1.227) mse=2.055(obj=0.744 bg=2.112)  val nll=+0.831(obj=-0.585 bg=+0.891) mse=1.717(obj=0.656 bg=1.763)  lr=4.25e-05  tot=11.9min
10:56:33    ↳ saved (val_nll=0.8306)
10:56:33  [871/1000]  train nll=+1.120(obj=-0.187 bg=+1.176) mse=2.044(obj=0.832 bg=2.094)  val nll=+0.910(obj=-0.564 bg=+0.974) mse=1.860(obj=0.672 bg=1.912)  lr=4.19e-05  tot=11.9min
10:56:34  [872/1000]  train nll=+1.159(obj=-0.185 bg=+1.218) mse=1.993(obj=0.771 bg=2.045)  val nll=+0.952(obj=-0.489 bg=+1.014) mse=1.909(obj=0.656 bg=1.964)  lr=4.12e-05  tot=11.9min
10:56:35  [873/1000]  train nll=+1.074(obj=-0.334 bg=+1.133) mse=1.962(obj=0.767 bg=2.013)  val nll=+0.890(obj=-0.543 bg=+0.952) mse=1.798(obj=0.661 bg=1.847)  lr=4.06e-05  tot=11.9min
10:56:36  [874/1000]  train nll=+1.047(obj=-0.286 bg=+1.104) mse=1.936(obj=0.758 bg=1.987)  val nll=+0.910(obj=-0.575 bg=+0.975) mse=1.916(obj=0.642 bg=1.971)  lr=4.00e-05  tot=11.9min
10:56:37  [875/1000]  train nll=+1.043(obj=-0.286 bg=+1.101) mse=1.905(obj=0.751 bg=1.954)  val nll=+0.830(obj=-0.581 bg=+0.892) mse=1.693(obj=0.658 bg=1.738)  lr=3.94e-05  tot=11.9min
10:56:37    ↳ saved (val_nll=0.8301)
10:56:38  [876/1000]  train nll=+1.108(obj=-0.149 bg=+1.163) mse=1.987(obj=0.809 bg=2.039)  val nll=+0.871(obj=-0.614 bg=+0.935) mse=1.794(obj=0.627 bg=1.845)  lr=3.88e-05  tot=12.0min
10:56:39  [877/1000]  train nll=+1.119(obj=-0.169 bg=+1.175) mse=2.062(obj=0.809 bg=2.116)  val nll=+0.882(obj=-0.288 bg=+0.933) mse=1.763(obj=0.713 bg=1.809)  lr=3.82e-05  tot=12.0min
10:56:39  [878/1000]  train nll=+1.145(obj=-0.069 bg=+1.198) mse=2.035(obj=0.821 bg=2.089)  val nll=+0.850(obj=-0.623 bg=+0.914) mse=1.865(obj=0.616 bg=1.920)  lr=3.76e-05  tot=12.0min
10:56:40  [879/1000]  train nll=+1.038(obj=-0.313 bg=+1.096) mse=1.896(obj=0.773 bg=1.945)  val nll=+0.830(obj=-0.502 bg=+0.888) mse=1.838(obj=0.680 bg=1.889)  lr=3.70e-05  tot=12.0min
10:56:40    ↳ saved (val_nll=0.8296)
10:56:41  [880/1000]  train nll=+1.213(obj=-0.014 bg=+1.267) mse=2.053(obj=0.835 bg=2.107)  val nll=+0.843(obj=-0.637 bg=+0.906) mse=1.712(obj=0.630 bg=1.758)  lr=3.64e-05  tot=12.0min
10:56:42  [881/1000]  train nll=+1.109(obj=-0.241 bg=+1.168) mse=1.948(obj=0.783 bg=1.998)  val nll=+1.171(obj=-0.597 bg=+1.245) mse=1.866(obj=0.614 bg=1.920)  lr=3.58e-05  tot=12.0min
10:56:43  [882/1000]  train nll=+1.105(obj=-0.302 bg=+1.167) mse=2.018(obj=0.769 bg=2.074)  val nll=+0.913(obj=-0.556 bg=+0.976) mse=1.864(obj=0.646 bg=1.917)  lr=3.53e-05  tot=12.0min
10:56:43  [883/1000]  train nll=+1.097(obj=-0.245 bg=+1.155) mse=1.993(obj=0.809 bg=2.045)  val nll=+0.850(obj=-0.632 bg=+0.914) mse=1.790(obj=0.598 bg=1.842)  lr=3.47e-05  tot=12.1min
10:56:44  [884/1000]  train nll=+1.129(obj=-0.274 bg=+1.190) mse=2.056(obj=0.786 bg=2.111)  val nll=+0.914(obj=-0.604 bg=+0.979) mse=1.878(obj=0.630 bg=1.931)  lr=3.41e-05  tot=12.1min
10:56:45  [885/1000]  train nll=+1.083(obj=-0.235 bg=+1.139) mse=2.034(obj=0.842 bg=2.087)  val nll=+0.857(obj=-0.599 bg=+0.921) mse=1.829(obj=0.669 bg=1.880)  lr=3.36e-05  tot=12.1min
10:56:46  [886/1000]  train nll=+1.084(obj=-0.280 bg=+1.143) mse=2.017(obj=0.823 bg=2.066)  val nll=+0.927(obj=-0.606 bg=+0.992) mse=1.850(obj=0.641 bg=1.902)  lr=3.30e-05  tot=12.1min
10:56:47  [887/1000]  train nll=+1.066(obj=-0.272 bg=+1.124) mse=1.980(obj=0.766 bg=2.033)  val nll=+0.864(obj=-0.533 bg=+0.925) mse=1.788(obj=0.646 bg=1.838)  lr=3.25e-05  tot=12.1min
10:56:47  [888/1000]  train nll=+1.035(obj=-0.418 bg=+1.099) mse=1.892(obj=0.706 bg=1.944)  val nll=+0.815(obj=-0.583 bg=+0.876) mse=1.741(obj=0.638 bg=1.789)  lr=3.19e-05  tot=12.1min
10:56:47    ↳ saved (val_nll=0.8145)
10:56:48  [889/1000]  train nll=+1.089(obj=-0.220 bg=+1.147) mse=2.034(obj=0.788 bg=2.089)  val nll=+0.811(obj=-0.627 bg=+0.874) mse=1.801(obj=0.630 bg=1.852)  lr=3.14e-05  tot=12.1min
10:56:48    ↳ saved (val_nll=0.8112)
10:56:49  [890/1000]  train nll=+1.085(obj=-0.273 bg=+1.144) mse=1.994(obj=0.764 bg=2.047)  val nll=+0.859(obj=-0.517 bg=+0.921) mse=1.811(obj=0.681 bg=1.861)  lr=3.08e-05  tot=12.1min
10:56:50  [891/1000]  train nll=+1.068(obj=-0.291 bg=+1.127) mse=2.027(obj=0.739 bg=2.083)  val nll=+0.784(obj=-0.712 bg=+0.850) mse=1.812(obj=0.594 bg=1.866)  lr=3.03e-05  tot=12.2min
10:56:50    ↳ saved (val_nll=0.7841)
10:56:51  [892/1000]  train nll=+1.111(obj=-0.294 bg=+1.173) mse=2.029(obj=0.766 bg=2.085)  val nll=+0.852(obj=-0.580 bg=+0.916) mse=1.809(obj=0.648 bg=1.861)  lr=2.98e-05  tot=12.2min
10:56:51  [893/1000]  train nll=+1.057(obj=-0.282 bg=+1.115) mse=1.979(obj=0.805 bg=2.031)  val nll=+0.861(obj=-0.575 bg=+0.924) mse=1.827(obj=0.669 bg=1.878)  lr=2.92e-05  tot=12.2min
10:56:52  [894/1000]  train nll=+1.099(obj=-0.307 bg=+1.162) mse=2.042(obj=0.783 bg=2.100)  val nll=+0.840(obj=-0.793 bg=+0.911) mse=1.865(obj=0.557 bg=1.921)  lr=2.87e-05  tot=12.2min
10:56:53  [895/1000]  train nll=+1.049(obj=-0.273 bg=+1.107) mse=1.937(obj=0.782 bg=1.988)  val nll=+1.019(obj=-0.593 bg=+1.088) mse=1.823(obj=0.585 bg=1.877)  lr=2.82e-05  tot=12.2min
10:56:54  [896/1000]  train nll=+1.071(obj=-0.435 bg=+1.136) mse=2.025(obj=0.688 bg=2.082)  val nll=+0.807(obj=-0.696 bg=+0.871) mse=1.805(obj=0.582 bg=1.858)  lr=2.77e-05  tot=12.2min
10:56:55  [897/1000]  train nll=+1.036(obj=-0.407 bg=+1.098) mse=1.952(obj=0.709 bg=2.005)  val nll=+0.876(obj=-0.616 bg=+0.941) mse=1.887(obj=0.611 bg=1.943)  lr=2.72e-05  tot=12.2min
10:56:55  [898/1000]  train nll=+1.068(obj=-0.239 bg=+1.126) mse=2.000(obj=0.815 bg=2.052)  val nll=+0.866(obj=-0.715 bg=+0.934) mse=1.709(obj=0.574 bg=1.758)  lr=2.67e-05  tot=12.3min
10:56:56  [899/1000]  train nll=+1.025(obj=-0.320 bg=+1.082) mse=1.900(obj=0.758 bg=1.948)  val nll=+0.783(obj=-0.632 bg=+0.844) mse=1.772(obj=0.665 bg=1.820)  lr=2.62e-05  tot=12.3min
10:56:56    ↳ saved (val_nll=0.7833)
10:56:57  [900/1000]  train nll=+1.073(obj=-0.368 bg=+1.136) mse=1.923(obj=0.722 bg=1.975)  val nll=+0.831(obj=-0.581 bg=+0.893) mse=1.816(obj=0.653 bg=1.866)  lr=2.57e-05  tot=12.3min
10:56:58  [901/1000]  train nll=+1.007(obj=-0.393 bg=+1.068) mse=2.033(obj=0.768 bg=2.088)  val nll=+0.841(obj=-0.627 bg=+0.905) mse=1.796(obj=0.629 bg=1.848)  lr=2.52e-05  tot=12.3min
10:56:59  [902/1000]  train nll=+1.125(obj=-0.358 bg=+1.187) mse=2.018(obj=0.733 bg=2.071)  val nll=+0.837(obj=-0.630 bg=+0.902) mse=1.858(obj=0.625 bg=1.912)  lr=2.47e-05  tot=12.3min
10:56:59  [903/1000]  train nll=+1.134(obj=-0.272 bg=+1.193) mse=2.040(obj=0.762 bg=2.093)  val nll=+0.865(obj=-0.605 bg=+0.929) mse=1.840(obj=0.613 bg=1.895)  lr=2.42e-05  tot=12.3min
10:57:00  [904/1000]  train nll=+1.378(obj=-0.317 bg=+1.451) mse=2.049(obj=0.761 bg=2.105)  val nll=+0.882(obj=-0.372 bg=+0.937) mse=1.840(obj=0.704 bg=1.890)  lr=2.38e-05  tot=12.3min
10:57:01  [905/1000]  train nll=+0.979(obj=-0.459 bg=+1.040) mse=1.929(obj=0.737 bg=1.980)  val nll=+0.779(obj=-0.691 bg=+0.843) mse=1.715(obj=0.635 bg=1.762)  lr=2.33e-05  tot=12.3min
10:57:01    ↳ saved (val_nll=0.7788)
10:57:02  [906/1000]  train nll=+1.075(obj=-0.203 bg=+1.131) mse=1.975(obj=0.827 bg=2.025)  val nll=+0.906(obj=-0.575 bg=+0.968) mse=1.959(obj=0.641 bg=2.015)  lr=2.28e-05  tot=12.4min
10:57:03  [907/1000]  train nll=+1.023(obj=-0.273 bg=+1.080) mse=1.880(obj=0.765 bg=1.929)  val nll=+0.919(obj=-0.533 bg=+0.984) mse=1.936(obj=0.643 bg=1.992)  lr=2.24e-05  tot=12.4min
10:57:04  [908/1000]  train nll=+1.055(obj=-0.281 bg=+1.113) mse=1.962(obj=0.792 bg=2.014)  val nll=+0.795(obj=-0.651 bg=+0.859) mse=1.719(obj=0.611 bg=1.768)  lr=2.19e-05  tot=12.4min
10:57:04  [909/1000]  train nll=+0.997(obj=-0.339 bg=+1.055) mse=1.885(obj=0.749 bg=1.934)  val nll=+0.841(obj=-0.694 bg=+0.908) mse=1.929(obj=0.591 bg=1.987)  lr=2.15e-05  tot=12.4min
10:57:05  [910/1000]  train nll=+1.025(obj=-0.345 bg=+1.084) mse=1.959(obj=0.755 bg=2.011)  val nll=+0.787(obj=-0.701 bg=+0.852) mse=1.814(obj=0.650 bg=1.865)  lr=2.10e-05  tot=12.4min
10:57:06  [911/1000]  train nll=+1.124(obj=-0.255 bg=+1.182) mse=2.048(obj=0.824 bg=2.100)  val nll=+0.841(obj=-0.578 bg=+0.903) mse=1.782(obj=0.667 bg=1.830)  lr=2.06e-05  tot=12.4min
10:57:07  [912/1000]  train nll=+1.014(obj=-0.402 bg=+1.075) mse=1.866(obj=0.725 bg=1.916)  val nll=+0.817(obj=-0.661 bg=+0.882) mse=1.819(obj=0.637 bg=1.872)  lr=2.02e-05  tot=12.4min
10:57:08  [913/1000]  train nll=+1.041(obj=-0.362 bg=+1.102) mse=1.969(obj=0.746 bg=2.022)  val nll=+0.811(obj=-0.712 bg=+0.878) mse=1.878(obj=0.593 bg=1.934)  lr=1.97e-05  tot=12.5min
10:57:09  [914/1000]  train nll=+1.000(obj=-0.394 bg=+1.061) mse=1.904(obj=0.709 bg=1.956)  val nll=+0.780(obj=-0.622 bg=+0.841) mse=1.736(obj=0.625 bg=1.785)  lr=1.93e-05  tot=12.5min
10:57:10  [915/1000]  train nll=+1.046(obj=-0.336 bg=+1.109) mse=1.968(obj=0.767 bg=2.023)  val nll=+0.800(obj=-0.619 bg=+0.861) mse=1.737(obj=0.594 bg=1.787)  lr=1.89e-05  tot=12.5min
10:57:11  [916/1000]  train nll=+1.183(obj=-0.240 bg=+1.246) mse=2.144(obj=0.785 bg=2.205)  val nll=+0.842(obj=-0.711 bg=+0.908) mse=1.834(obj=0.608 bg=1.887)  lr=1.85e-05  tot=12.5min
10:57:11  [917/1000]  train nll=+1.064(obj=-0.164 bg=+1.117) mse=1.881(obj=0.750 bg=1.930)  val nll=+0.814(obj=-0.628 bg=+0.876) mse=1.773(obj=0.651 bg=1.822)  lr=1.81e-05  tot=12.5min
10:57:12  [918/1000]  train nll=+1.053(obj=-0.316 bg=+1.111) mse=1.899(obj=0.762 bg=1.947)  val nll=+0.836(obj=-0.592 bg=+0.900) mse=1.796(obj=0.620 bg=1.848)  lr=1.76e-05  tot=12.5min
10:57:13  [919/1000]  train nll=+1.041(obj=-0.247 bg=+1.096) mse=1.942(obj=0.767 bg=1.992)  val nll=+0.739(obj=-0.707 bg=+0.802) mse=1.742(obj=0.590 bg=1.791)  lr=1.72e-05  tot=12.5min
10:57:13    ↳ saved (val_nll=0.7394)
10:57:14  [920/1000]  train nll=+0.968(obj=-0.441 bg=+1.029) mse=1.878(obj=0.715 bg=1.929)  val nll=+0.781(obj=-0.682 bg=+0.844) mse=1.748(obj=0.594 bg=1.798)  lr=1.68e-05  tot=12.6min
10:57:15  [921/1000]  train nll=+1.071(obj=-0.377 bg=+1.132) mse=1.942(obj=0.717 bg=1.994)  val nll=+0.837(obj=-0.652 bg=+0.902) mse=1.848(obj=0.642 bg=1.901)  lr=1.65e-05  tot=12.6min
10:57:15  [922/1000]  train nll=+1.012(obj=-0.322 bg=+1.070) mse=1.940(obj=0.767 bg=1.991)  val nll=+0.757(obj=-0.688 bg=+0.820) mse=1.675(obj=0.610 bg=1.722)  lr=1.61e-05  tot=12.6min
10:57:16  [923/1000]  train nll=+0.984(obj=-0.372 bg=+1.043) mse=1.914(obj=0.770 bg=1.963)  val nll=+0.820(obj=-0.613 bg=+0.884) mse=1.876(obj=0.677 bg=1.930)  lr=1.57e-05  tot=12.6min
10:57:17  [924/1000]  train nll=+1.048(obj=-0.307 bg=+1.108) mse=1.946(obj=0.776 bg=1.997)  val nll=+0.797(obj=-0.718 bg=+0.862) mse=1.835(obj=0.584 bg=1.888)  lr=1.53e-05  tot=12.6min
10:57:18  [925/1000]  train nll=+1.041(obj=-0.342 bg=+1.102) mse=1.957(obj=0.765 bg=2.010)  val nll=+0.791(obj=-0.715 bg=+0.857) mse=1.816(obj=0.620 bg=1.869)  lr=1.49e-05  tot=12.6min
10:57:19  [926/1000]  train nll=+1.058(obj=-0.456 bg=+1.122) mse=1.930(obj=0.703 bg=1.981)  val nll=+0.868(obj=-0.737 bg=+0.938) mse=1.910(obj=0.616 bg=1.968)  lr=1.46e-05  tot=12.6min
10:57:19  [927/1000]  train nll=+1.004(obj=-0.556 bg=+1.071) mse=1.986(obj=0.669 bg=2.043)  val nll=+0.760(obj=-0.709 bg=+0.823) mse=1.793(obj=0.616 bg=1.843)  lr=1.42e-05  tot=12.7min
10:57:20  [928/1000]  train nll=+1.134(obj=-0.271 bg=+1.193) mse=1.940(obj=0.815 bg=1.988)  val nll=+0.815(obj=-0.771 bg=+0.884) mse=1.837(obj=0.609 bg=1.890)  lr=1.39e-05  tot=12.7min
10:57:21  [929/1000]  train nll=+1.083(obj=-0.429 bg=+1.149) mse=2.045(obj=0.729 bg=2.102)  val nll=+0.881(obj=-0.676 bg=+0.946) mse=1.820(obj=0.588 bg=1.873)  lr=1.35e-05  tot=12.7min
10:57:22  [930/1000]  train nll=+0.989(obj=-0.354 bg=+1.048) mse=1.949(obj=0.739 bg=2.002)  val nll=+0.819(obj=-0.674 bg=+0.883) mse=1.737(obj=0.643 bg=1.785)  lr=1.32e-05  tot=12.7min
10:57:23  [931/1000]  train nll=+1.060(obj=-0.369 bg=+1.123) mse=2.009(obj=0.756 bg=2.064)  val nll=+0.790(obj=-0.723 bg=+0.854) mse=1.715(obj=0.573 bg=1.764)  lr=1.28e-05  tot=12.7min
10:57:23  [932/1000]  train nll=+1.043(obj=-0.350 bg=+1.104) mse=1.938(obj=0.787 bg=1.989)  val nll=+0.795(obj=-0.650 bg=+0.858) mse=1.812(obj=0.610 bg=1.866)  lr=1.25e-05  tot=12.7min
10:57:24  [933/1000]  train nll=+1.021(obj=-0.392 bg=+1.083) mse=1.943(obj=0.762 bg=1.995)  val nll=+0.779(obj=-0.666 bg=+0.843) mse=1.700(obj=0.616 bg=1.749)  lr=1.21e-05  tot=12.7min
10:57:25  [934/1000]  train nll=+0.991(obj=-0.327 bg=+1.049) mse=1.938(obj=0.757 bg=1.990)  val nll=+0.741(obj=-0.823 bg=+0.809) mse=1.735(obj=0.541 bg=1.787)  lr=1.18e-05  tot=12.7min
10:57:26  [935/1000]  train nll=+1.028(obj=-0.408 bg=+1.091) mse=1.975(obj=0.716 bg=2.030)  val nll=+0.846(obj=-0.724 bg=+0.916) mse=1.781(obj=0.589 bg=1.834)  lr=1.15e-05  tot=12.8min
10:57:27  [936/1000]  train nll=+1.013(obj=-0.393 bg=+1.074) mse=1.898(obj=0.749 bg=1.948)  val nll=+0.775(obj=-0.708 bg=+0.839) mse=1.708(obj=0.601 bg=1.755)  lr=1.12e-05  tot=12.8min
10:57:28  [937/1000]  train nll=+0.989(obj=-0.441 bg=+1.052) mse=1.936(obj=0.710 bg=1.989)  val nll=+0.827(obj=-0.714 bg=+0.893) mse=1.776(obj=0.619 bg=1.826)  lr=1.08e-05  tot=12.8min
10:57:28  [938/1000]  train nll=+1.010(obj=-0.354 bg=+1.070) mse=1.981(obj=0.748 bg=2.036)  val nll=+0.744(obj=-0.763 bg=+0.809) mse=1.679(obj=0.579 bg=1.726)  lr=1.05e-05  tot=12.8min
10:57:29  [939/1000]  train nll=+1.031(obj=-0.262 bg=+1.086) mse=1.890(obj=0.771 bg=1.937)  val nll=+0.861(obj=-0.658 bg=+0.928) mse=1.811(obj=0.689 bg=1.860)  lr=1.02e-05  tot=12.8min
10:57:30  [940/1000]  train nll=+1.000(obj=-0.365 bg=+1.060) mse=1.923(obj=0.744 bg=1.975)  val nll=+0.787(obj=-0.725 bg=+0.853) mse=1.788(obj=0.572 bg=1.841)  lr=9.94e-06  tot=12.8min
10:57:31  [941/1000]  train nll=+1.021(obj=-0.385 bg=+1.082) mse=1.998(obj=0.715 bg=2.054)  val nll=+0.815(obj=-0.642 bg=+0.878) mse=1.858(obj=0.656 bg=1.911)  lr=9.64e-06  tot=12.8min
10:57:32  [942/1000]  train nll=+1.127(obj=+0.097 bg=+1.176) mse=1.963(obj=0.825 bg=2.013)  val nll=+0.732(obj=-0.719 bg=+0.795) mse=1.694(obj=0.596 bg=1.741)  lr=9.35e-06  tot=12.9min
10:57:32    ↳ saved (val_nll=0.7325)
10:57:32  [943/1000]  train nll=+1.080(obj=-0.294 bg=+1.141) mse=1.917(obj=0.778 bg=1.968)  val nll=+0.867(obj=+0.011 bg=+0.910) mse=1.822(obj=0.812 bg=1.867)  lr=9.07e-06  tot=12.9min
10:57:33  [944/1000]  train nll=+1.016(obj=-0.398 bg=+1.077) mse=1.986(obj=0.716 bg=2.039)  val nll=+0.823(obj=-0.659 bg=+0.888) mse=1.835(obj=0.664 bg=1.887)  lr=8.79e-06  tot=12.9min
10:57:34  [945/1000]  train nll=+0.990(obj=-0.440 bg=+1.050) mse=1.893(obj=0.721 bg=1.942)  val nll=+0.772(obj=-0.714 bg=+0.837) mse=1.780(obj=0.600 bg=1.831)  lr=8.51e-06  tot=12.9min
10:57:35  [946/1000]  train nll=+1.162(obj=-0.440 bg=+1.229) mse=1.931(obj=0.722 bg=1.981)  val nll=+0.814(obj=-0.692 bg=+0.879) mse=1.797(obj=0.622 bg=1.847)  lr=8.24e-06  tot=12.9min
10:57:36  [947/1000]  train nll=+1.083(obj=-0.407 bg=+1.149) mse=1.975(obj=0.725 bg=2.029)  val nll=+0.780(obj=-0.693 bg=+0.843) mse=1.743(obj=0.617 bg=1.792)  lr=7.98e-06  tot=12.9min
10:57:37  [948/1000]  train nll=+1.073(obj=-0.130 bg=+1.126) mse=1.986(obj=0.815 bg=2.037)  val nll=+0.813(obj=-0.775 bg=+0.882) mse=1.798(obj=0.581 bg=1.850)  lr=7.72e-06  tot=12.9min
10:57:37  [949/1000]  train nll=+1.032(obj=-0.421 bg=+1.094) mse=1.993(obj=0.696 bg=2.049)  val nll=+0.843(obj=-0.684 bg=+0.909) mse=1.814(obj=0.616 bg=1.865)  lr=7.46e-06  tot=13.0min
10:57:38  [950/1000]  train nll=+1.175(obj=-0.222 bg=+1.235) mse=1.977(obj=0.816 bg=2.028)  val nll=+0.764(obj=-0.709 bg=+0.828) mse=1.820(obj=0.609 bg=1.873)  lr=7.21e-06  tot=13.0min
10:57:39  [951/1000]  train nll=+0.989(obj=-0.287 bg=+1.045) mse=1.926(obj=0.769 bg=1.977)  val nll=+0.809(obj=-0.720 bg=+0.876) mse=1.798(obj=0.619 bg=1.849)  lr=6.97e-06  tot=13.0min
10:57:40  [952/1000]  train nll=+1.052(obj=-0.274 bg=+1.109) mse=2.008(obj=0.766 bg=2.061)  val nll=+0.791(obj=-0.686 bg=+0.855) mse=1.811(obj=0.608 bg=1.865)  lr=6.73e-06  tot=13.0min
10:57:41  [953/1000]  train nll=+1.003(obj=-0.366 bg=+1.063) mse=1.976(obj=0.747 bg=2.030)  val nll=+0.760(obj=-0.777 bg=+0.826) mse=1.707(obj=0.586 bg=1.756)  lr=6.49e-06  tot=13.0min
10:57:42  [954/1000]  train nll=+0.960(obj=-0.458 bg=+1.021) mse=1.864(obj=0.718 bg=1.914)  val nll=+0.772(obj=-0.686 bg=+0.835) mse=1.749(obj=0.597 bg=1.800)  lr=6.26e-06  tot=13.0min
10:57:42  [955/1000]  train nll=+1.038(obj=-0.334 bg=+1.098) mse=1.995(obj=0.757 bg=2.050)  val nll=+0.765(obj=-0.721 bg=+0.831) mse=1.785(obj=0.608 bg=1.836)  lr=6.03e-06  tot=13.0min
10:57:43  [956/1000]  train nll=+1.012(obj=-0.491 bg=+1.076) mse=1.973(obj=0.687 bg=2.028)  val nll=+0.796(obj=-0.650 bg=+0.860) mse=1.710(obj=0.639 bg=1.758)  lr=5.81e-06  tot=13.0min
10:57:44  [957/1000]  train nll=+1.011(obj=-0.354 bg=+1.072) mse=1.990(obj=0.779 bg=2.046)  val nll=+0.752(obj=-0.744 bg=+0.817) mse=1.788(obj=0.584 bg=1.840)  lr=5.60e-06  tot=13.1min
10:57:45  [958/1000]  train nll=+0.975(obj=-0.339 bg=+1.033) mse=1.873(obj=0.753 bg=1.923)  val nll=+0.792(obj=-0.685 bg=+0.856) mse=1.778(obj=0.617 bg=1.829)  lr=5.39e-06  tot=13.1min
10:57:46  [959/1000]  train nll=+1.005(obj=-0.430 bg=+1.067) mse=1.928(obj=0.720 bg=1.979)  val nll=+0.786(obj=-0.678 bg=+0.849) mse=1.753(obj=0.606 bg=1.802)  lr=5.18e-06  tot=13.1min
10:57:46  [960/1000]  train nll=+0.995(obj=-0.340 bg=+1.052) mse=1.885(obj=0.730 bg=1.934)  val nll=+0.776(obj=-0.686 bg=+0.840) mse=1.812(obj=0.621 bg=1.865)  lr=4.98e-06  tot=13.1min
10:57:47  [961/1000]  train nll=+0.957(obj=-0.309 bg=+1.012) mse=1.910(obj=0.763 bg=1.959)  val nll=+0.750(obj=-0.651 bg=+0.811) mse=1.720(obj=0.626 bg=1.768)  lr=4.78e-06  tot=13.1min
10:57:48  [962/1000]  train nll=+0.992(obj=-0.338 bg=+1.050) mse=1.902(obj=0.734 bg=1.953)  val nll=+0.732(obj=-0.647 bg=+0.793) mse=1.727(obj=0.630 bg=1.776)  lr=4.59e-06  tot=13.1min
10:57:48    ↳ saved (val_nll=0.7320)
10:57:49  [963/1000]  train nll=+1.024(obj=-0.441 bg=+1.088) mse=2.016(obj=0.722 bg=2.072)  val nll=+0.806(obj=-0.724 bg=+0.872) mse=1.811(obj=0.610 bg=1.862)  lr=4.40e-06  tot=13.1min
10:57:50  [964/1000]  train nll=+1.002(obj=-0.414 bg=+1.062) mse=1.964(obj=0.753 bg=2.015)  val nll=+0.737(obj=-0.671 bg=+0.798) mse=1.725(obj=0.614 bg=1.773)  lr=4.22e-06  tot=13.2min
10:57:50  [965/1000]  train nll=+1.009(obj=-0.456 bg=+1.072) mse=1.984(obj=0.665 bg=2.041)  val nll=+0.769(obj=-0.752 bg=+0.836) mse=1.825(obj=0.598 bg=1.879)  lr=4.05e-06  tot=13.2min
10:57:51  [966/1000]  train nll=+0.990(obj=-0.534 bg=+1.056) mse=1.959(obj=0.692 bg=2.014)  val nll=+0.725(obj=-0.769 bg=+0.790) mse=1.645(obj=0.586 bg=1.692)  lr=3.88e-06  tot=13.2min
10:57:51    ↳ saved (val_nll=0.7253)
10:57:52  [967/1000]  train nll=+0.973(obj=-0.367 bg=+1.031) mse=1.908(obj=0.753 bg=1.957)  val nll=+0.766(obj=-0.738 bg=+0.832) mse=1.870(obj=0.590 bg=1.927)  lr=3.71e-06  tot=13.2min
10:57:53  [968/1000]  train nll=+1.018(obj=-0.350 bg=+1.078) mse=1.940(obj=0.748 bg=1.992)  val nll=+0.742(obj=-0.835 bg=+0.811) mse=1.762(obj=0.546 bg=1.814)  lr=3.55e-06  tot=13.2min
10:57:54  [969/1000]  train nll=+1.007(obj=-0.411 bg=+1.069) mse=1.923(obj=0.727 bg=1.975)  val nll=+0.752(obj=-0.733 bg=+0.817) mse=1.799(obj=0.597 bg=1.851)  lr=3.39e-06  tot=13.2min
10:57:54  [970/1000]  train nll=+0.990(obj=-0.368 bg=+1.050) mse=1.876(obj=0.735 bg=1.926)  val nll=+0.713(obj=-0.772 bg=+0.777) mse=1.743(obj=0.581 bg=1.794)  lr=3.24e-06  tot=13.2min
10:57:54    ↳ saved (val_nll=0.7130)
10:57:55  [971/1000]  train nll=+0.920(obj=-0.348 bg=+0.975) mse=1.864(obj=0.722 bg=1.914)  val nll=+0.758(obj=-0.769 bg=+0.825) mse=1.827(obj=0.588 bg=1.881)  lr=3.09e-06  tot=13.2min
10:57:56  [972/1000]  train nll=+1.018(obj=-0.312 bg=+1.075) mse=1.905(obj=0.788 bg=1.953)  val nll=+0.745(obj=-0.676 bg=+0.809) mse=1.748(obj=0.630 bg=1.798)  lr=2.95e-06  tot=13.3min
10:57:57  [973/1000]  train nll=+1.060(obj=-0.404 bg=+1.124) mse=2.017(obj=0.772 bg=2.072)  val nll=+0.746(obj=-0.733 bg=+0.810) mse=1.758(obj=0.603 bg=1.808)  lr=2.81e-06  tot=13.3min
10:57:58  [974/1000]  train nll=+0.962(obj=-0.456 bg=+1.023) mse=1.939(obj=0.701 bg=1.993)  val nll=+0.742(obj=-0.782 bg=+0.809) mse=1.698(obj=0.567 bg=1.748)  lr=2.68e-06  tot=13.3min
10:57:59  [975/1000]  train nll=+0.999(obj=-0.507 bg=+1.064) mse=1.994(obj=0.703 bg=2.049)  val nll=+0.718(obj=-0.697 bg=+0.780) mse=1.720(obj=0.603 bg=1.768)  lr=2.56e-06  tot=13.3min
10:58:00  [976/1000]  train nll=+1.014(obj=-0.361 bg=+1.070) mse=1.953(obj=0.751 bg=2.002)  val nll=+0.775(obj=-0.711 bg=+0.841) mse=1.883(obj=0.683 bg=1.937)  lr=2.43e-06  tot=13.3min
10:58:00  [977/1000]  train nll=+1.044(obj=-0.379 bg=+1.104) mse=1.945(obj=0.736 bg=1.995)  val nll=+0.728(obj=-0.664 bg=+0.789) mse=1.723(obj=0.621 bg=1.771)  lr=2.32e-06  tot=13.3min
10:58:01  [978/1000]  train nll=+1.058(obj=-0.260 bg=+1.116) mse=1.995(obj=0.739 bg=2.050)  val nll=+0.731(obj=-0.809 bg=+0.798) mse=1.742(obj=0.544 bg=1.794)  lr=2.20e-06  tot=13.3min
10:58:02  [979/1000]  train nll=+0.984(obj=-0.446 bg=+1.046) mse=1.920(obj=0.726 bg=1.972)  val nll=+0.781(obj=-0.676 bg=+0.844) mse=1.738(obj=0.644 bg=1.786)  lr=2.10e-06  tot=13.4min
10:58:03  [980/1000]  train nll=+1.093(obj=-0.268 bg=+1.151) mse=2.063(obj=0.793 bg=2.118)  val nll=+0.717(obj=-0.764 bg=+0.781) mse=1.616(obj=0.575 bg=1.661)  lr=2.00e-06  tot=13.4min
10:58:04  [981/1000]  train nll=+0.932(obj=-0.438 bg=+0.992) mse=1.796(obj=0.710 bg=1.844)  val nll=+0.724(obj=-0.681 bg=+0.785) mse=1.668(obj=0.642 bg=1.713)  lr=1.90e-06  tot=13.4min
10:58:05  [982/1000]  train nll=+0.955(obj=-0.425 bg=+1.016) mse=1.907(obj=0.735 bg=1.958)  val nll=+0.735(obj=-0.659 bg=+0.795) mse=1.713(obj=0.645 bg=1.760)  lr=1.81e-06  tot=13.4min
10:58:05  [983/1000]  train nll=+0.964(obj=-0.497 bg=+1.027) mse=1.944(obj=0.718 bg=1.997)  val nll=+0.743(obj=-0.569 bg=+0.801) mse=1.671(obj=0.627 bg=1.718)  lr=1.72e-06  tot=13.4min
10:58:06  [984/1000]  train nll=+1.022(obj=-0.424 bg=+1.083) mse=2.007(obj=0.742 bg=2.060)  val nll=+0.823(obj=-0.769 bg=+0.893) mse=1.813(obj=0.572 bg=1.868)  lr=1.64e-06  tot=13.4min
10:58:07  [985/1000]  train nll=+0.971(obj=-0.445 bg=+1.032) mse=1.947(obj=0.738 bg=2.000)  val nll=+0.722(obj=-0.784 bg=+0.787) mse=1.690(obj=0.578 bg=1.738)  lr=1.56e-06  tot=13.4min
10:58:08  [986/1000]  train nll=+0.992(obj=-0.382 bg=+1.051) mse=2.011(obj=0.719 bg=2.066)  val nll=+0.852(obj=-0.616 bg=+0.917) mse=1.764(obj=0.596 bg=1.816)  lr=1.49e-06  tot=13.5min
10:58:09  [987/1000]  train nll=+0.963(obj=-0.481 bg=+1.028) mse=1.911(obj=0.705 bg=1.965)  val nll=+0.734(obj=-0.781 bg=+0.800) mse=1.704(obj=0.547 bg=1.755)  lr=1.42e-06  tot=13.5min
10:58:10  [988/1000]  train nll=+1.002(obj=-0.456 bg=+1.065) mse=1.964(obj=0.706 bg=2.019)  val nll=+0.843(obj=-0.714 bg=+0.910) mse=1.823(obj=0.652 bg=1.874)  lr=1.36e-06  tot=13.5min
10:58:10  [989/1000]  train nll=+0.945(obj=-0.487 bg=+1.007) mse=1.884(obj=0.721 bg=1.934)  val nll=+0.845(obj=-0.810 bg=+0.916) mse=1.792(obj=0.564 bg=1.845)  lr=1.30e-06  tot=13.5min
10:58:11  [990/1000]  train nll=+0.980(obj=-0.368 bg=+1.038) mse=1.863(obj=0.718 bg=1.912)  val nll=+0.774(obj=-0.740 bg=+0.838) mse=1.793(obj=0.631 bg=1.843)  lr=1.25e-06  tot=13.5min
10:58:12  [991/1000]  train nll=+1.075(obj=-0.434 bg=+1.141) mse=1.974(obj=0.724 bg=2.029)  val nll=+0.766(obj=-0.731 bg=+0.832) mse=1.772(obj=0.642 bg=1.822)  lr=1.20e-06  tot=13.5min
10:58:13  [992/1000]  train nll=+0.984(obj=-0.358 bg=+1.042) mse=1.908(obj=0.737 bg=1.959)  val nll=+0.905(obj=-0.742 bg=+0.977) mse=1.885(obj=0.616 bg=1.941)  lr=1.16e-06  tot=13.5min
10:58:14  [993/1000]  train nll=+0.994(obj=-0.464 bg=+1.058) mse=1.943(obj=0.717 bg=1.997)  val nll=+0.703(obj=-0.741 bg=+0.766) mse=1.747(obj=0.622 bg=1.796)  lr=1.12e-06  tot=13.6min
10:58:14    ↳ saved (val_nll=0.7027)
10:58:14  [994/1000]  train nll=+1.017(obj=-0.469 bg=+1.083) mse=1.951(obj=0.697 bg=2.005)  val nll=+0.701(obj=-0.858 bg=+0.769) mse=1.663(obj=0.541 bg=1.712)  lr=1.09e-06  tot=13.6min
10:58:14    ↳ saved (val_nll=0.7007)
10:58:15  [995/1000]  train nll=+1.027(obj=-0.372 bg=+1.087) mse=1.946(obj=0.760 bg=1.997)  val nll=+0.751(obj=-0.711 bg=+0.814) mse=1.761(obj=0.620 bg=1.810)  lr=1.06e-06  tot=13.6min
10:58:16  [996/1000]  train nll=+0.985(obj=-0.386 bg=+1.044) mse=1.925(obj=0.750 bg=1.975)  val nll=+0.811(obj=-0.760 bg=+0.879) mse=1.820(obj=0.588 bg=1.874)  lr=1.04e-06  tot=13.6min
10:58:17  [997/1000]  train nll=+1.101(obj=-0.323 bg=+1.162) mse=1.977(obj=0.775 bg=2.028)  val nll=+0.760(obj=-0.742 bg=+0.825) mse=1.775(obj=0.574 bg=1.827)  lr=1.02e-06  tot=13.6min
10:58:17  [998/1000]  train nll=+1.004(obj=-0.428 bg=+1.066) mse=1.948(obj=0.699 bg=2.003)  val nll=+0.743(obj=-0.742 bg=+0.808) mse=1.693(obj=0.592 bg=1.742)  lr=1.01e-06  tot=13.6min
10:58:18  [999/1000]  train nll=+0.928(obj=-0.366 bg=+0.984) mse=1.854(obj=0.730 bg=1.902)  val nll=+0.856(obj=-0.454 bg=+0.915) mse=1.849(obj=0.619 bg=1.903)  lr=1.00e-06  tot=13.6min
10:58:19  [1000/1000]  train nll=+0.967(obj=-0.465 bg=+1.030) mse=1.913(obj=0.710 bg=1.966)  val nll=+0.747(obj=-0.663 bg=+0.809) mse=1.734(obj=0.625 bg=1.782)  lr=1.00e-06  tot=13.6min
10:58:19  Best val NLL: 0.7007  |  time: 13.6min
10:58:25  Saved 12 vis → experiments/ps_v9_overfit500_1k/vis
10:58:25  Report saved → report.html
