ClearML Task: created new task id=1c3a4680a9dc465e914ddcac8b28ac0d
ClearML results page: http://192.168.1.5:18080/projects/08d9e4b8a1334ad7ba45150d8a16b97e/experiments/1c3a4680a9dc465e914ddcac8b28ac0d/output/log
<unknown>:83: SyntaxWarning:

invalid escape sequence '\s'

19:54:48  loading cache /dev/shm/pandaset_v3_full (V3 full-image)
19:54:48    perturbation: ±0.5 deg / ±0.2 m   crop_px=[128, 384] (full-image px → 64)
19:54:49  train cache loaded: 84480 instances
2026-04-30 19:54:49,658 - clearml.model - WARNING - Connecting multiple input models with the same name: `meta`. This might result in the wrong model being used when executing remotely
19:54:49  val cache loaded: 14400 instances
19:54:49  object-level split: train=88992 val=9888 (seed=42)
19:54:49  params: 0.98M
19:57:36  [  1/100]  train nll=+3.711(obj=+4.087 bg=+3.525) mse=5.10(obj=6.12/m5.14/95p14.1 bg=4.60/m3.99/95p10.1)  val nll=+3.649(obj=+4.000 bg=+3.476) mse=5.09(obj=6.11/m5.08/95p14.4 bg=4.58/m3.96/95p10.0)  lr=4.00e-04  tot=2.8min
19:57:36    ↳ saved (val_nll=3.6495)
2026-04-30 19:57:37,623 - clearml.storage - ERROR - Exception encountered while uploading Failed uploading object /e2e_calib/calib/ps_v500_tmpfs_e100.1c3a4680a9dc465e914ddcac8b28ac0d/models/best_model.pt to https://files.budda.site (502): <!DOCTYPE html>
<!--[if lt IE 7]> <html class="no-js ie6 oldie" lang="en-US"> <![endif]-->
<!--[if IE 7]>    <html class="no-js ie7 oldie" lang="en-US"> <![endif]-->
<!--[if IE 8]>    <html class="no-js ie8 oldie" lang="en-US"> <![endif]-->
<!--[if gt IE 8]><!--> <html class="no-js" lang="en-US"> <!--<![endif]-->
<head>

<title>budda.site | 502: Bad gateway</title>
<meta charset="UTF-8" />
<meta http-equiv="Content-Type" content="text/html; charset=UTF-8" />
<meta http-equiv="X-UA-Compatible" content="IE=Edge" />
<meta name="robots" content="noindex, nofollow" />
<meta name="viewport" content="width=device-width,initial-scale=1" />
<link rel="stylesheet" id="cf_styles-css" href="/cdn-cgi/styles/main.css" />
</head>
<body>
<div id="cf-wrapper">
    <div id="cf-error-details" class="p-0">
        <header class="mx-auto pt-10 lg:pt-6 lg:px-8 w-240 lg:w-full mb-8">
            <h1 class="inline-block sm:block sm:mb-2 font-light text-60 lg:text-4xl text-black-dark leading-tight mr-2">
                <span class="inline-block">Bad gateway</span>
                <span class="code-label">Error code 502</span>
            </h1>
            <div>
                Visit <a href="https://www.cloudflare.com/5xx-error-landing?utm_source=errorcode_502&utm_campaign=files.budda.site" target="_blank" rel="noopener noreferrer">cloudflare.com</a> for more information.
            </div>
            <div class="mt-3">2026-04-30 10:57:37 UTC</div>
        </header>
        <div class="my-8 bg-gradient-gray">
            <div class="w-240 lg:w-full mx-auto">
                <div class="clearfix md:px-8">
                    <div id="cf-browser-status" class=" relative w-1/3 md:w-full py-15 md:p-0 md:py-8 md:text-left md:border-solid md:border-0 md:border-b md:border-gray-400 overflow-hidden float-left md:float-none text-center">
  <div class="relative mb-10 md:m-0">
    
    <span class="cf-icon-browser block md:hidden h-20 bg-center bg-no-repeat"></span>
    <span class="cf-icon-ok w-12 h-12 absolute left-1/2 md:left-auto md:right-0 md:top-0 -ml-6 -bottom-4"></span>
    
  </div>
  <span class="md:block w-full truncate">You</span>
  <h3 class="md:inline-block mt-3 md:mt-0 text-2xl text-gray-600 font-light leading-1.3">
  
    Browser
  
  </h3>
  
  <span class="leading-1.3 text-2xl text-green-success">Working</span>
  
</div>
                    <div id="cf-cloudflare-status" class=" relative w-1/3 md:w-full py-15 md:p-0 md:py-8 md:text-left md:border-solid md:border-0 md:border-b md:border-gray-400 overflow-hidden float-left md:float-none text-center">
  <div class="relative mb-10 md:m-0">
    <a href="https://www.cloudflare.com/5xx-error-landing?utm_source=errorcode_502&#38;utm_campaign=files.budda.site" target="_blank" rel="noopener noreferrer">
    <span class="cf-icon-cloud block md:hidden h-20 bg-center bg-no-repeat"></span>
    <span class="cf-icon-ok w-12 h-12 absolute left-1/2 md:left-auto md:right-0 md:top-0 -ml-6 -bottom-4"></span>
    </a>
  </div>
  <span class="md:block w-full truncate">Tokyo</span>
  <h3 class="md:inline-block mt-3 md:mt-0 text-2xl text-gray-600 font-light leading-1.3">
  <a href="https://www.cloudflare.com/5xx-error-landing?utm_source=errorcode_502&utm_campaign=files.budda.site" target="_blank" rel="noopener noreferrer">
    Cloudflare
  </a>
  </h3>
  
  <span class="leading-1.3 text-2xl text-green-success">Working</span>
  
</div>
                    <div id="cf-host-status" class="cf-error-source relative w-1/3 md:w-full py-15 md:p-0 md:py-8 md:text-left md:border-solid md:border-0 md:border-b md:border-gray-400 overflow-hidden float-left md:float-none text-center">
  <div class="relative mb-10 md:m-0">
    
    <span class="cf-icon-server block md:hidden h-20 bg-center bg-no-repeat"></span>
    <span class="cf-icon-error w-12 h-12 absolute left-1/2 md:left-auto md:right-0 md:top-0 -ml-6 -bottom-4"></span>
    
  </div>
  <span class="md:block w-full truncate">files.budda.site</span>
  <h3 class="md:inline-block mt-3 md:mt-0 text-2xl text-gray-600 font-light leading-1.3">
  
    Host
  
  </h3>
  
  <span class="leading-1.3 text-2xl text-red-error">Error</span>
  
</div>
                </div>
            </div>
        </div>

        <div class="w-240 lg:w-full mx-auto mb-8 lg:px-8">
            <div class="clearfix">
                <div class="w-1/2 md:w-full float-left pr-6 md:pb-10 md:pr-0 leading-relaxed">
                    <h2 class="text-3xl font-normal leading-1.3 mb-4">What happened?</h2>
                    <p>The web server reported a bad gateway error.</p>
                </div>
                <div class="w-1/2 md:w-full float-left leading-relaxed">
                    <h2 class="text-3xl font-normal leading-1.3 mb-4">What can I do?</h2>
                    <p class="mb-6">Please try again in a few minutes.</p>
                </div>
            </div>
        </div>

        <div class="cf-error-footer cf-wrapper w-240 lg:w-full py-10 sm:py-4 sm:px-8 mx-auto text-center sm:text-left border-solid border-0 border-t border-gray-300">
    <p class="text-13">
      <span class="cf-footer-item sm:block sm:mb-1">Cloudflare Ray ID: <strong class="font-semibold">9f4606d13fb83bf9</strong></span>
      <span class="cf-footer-separator sm:hidden">&bull;</span>
      <span id="cf-footer-item-ip" class="cf-footer-item hidden sm:block sm:mb-1">
        Your IP:
        <button type="button" id="cf-footer-ip-reveal" class="cf-footer-ip-reveal-btn">Click to reveal</button>
        <span class="hidden" id="cf-footer-ip">240d:f:1004:3700:558a:fb09:61ce:e4f7</span>
        <span class="cf-footer-separator sm:hidden">&bull;</span>
      </span>
      <span class="cf-footer-item sm:block sm:mb-1"><span>Performance &amp; security by</span> <a rel="noopener noreferrer" href="https://www.cloudflare.com/5xx-error-landing?utm_source=errorcode_502&#38;utm_campaign=files.budda.site" id="brand_link" target="_blank">Cloudflare</a></span>
      
    </p>
    <script>(function(){function d(){var b=a.getElementById("cf-footer-item-ip"),c=a.getElementById("cf-footer-ip-reveal");b&&"classList"in b&&(b.classList.remove("hidden"),c.addEventListener("click",function(){c.classList.add("hidden");a.getElementById("cf-footer-ip").classList.remove("hidden")}))}var a=document;document.addEventListener&&a.addEventListener("DOMContentLoaded",d)})();</script>
  </div><!-- /.error-footer -->

    </div>
</div>
</body>
</html>
ClearML Monitor: Could not detect iteration reporting, falling back to iterations as seconds-from-start
19:59:22  [  2/100]  train nll=+3.648(obj=+3.998 bg=+3.476) mse=5.07(obj=6.06/m5.10/95p14.0 bg=4.59/m3.99/95p10.1)  val nll=+3.639(obj=+4.029 bg=+3.449) mse=5.06(obj=6.10/m5.09/95p14.3 bg=4.55/m3.92/95p10.1)  lr=6.00e-04  tot=4.5min
19:59:22    ↳ saved (val_nll=3.6387)
2026-04-30 19:59:24,037 - clearml.storage - ERROR - Exception encountered while uploading Failed uploading object /e2e_calib/calib/ps_v500_tmpfs_e100.1c3a4680a9dc465e914ddcac8b28ac0d/models/best_model.pt to https://files.budda.site (502): <!DOCTYPE html>
<!--[if lt IE 7]> <html class="no-js ie6 oldie" lang="en-US"> <![endif]-->
<!--[if IE 7]>    <html class="no-js ie7 oldie" lang="en-US"> <![endif]-->
<!--[if IE 8]>    <html class="no-js ie8 oldie" lang="en-US"> <![endif]-->
<!--[if gt IE 8]><!--> <html class="no-js" lang="en-US"> <!--<![endif]-->
<head>

<title>budda.site | 502: Bad gateway</title>
<meta charset="UTF-8" />
<meta http-equiv="Content-Type" content="text/html; charset=UTF-8" />
<meta http-equiv="X-UA-Compatible" content="IE=Edge" />
<meta name="robots" content="noindex, nofollow" />
<meta name="viewport" content="width=device-width,initial-scale=1" />
<link rel="stylesheet" id="cf_styles-css" href="/cdn-cgi/styles/main.css" />
</head>
<body>
<div id="cf-wrapper">
    <div id="cf-error-details" class="p-0">
        <header class="mx-auto pt-10 lg:pt-6 lg:px-8 w-240 lg:w-full mb-8">
            <h1 class="inline-block sm:block sm:mb-2 font-light text-60 lg:text-4xl text-black-dark leading-tight mr-2">
                <span class="inline-block">Bad gateway</span>
                <span class="code-label">Error code 502</span>
            </h1>
            <div>
                Visit <a href="https://www.cloudflare.com/5xx-error-landing?utm_source=errorcode_502&utm_campaign=files.budda.site" target="_blank" rel="noopener noreferrer">cloudflare.com</a> for more information.
            </div>
            <div class="mt-3">2026-04-30 10:59:24 UTC</div>
        </header>
        <div class="my-8 bg-gradient-gray">
            <div class="w-240 lg:w-full mx-auto">
                <div class="clearfix md:px-8">
                    <div id="cf-browser-status" class=" relative w-1/3 md:w-full py-15 md:p-0 md:py-8 md:text-left md:border-solid md:border-0 md:border-b md:border-gray-400 overflow-hidden float-left md:float-none text-center">
  <div class="relative mb-10 md:m-0">
    
    <span class="cf-icon-browser block md:hidden h-20 bg-center bg-no-repeat"></span>
    <span class="cf-icon-ok w-12 h-12 absolute left-1/2 md:left-auto md:right-0 md:top-0 -ml-6 -bottom-4"></span>
    
  </div>
  <span class="md:block w-full truncate">You</span>
  <h3 class="md:inline-block mt-3 md:mt-0 text-2xl text-gray-600 font-light leading-1.3">
  
    Browser
  
  </h3>
  
  <span class="leading-1.3 text-2xl text-green-success">Working</span>
  
</div>
                    <div id="cf-cloudflare-status" class=" relative w-1/3 md:w-full py-15 md:p-0 md:py-8 md:text-left md:border-solid md:border-0 md:border-b md:border-gray-400 overflow-hidden float-left md:float-none text-center">
  <div class="relative mb-10 md:m-0">
    <a href="https://www.cloudflare.com/5xx-error-landing?utm_source=errorcode_502&#38;utm_campaign=files.budda.site" target="_blank" rel="noopener noreferrer">
    <span class="cf-icon-cloud block md:hidden h-20 bg-center bg-no-repeat"></span>
    <span class="cf-icon-ok w-12 h-12 absolute left-1/2 md:left-auto md:right-0 md:top-0 -ml-6 -bottom-4"></span>
    </a>
  </div>
  <span class="md:block w-full truncate">Tokyo</span>
  <h3 class="md:inline-block mt-3 md:mt-0 text-2xl text-gray-600 font-light leading-1.3">
  <a href="https://www.cloudflare.com/5xx-error-landing?utm_source=errorcode_502&utm_campaign=files.budda.site" target="_blank" rel="noopener noreferrer">
    Cloudflare
  </a>
  </h3>
  
  <span class="leading-1.3 text-2xl text-green-success">Working</span>
  
</div>
                    <div id="cf-host-status" class="cf-error-source relative w-1/3 md:w-full py-15 md:p-0 md:py-8 md:text-left md:border-solid md:border-0 md:border-b md:border-gray-400 overflow-hidden float-left md:float-none text-center">
  <div class="relative mb-10 md:m-0">
    
    <span class="cf-icon-server block md:hidden h-20 bg-center bg-no-repeat"></span>
    <span class="cf-icon-error w-12 h-12 absolute left-1/2 md:left-auto md:right-0 md:top-0 -ml-6 -bottom-4"></span>
    
  </div>
  <span class="md:block w-full truncate">files.budda.site</span>
  <h3 class="md:inline-block mt-3 md:mt-0 text-2xl text-gray-600 font-light leading-1.3">
  
    Host
  
  </h3>
  
  <span class="leading-1.3 text-2xl text-red-error">Error</span>
  
</div>
                </div>
            </div>
        </div>

        <div class="w-240 lg:w-full mx-auto mb-8 lg:px-8">
            <div class="clearfix">
                <div class="w-1/2 md:w-full float-left pr-6 md:pb-10 md:pr-0 leading-relaxed">
                    <h2 class="text-3xl font-normal leading-1.3 mb-4">What happened?</h2>
                    <p>The web server reported a bad gateway error.</p>
                </div>
                <div class="w-1/2 md:w-full float-left leading-relaxed">
                    <h2 class="text-3xl font-normal leading-1.3 mb-4">What can I do?</h2>
                    <p class="mb-6">Please try again in a few minutes.</p>
                </div>
            </div>
        </div>

        <div class="cf-error-footer cf-wrapper w-240 lg:w-full py-10 sm:py-4 sm:px-8 mx-auto text-center sm:text-left border-solid border-0 border-t border-gray-300">
    <p class="text-13">
      <span class="cf-footer-item sm:block sm:mb-1">Cloudflare Ray ID: <strong class="font-semibold">9f46096a9e0a611d</strong></span>
      <span class="cf-footer-separator sm:hidden">&bull;</span>
      <span id="cf-footer-item-ip" class="cf-footer-item hidden sm:block sm:mb-1">
        Your IP:
        <button type="button" id="cf-footer-ip-reveal" class="cf-footer-ip-reveal-btn">Click to reveal</button>
        <span class="hidden" id="cf-footer-ip">240d:f:1004:3700:558a:fb09:61ce:e4f7</span>
        <span class="cf-footer-separator sm:hidden">&bull;</span>
      </span>
      <span class="cf-footer-item sm:block sm:mb-1"><span>Performance &amp; security by</span> <a rel="noopener noreferrer" href="https://www.cloudflare.com/5xx-error-landing?utm_source=errorcode_502&#38;utm_campaign=files.budda.site" id="brand_link" target="_blank">Cloudflare</a></span>
      
    </p>
    <script>(function(){function d(){var b=a.getElementById("cf-footer-item-ip"),c=a.getElementById("cf-footer-ip-reveal");b&&"classList"in b&&(b.classList.remove("hidden"),c.addEventListener("click",function(){c.classList.add("hidden");a.getElementById("cf-footer-ip").classList.remove("hidden")}))}var a=document;document.addEventListener&&a.addEventListener("DOMContentLoaded",d)})();</script>
  </div><!-- /.error-footer -->

    </div>
</div>
</body>
</html>
20:01:06  [  3/100]  train nll=+3.625(obj=+3.967 bg=+3.457) mse=5.05(obj=6.02/m5.07/95p13.9 bg=4.57/m3.97/95p10.1)  val nll=+3.637(obj=+3.989 bg=+3.470) mse=5.11(obj=6.08/m5.13/95p14.1 bg=4.64/m4.06/95p10.1)  lr=8.00e-04  tot=6.3min
20:01:06    ↳ saved (val_nll=3.6372)
2026-04-30 20:01:07,001 - clearml.storage - ERROR - Exception encountered while uploading Failed uploading object /e2e_calib/calib/ps_v500_tmpfs_e100.1c3a4680a9dc465e914ddcac8b28ac0d/models/best_model.pt to https://files.budda.site (502): <!DOCTYPE html>
<!--[if lt IE 7]> <html class="no-js ie6 oldie" lang="en-US"> <![endif]-->
<!--[if IE 7]>    <html class="no-js ie7 oldie" lang="en-US"> <![endif]-->
<!--[if IE 8]>    <html class="no-js ie8 oldie" lang="en-US"> <![endif]-->
<!--[if gt IE 8]><!--> <html class="no-js" lang="en-US"> <!--<![endif]-->
<head>

<title>budda.site | 502: Bad gateway</title>
<meta charset="UTF-8" />
<meta http-equiv="Content-Type" content="text/html; charset=UTF-8" />
<meta http-equiv="X-UA-Compatible" content="IE=Edge" />
<meta name="robots" content="noindex, nofollow" />
<meta name="viewport" content="width=device-width,initial-scale=1" />
<link rel="stylesheet" id="cf_styles-css" href="/cdn-cgi/styles/main.css" />
</head>
<body>
<div id="cf-wrapper">
    <div id="cf-error-details" class="p-0">
        <header class="mx-auto pt-10 lg:pt-6 lg:px-8 w-240 lg:w-full mb-8">
            <h1 class="inline-block sm:block sm:mb-2 font-light text-60 lg:text-4xl text-black-dark leading-tight mr-2">
                <span class="inline-block">Bad gateway</span>
                <span class="code-label">Error code 502</span>
            </h1>
            <div>
                Visit <a href="https://www.cloudflare.com/5xx-error-landing?utm_source=errorcode_502&utm_campaign=files.budda.site" target="_blank" rel="noopener noreferrer">cloudflare.com</a> for more information.
            </div>
            <div class="mt-3">2026-04-30 11:01:06 UTC</div>
        </header>
        <div class="my-8 bg-gradient-gray">
            <div class="w-240 lg:w-full mx-auto">
                <div class="clearfix md:px-8">
                    <div id="cf-browser-status" class=" relative w-1/3 md:w-full py-15 md:p-0 md:py-8 md:text-left md:border-solid md:border-0 md:border-b md:border-gray-400 overflow-hidden float-left md:float-none text-center">
  <div class="relative mb-10 md:m-0">
    
    <span class="cf-icon-browser block md:hidden h-20 bg-center bg-no-repeat"></span>
    <span class="cf-icon-ok w-12 h-12 absolute left-1/2 md:left-auto md:right-0 md:top-0 -ml-6 -bottom-4"></span>
    
  </div>
  <span class="md:block w-full truncate">You</span>
  <h3 class="md:inline-block mt-3 md:mt-0 text-2xl text-gray-600 font-light leading-1.3">
  
    Browser
  
  </h3>
  
  <span class="leading-1.3 text-2xl text-green-success">Working</span>
  
</div>
                    <div id="cf-cloudflare-status" class=" relative w-1/3 md:w-full py-15 md:p-0 md:py-8 md:text-left md:border-solid md:border-0 md:border-b md:border-gray-400 overflow-hidden float-left md:float-none text-center">
  <div class="relative mb-10 md:m-0">
    <a href="https://www.cloudflare.com/5xx-error-landing?utm_source=errorcode_502&#38;utm_campaign=files.budda.site" target="_blank" rel="noopener noreferrer">
    <span class="cf-icon-cloud block md:hidden h-20 bg-center bg-no-repeat"></span>
    <span class="cf-icon-ok w-12 h-12 absolute left-1/2 md:left-auto md:right-0 md:top-0 -ml-6 -bottom-4"></span>
    </a>
  </div>
  <span class="md:block w-full truncate">Tokyo</span>
  <h3 class="md:inline-block mt-3 md:mt-0 text-2xl text-gray-600 font-light leading-1.3">
  <a href="https://www.cloudflare.com/5xx-error-landing?utm_source=errorcode_502&utm_campaign=files.budda.site" target="_blank" rel="noopener noreferrer">
    Cloudflare
  </a>
  </h3>
  
  <span class="leading-1.3 text-2xl text-green-success">Working</span>
  
</div>
                    <div id="cf-host-status" class="cf-error-source relative w-1/3 md:w-full py-15 md:p-0 md:py-8 md:text-left md:border-solid md:border-0 md:border-b md:border-gray-400 overflow-hidden float-left md:float-none text-center">
  <div class="relative mb-10 md:m-0">
    
    <span class="cf-icon-server block md:hidden h-20 bg-center bg-no-repeat"></span>
    <span class="cf-icon-error w-12 h-12 absolute left-1/2 md:left-auto md:right-0 md:top-0 -ml-6 -bottom-4"></span>
    
  </div>
  <span class="md:block w-full truncate">files.budda.site</span>
  <h3 class="md:inline-block mt-3 md:mt-0 text-2xl text-gray-600 font-light leading-1.3">
  
    Host
  
  </h3>
  
  <span class="leading-1.3 text-2xl text-red-error">Error</span>
  
</div>
                </div>
            </div>
        </div>

        <div class="w-240 lg:w-full mx-auto mb-8 lg:px-8">
            <div class="clearfix">
                <div class="w-1/2 md:w-full float-left pr-6 md:pb-10 md:pr-0 leading-relaxed">
                    <h2 class="text-3xl font-normal leading-1.3 mb-4">What happened?</h2>
                    <p>The web server reported a bad gateway error.</p>
                </div>
                <div class="w-1/2 md:w-full float-left leading-relaxed">
                    <h2 class="text-3xl font-normal leading-1.3 mb-4">What can I do?</h2>
                    <p class="mb-6">Please try again in a few minutes.</p>
                </div>
            </div>
        </div>

        <div class="cf-error-footer cf-wrapper w-240 lg:w-full py-10 sm:py-4 sm:px-8 mx-auto text-center sm:text-left border-solid border-0 border-t border-gray-300">
    <p class="text-13">
      <span class="cf-footer-item sm:block sm:mb-1">Cloudflare Ray ID: <strong class="font-semibold">9f460bedfd1fd78c</strong></span>
      <span class="cf-footer-separator sm:hidden">&bull;</span>
      <span id="cf-footer-item-ip" class="cf-footer-item hidden sm:block sm:mb-1">
        Your IP:
        <button type="button" id="cf-footer-ip-reveal" class="cf-footer-ip-reveal-btn">Click to reveal</button>
        <span class="hidden" id="cf-footer-ip">240d:f:1004:3700:558a:fb09:61ce:e4f7</span>
        <span class="cf-footer-separator sm:hidden">&bull;</span>
      </span>
      <span class="cf-footer-item sm:block sm:mb-1"><span>Performance &amp; security by</span> <a rel="noopener noreferrer" href="https://www.cloudflare.com/5xx-error-landing?utm_source=errorcode_502&#38;utm_campaign=files.budda.site" id="brand_link" target="_blank">Cloudflare</a></span>
      
    </p>
    <script>(function(){function d(){var b=a.getElementById("cf-footer-item-ip"),c=a.getElementById("cf-footer-ip-reveal");b&&"classList"in b&&(b.classList.remove("hidden"),c.addEventListener("click",function(){c.classList.add("hidden");a.getElementById("cf-footer-ip").classList.remove("hidden")}))}var a=document;document.addEventListener&&a.addEventListener("DOMContentLoaded",d)})();</script>
  </div><!-- /.error-footer -->

    </div>
</div>
</body>
</html>
20:02:49  [  4/100]  train nll=+3.615(obj=+3.953 bg=+3.451) mse=5.04(obj=5.99/m5.06/95p13.8 bg=4.58/m3.99/95p10.0)  val nll=+3.623(obj=+3.973 bg=+3.448) mse=5.02(obj=6.04/m5.07/95p13.9 bg=4.52/m3.94/95p9.9)  lr=1.00e-03  tot=8.0min
20:02:49    ↳ saved (val_nll=3.6226)
2026-04-30 20:02:50,313 - clearml.storage - ERROR - Exception encountered while uploading Failed uploading object /e2e_calib/calib/ps_v500_tmpfs_e100.1c3a4680a9dc465e914ddcac8b28ac0d/models/best_model.pt to https://files.budda.site (502): <!DOCTYPE html>
<!--[if lt IE 7]> <html class="no-js ie6 oldie" lang="en-US"> <![endif]-->
<!--[if IE 7]>    <html class="no-js ie7 oldie" lang="en-US"> <![endif]-->
<!--[if IE 8]>    <html class="no-js ie8 oldie" lang="en-US"> <![endif]-->
<!--[if gt IE 8]><!--> <html class="no-js" lang="en-US"> <!--<![endif]-->
<head>

<title>budda.site | 502: Bad gateway</title>
<meta charset="UTF-8" />
<meta http-equiv="Content-Type" content="text/html; charset=UTF-8" />
<meta http-equiv="X-UA-Compatible" content="IE=Edge" />
<meta name="robots" content="noindex, nofollow" />
<meta name="viewport" content="width=device-width,initial-scale=1" />
<link rel="stylesheet" id="cf_styles-css" href="/cdn-cgi/styles/main.css" />
</head>
<body>
<div id="cf-wrapper">
    <div id="cf-error-details" class="p-0">
        <header class="mx-auto pt-10 lg:pt-6 lg:px-8 w-240 lg:w-full mb-8">
            <h1 class="inline-block sm:block sm:mb-2 font-light text-60 lg:text-4xl text-black-dark leading-tight mr-2">
                <span class="inline-block">Bad gateway</span>
                <span class="code-label">Error code 502</span>
            </h1>
            <div>
                Visit <a href="https://www.cloudflare.com/5xx-error-landing?utm_source=errorcode_502&utm_campaign=files.budda.site" target="_blank" rel="noopener noreferrer">cloudflare.com</a> for more information.
            </div>
            <div class="mt-3">2026-04-30 11:02:50 UTC</div>
        </header>
        <div class="my-8 bg-gradient-gray">
            <div class="w-240 lg:w-full mx-auto">
                <div class="clearfix md:px-8">
                    <div id="cf-browser-status" class=" relative w-1/3 md:w-full py-15 md:p-0 md:py-8 md:text-left md:border-solid md:border-0 md:border-b md:border-gray-400 overflow-hidden float-left md:float-none text-center">
  <div class="relative mb-10 md:m-0">
    
    <span class="cf-icon-browser block md:hidden h-20 bg-center bg-no-repeat"></span>
    <span class="cf-icon-ok w-12 h-12 absolute left-1/2 md:left-auto md:right-0 md:top-0 -ml-6 -bottom-4"></span>
    
  </div>
  <span class="md:block w-full truncate">You</span>
  <h3 class="md:inline-block mt-3 md:mt-0 text-2xl text-gray-600 font-light leading-1.3">
  
    Browser
  
  </h3>
  
  <span class="leading-1.3 text-2xl text-green-success">Working</span>
  
</div>
                    <div id="cf-cloudflare-status" class=" relative w-1/3 md:w-full py-15 md:p-0 md:py-8 md:text-left md:border-solid md:border-0 md:border-b md:border-gray-400 overflow-hidden float-left md:float-none text-center">
  <div class="relative mb-10 md:m-0">
    <a href="https://www.cloudflare.com/5xx-error-landing?utm_source=errorcode_502&#38;utm_campaign=files.budda.site" target="_blank" rel="noopener noreferrer">
    <span class="cf-icon-cloud block md:hidden h-20 bg-center bg-no-repeat"></span>
    <span class="cf-icon-ok w-12 h-12 absolute left-1/2 md:left-auto md:right-0 md:top-0 -ml-6 -bottom-4"></span>
    </a>
  </div>
  <span class="md:block w-full truncate">Tokyo</span>
  <h3 class="md:inline-block mt-3 md:mt-0 text-2xl text-gray-600 font-light leading-1.3">
  <a href="https://www.cloudflare.com/5xx-error-landing?utm_source=errorcode_502&utm_campaign=files.budda.site" target="_blank" rel="noopener noreferrer">
    Cloudflare
  </a>
  </h3>
  
  <span class="leading-1.3 text-2xl text-green-success">Working</span>
  
</div>
                    <div id="cf-host-status" class="cf-error-source relative w-1/3 md:w-full py-15 md:p-0 md:py-8 md:text-left md:border-solid md:border-0 md:border-b md:border-gray-400 overflow-hidden float-left md:float-none text-center">
  <div class="relative mb-10 md:m-0">
    
    <span class="cf-icon-server block md:hidden h-20 bg-center bg-no-repeat"></span>
    <span class="cf-icon-error w-12 h-12 absolute left-1/2 md:left-auto md:right-0 md:top-0 -ml-6 -bottom-4"></span>
    
  </div>
  <span class="md:block w-full truncate">files.budda.site</span>
  <h3 class="md:inline-block mt-3 md:mt-0 text-2xl text-gray-600 font-light leading-1.3">
  
    Host
  
  </h3>
  
  <span class="leading-1.3 text-2xl text-red-error">Error</span>
  
</div>
                </div>
            </div>
        </div>

        <div class="w-240 lg:w-full mx-auto mb-8 lg:px-8">
            <div class="clearfix">
                <div class="w-1/2 md:w-full float-left pr-6 md:pb-10 md:pr-0 leading-relaxed">
                    <h2 class="text-3xl font-normal leading-1.3 mb-4">What happened?</h2>
                    <p>The web server reported a bad gateway error.</p>
                </div>
                <div class="w-1/2 md:w-full float-left leading-relaxed">
                    <h2 class="text-3xl font-normal leading-1.3 mb-4">What can I do?</h2>
                    <p class="mb-6">Please try again in a few minutes.</p>
                </div>
            </div>
        </div>

        <div class="cf-error-footer cf-wrapper w-240 lg:w-full py-10 sm:py-4 sm:px-8 mx-auto text-center sm:text-left border-solid border-0 border-t border-gray-300">
    <p class="text-13">
      <span class="cf-footer-item sm:block sm:mb-1">Cloudflare Ray ID: <strong class="font-semibold">9f460e73ee09eb7c</strong></span>
      <span class="cf-footer-separator sm:hidden">&bull;</span>
      <span id="cf-footer-item-ip" class="cf-footer-item hidden sm:block sm:mb-1">
        Your IP:
        <button type="button" id="cf-footer-ip-reveal" class="cf-footer-ip-reveal-btn">Click to reveal</button>
        <span class="hidden" id="cf-footer-ip">240d:f:1004:3700:558a:fb09:61ce:e4f7</span>
        <span class="cf-footer-separator sm:hidden">&bull;</span>
      </span>
      <span class="cf-footer-item sm:block sm:mb-1"><span>Performance &amp; security by</span> <a rel="noopener noreferrer" href="https://www.cloudflare.com/5xx-error-landing?utm_source=errorcode_502&#38;utm_campaign=files.budda.site" id="brand_link" target="_blank">Cloudflare</a></span>
      
    </p>
    <script>(function(){function d(){var b=a.getElementById("cf-footer-item-ip"),c=a.getElementById("cf-footer-ip-reveal");b&&"classList"in b&&(b.classList.remove("hidden"),c.addEventListener("click",function(){c.classList.add("hidden");a.getElementById("cf-footer-ip").classList.remove("hidden")}))}var a=document;document.addEventListener&&a.addEventListener("DOMContentLoaded",d)})();</script>
  </div><!-- /.error-footer -->

    </div>
</div>
</body>
</html>
20:04:32  [  5/100]  train nll=+3.595(obj=+3.938 bg=+3.428) mse=4.99(obj=5.95/m5.06/95p13.6 bg=4.52/m3.95/95p9.9)  val nll=+3.552(obj=+3.867 bg=+3.400) mse=4.92(obj=5.82/m4.89/95p13.3 bg=4.49/m3.91/95p9.8)  lr=1.00e-03  tot=9.7min
20:04:32    ↳ saved (val_nll=3.5522)
2026-04-30 20:04:33,334 - clearml.storage - ERROR - Exception encountered while uploading Failed uploading object /e2e_calib/calib/ps_v500_tmpfs_e100.1c3a4680a9dc465e914ddcac8b28ac0d/models/best_model.pt to https://files.budda.site (502): <!DOCTYPE html>
<!--[if lt IE 7]> <html class="no-js ie6 oldie" lang="en-US"> <![endif]-->
<!--[if IE 7]>    <html class="no-js ie7 oldie" lang="en-US"> <![endif]-->
<!--[if IE 8]>    <html class="no-js ie8 oldie" lang="en-US"> <![endif]-->
<!--[if gt IE 8]><!--> <html class="no-js" lang="en-US"> <!--<![endif]-->
<head>

<title>budda.site | 502: Bad gateway</title>
<meta charset="UTF-8" />
<meta http-equiv="Content-Type" content="text/html; charset=UTF-8" />
<meta http-equiv="X-UA-Compatible" content="IE=Edge" />
<meta name="robots" content="noindex, nofollow" />
<meta name="viewport" content="width=device-width,initial-scale=1" />
<link rel="stylesheet" id="cf_styles-css" href="/cdn-cgi/styles/main.css" />
</head>
<body>
<div id="cf-wrapper">
    <div id="cf-error-details" class="p-0">
        <header class="mx-auto pt-10 lg:pt-6 lg:px-8 w-240 lg:w-full mb-8">
            <h1 class="inline-block sm:block sm:mb-2 font-light text-60 lg:text-4xl text-black-dark leading-tight mr-2">
                <span class="inline-block">Bad gateway</span>
                <span class="code-label">Error code 502</span>
            </h1>
            <div>
                Visit <a href="https://www.cloudflare.com/5xx-error-landing?utm_source=errorcode_502&utm_campaign=files.budda.site" target="_blank" rel="noopener noreferrer">cloudflare.com</a> for more information.
            </div>
            <div class="mt-3">2026-04-30 11:04:33 UTC</div>
        </header>
        <div class="my-8 bg-gradient-gray">
            <div class="w-240 lg:w-full mx-auto">
                <div class="clearfix md:px-8">
                    <div id="cf-browser-status" class=" relative w-1/3 md:w-full py-15 md:p-0 md:py-8 md:text-left md:border-solid md:border-0 md:border-b md:border-gray-400 overflow-hidden float-left md:float-none text-center">
  <div class="relative mb-10 md:m-0">
    
    <span class="cf-icon-browser block md:hidden h-20 bg-center bg-no-repeat"></span>
    <span class="cf-icon-ok w-12 h-12 absolute left-1/2 md:left-auto md:right-0 md:top-0 -ml-6 -bottom-4"></span>
    
  </div>
  <span class="md:block w-full truncate">You</span>
  <h3 class="md:inline-block mt-3 md:mt-0 text-2xl text-gray-600 font-light leading-1.3">
  
    Browser
  
  </h3>
  
  <span class="leading-1.3 text-2xl text-green-success">Working</span>
  
</div>
                    <div id="cf-cloudflare-status" class=" relative w-1/3 md:w-full py-15 md:p-0 md:py-8 md:text-left md:border-solid md:border-0 md:border-b md:border-gray-400 overflow-hidden float-left md:float-none text-center">
  <div class="relative mb-10 md:m-0">
    <a href="https://www.cloudflare.com/5xx-error-landing?utm_source=errorcode_502&#38;utm_campaign=files.budda.site" target="_blank" rel="noopener noreferrer">
    <span class="cf-icon-cloud block md:hidden h-20 bg-center bg-no-repeat"></span>
    <span class="cf-icon-ok w-12 h-12 absolute left-1/2 md:left-auto md:right-0 md:top-0 -ml-6 -bottom-4"></span>
    </a>
  </div>
  <span class="md:block w-full truncate">Tokyo</span>
  <h3 class="md:inline-block mt-3 md:mt-0 text-2xl text-gray-600 font-light leading-1.3">
  <a href="https://www.cloudflare.com/5xx-error-landing?utm_source=errorcode_502&utm_campaign=files.budda.site" target="_blank" rel="noopener noreferrer">
    Cloudflare
  </a>
  </h3>
  
  <span class="leading-1.3 text-2xl text-green-success">Working</span>
  
</div>
                    <div id="cf-host-status" class="cf-error-source relative w-1/3 md:w-full py-15 md:p-0 md:py-8 md:text-left md:border-solid md:border-0 md:border-b md:border-gray-400 overflow-hidden float-left md:float-none text-center">
  <div class="relative mb-10 md:m-0">
    
    <span class="cf-icon-server block md:hidden h-20 bg-center bg-no-repeat"></span>
    <span class="cf-icon-error w-12 h-12 absolute left-1/2 md:left-auto md:right-0 md:top-0 -ml-6 -bottom-4"></span>
    
  </div>
  <span class="md:block w-full truncate">files.budda.site</span>
  <h3 class="md:inline-block mt-3 md:mt-0 text-2xl text-gray-600 font-light leading-1.3">
  
    Host
  
  </h3>
  
  <span class="leading-1.3 text-2xl text-red-error">Error</span>
  
</div>
                </div>
            </div>
        </div>

        <div class="w-240 lg:w-full mx-auto mb-8 lg:px-8">
            <div class="clearfix">
                <div class="w-1/2 md:w-full float-left pr-6 md:pb-10 md:pr-0 leading-relaxed">
                    <h2 class="text-3xl font-normal leading-1.3 mb-4">What happened?</h2>
                    <p>The web server reported a bad gateway error.</p>
                </div>
                <div class="w-1/2 md:w-full float-left leading-relaxed">
                    <h2 class="text-3xl font-normal leading-1.3 mb-4">What can I do?</h2>
                    <p class="mb-6">Please try again in a few minutes.</p>
                </div>
            </div>
        </div>

        <div class="cf-error-footer cf-wrapper w-240 lg:w-full py-10 sm:py-4 sm:px-8 mx-auto text-center sm:text-left border-solid border-0 border-t border-gray-300">
    <p class="text-13">
      <span class="cf-footer-item sm:block sm:mb-1">Cloudflare Ray ID: <strong class="font-semibold">9f4610f72fb0e389</strong></span>
      <span class="cf-footer-separator sm:hidden">&bull;</span>
      <span id="cf-footer-item-ip" class="cf-footer-item hidden sm:block sm:mb-1">
        Your IP:
        <button type="button" id="cf-footer-ip-reveal" class="cf-footer-ip-reveal-btn">Click to reveal</button>
        <span class="hidden" id="cf-footer-ip">240d:f:1004:3700:558a:fb09:61ce:e4f7</span>
        <span class="cf-footer-separator sm:hidden">&bull;</span>
      </span>
      <span class="cf-footer-item sm:block sm:mb-1"><span>Performance &amp; security by</span> <a rel="noopener noreferrer" href="https://www.cloudflare.com/5xx-error-landing?utm_source=errorcode_502&#38;utm_campaign=files.budda.site" id="brand_link" target="_blank">Cloudflare</a></span>
      
    </p>
    <script>(function(){function d(){var b=a.getElementById("cf-footer-item-ip"),c=a.getElementById("cf-footer-ip-reveal");b&&"classList"in b&&(b.classList.remove("hidden"),c.addEventListener("click",function(){c.classList.add("hidden");a.getElementById("cf-footer-ip").classList.remove("hidden")}))}var a=document;document.addEventListener&&a.addEventListener("DOMContentLoaded",d)})();</script>
  </div><!-- /.error-footer -->

    </div>
</div>
</body>
</html>
20:06:17  [  6/100]  train nll=+3.552(obj=+3.876 bg=+3.392) mse=4.90(obj=5.80/m5.00/95p12.9 bg=4.46/m3.90/95p9.7)  val nll=+3.535(obj=+3.839 bg=+3.386) mse=4.88(obj=5.72/m5.02/95p12.5 bg=4.47/m3.94/95p9.7)  lr=1.00e-03  tot=11.4min
20:06:17    ↳ saved (val_nll=3.5354)
2026-04-30 20:06:18,398 - clearml.storage - ERROR - Exception encountered while uploading Failed uploading object /e2e_calib/calib/ps_v500_tmpfs_e100.1c3a4680a9dc465e914ddcac8b28ac0d/models/best_model.pt to https://files.budda.site (502): <!DOCTYPE html>
<!--[if lt IE 7]> <html class="no-js ie6 oldie" lang="en-US"> <![endif]-->
<!--[if IE 7]>    <html class="no-js ie7 oldie" lang="en-US"> <![endif]-->
<!--[if IE 8]>    <html class="no-js ie8 oldie" lang="en-US"> <![endif]-->
<!--[if gt IE 8]><!--> <html class="no-js" lang="en-US"> <!--<![endif]-->
<head>

<title>budda.site | 502: Bad gateway</title>
<meta charset="UTF-8" />
<meta http-equiv="Content-Type" content="text/html; charset=UTF-8" />
<meta http-equiv="X-UA-Compatible" content="IE=Edge" />
<meta name="robots" content="noindex, nofollow" />
<meta name="viewport" content="width=device-width,initial-scale=1" />
<link rel="stylesheet" id="cf_styles-css" href="/cdn-cgi/styles/main.css" />
</head>
<body>
<div id="cf-wrapper">
    <div id="cf-error-details" class="p-0">
        <header class="mx-auto pt-10 lg:pt-6 lg:px-8 w-240 lg:w-full mb-8">
            <h1 class="inline-block sm:block sm:mb-2 font-light text-60 lg:text-4xl text-black-dark leading-tight mr-2">
                <span class="inline-block">Bad gateway</span>
                <span class="code-label">Error code 502</span>
            </h1>
            <div>
                Visit <a href="https://www.cloudflare.com/5xx-error-landing?utm_source=errorcode_502&utm_campaign=files.budda.site" target="_blank" rel="noopener noreferrer">cloudflare.com</a> for more information.
            </div>
            <div class="mt-3">2026-04-30 11:06:18 UTC</div>
        </header>
        <div class="my-8 bg-gradient-gray">
            <div class="w-240 lg:w-full mx-auto">
                <div class="clearfix md:px-8">
                    <div id="cf-browser-status" class=" relative w-1/3 md:w-full py-15 md:p-0 md:py-8 md:text-left md:border-solid md:border-0 md:border-b md:border-gray-400 overflow-hidden float-left md:float-none text-center">
  <div class="relative mb-10 md:m-0">
    
    <span class="cf-icon-browser block md:hidden h-20 bg-center bg-no-repeat"></span>
    <span class="cf-icon-ok w-12 h-12 absolute left-1/2 md:left-auto md:right-0 md:top-0 -ml-6 -bottom-4"></span>
    
  </div>
  <span class="md:block w-full truncate">You</span>
  <h3 class="md:inline-block mt-3 md:mt-0 text-2xl text-gray-600 font-light leading-1.3">
  
    Browser
  
  </h3>
  
  <span class="leading-1.3 text-2xl text-green-success">Working</span>
  
</div>
                    <div id="cf-cloudflare-status" class=" relative w-1/3 md:w-full py-15 md:p-0 md:py-8 md:text-left md:border-solid md:border-0 md:border-b md:border-gray-400 overflow-hidden float-left md:float-none text-center">
  <div class="relative mb-10 md:m-0">
    <a href="https://www.cloudflare.com/5xx-error-landing?utm_source=errorcode_502&#38;utm_campaign=files.budda.site" target="_blank" rel="noopener noreferrer">
    <span class="cf-icon-cloud block md:hidden h-20 bg-center bg-no-repeat"></span>
    <span class="cf-icon-ok w-12 h-12 absolute left-1/2 md:left-auto md:right-0 md:top-0 -ml-6 -bottom-4"></span>
    </a>
  </div>
  <span class="md:block w-full truncate">Tokyo</span>
  <h3 class="md:inline-block mt-3 md:mt-0 text-2xl text-gray-600 font-light leading-1.3">
  <a href="https://www.cloudflare.com/5xx-error-landing?utm_source=errorcode_502&utm_campaign=files.budda.site" target="_blank" rel="noopener noreferrer">
    Cloudflare
  </a>
  </h3>
  
  <span class="leading-1.3 text-2xl text-green-success">Working</span>
  
</div>
                    <div id="cf-host-status" class="cf-error-source relative w-1/3 md:w-full py-15 md:p-0 md:py-8 md:text-left md:border-solid md:border-0 md:border-b md:border-gray-400 overflow-hidden float-left md:float-none text-center">
  <div class="relative mb-10 md:m-0">
    
    <span class="cf-icon-server block md:hidden h-20 bg-center bg-no-repeat"></span>
    <span class="cf-icon-error w-12 h-12 absolute left-1/2 md:left-auto md:right-0 md:top-0 -ml-6 -bottom-4"></span>
    
  </div>
  <span class="md:block w-full truncate">files.budda.site</span>
  <h3 class="md:inline-block mt-3 md:mt-0 text-2xl text-gray-600 font-light leading-1.3">
  
    Host
  
  </h3>
  
  <span class="leading-1.3 text-2xl text-red-error">Error</span>
  
</div>
                </div>
            </div>
        </div>

        <div class="w-240 lg:w-full mx-auto mb-8 lg:px-8">
            <div class="clearfix">
                <div class="w-1/2 md:w-full float-left pr-6 md:pb-10 md:pr-0 leading-relaxed">
                    <h2 class="text-3xl font-normal leading-1.3 mb-4">What happened?</h2>
                    <p>The web server reported a bad gateway error.</p>
                </div>
                <div class="w-1/2 md:w-full float-left leading-relaxed">
                    <h2 class="text-3xl font-normal leading-1.3 mb-4">What can I do?</h2>
                    <p class="mb-6">Please try again in a few minutes.</p>
                </div>
            </div>
        </div>

        <div class="cf-error-footer cf-wrapper w-240 lg:w-full py-10 sm:py-4 sm:px-8 mx-auto text-center sm:text-left border-solid border-0 border-t border-gray-300">
    <p class="text-13">
      <span class="cf-footer-item sm:block sm:mb-1">Cloudflare Ray ID: <strong class="font-semibold">9f4613884cbde06a</strong></span>
      <span class="cf-footer-separator sm:hidden">&bull;</span>
      <span id="cf-footer-item-ip" class="cf-footer-item hidden sm:block sm:mb-1">
        Your IP:
        <button type="button" id="cf-footer-ip-reveal" class="cf-footer-ip-reveal-btn">Click to reveal</button>
        <span class="hidden" id="cf-footer-ip">240d:f:1004:3700:558a:fb09:61ce:e4f7</span>
        <span class="cf-footer-separator sm:hidden">&bull;</span>
      </span>
      <span class="cf-footer-item sm:block sm:mb-1"><span>Performance &amp; security by</span> <a rel="noopener noreferrer" href="https://www.cloudflare.com/5xx-error-landing?utm_source=errorcode_502&#38;utm_campaign=files.budda.site" id="brand_link" target="_blank">Cloudflare</a></span>
      
    </p>
    <script>(function(){function d(){var b=a.getElementById("cf-footer-item-ip"),c=a.getElementById("cf-footer-ip-reveal");b&&"classList"in b&&(b.classList.remove("hidden"),c.addEventListener("click",function(){c.classList.add("hidden");a.getElementById("cf-footer-ip").classList.remove("hidden")}))}var a=document;document.addEventListener&&a.addEventListener("DOMContentLoaded",d)})();</script>
  </div><!-- /.error-footer -->

    </div>
</div>
</body>
</html>
20:08:01  [  7/100]  train nll=+3.497(obj=+3.803 bg=+3.346) mse=4.76(obj=5.57/m4.85/95p12.2 bg=4.36/m3.84/95p9.4)  val nll=+3.584(obj=+3.842 bg=+3.458) mse=4.82(obj=5.49/m4.87/95p11.9 bg=4.49/m4.03/95p9.6)  lr=9.99e-04  tot=13.2min
20:09:44  [  8/100]  train nll=+3.449(obj=+3.743 bg=+3.304) mse=4.63(obj=5.38/m4.72/95p11.7 bg=4.26/m3.76/95p9.1)  val nll=+3.437(obj=+3.698 bg=+3.310) mse=4.59(obj=5.24/m4.63/95p11.2 bg=4.27/m3.78/95p9.1)  lr=9.98e-04  tot=14.9min
20:09:44    ↳ saved (val_nll=3.4368)
2026-04-30 20:09:45,685 - clearml.storage - ERROR - Exception encountered while uploading Failed uploading object /e2e_calib/calib/ps_v500_tmpfs_e100.1c3a4680a9dc465e914ddcac8b28ac0d/models/best_model.pt to https://files.budda.site (502): <!DOCTYPE html>
<!--[if lt IE 7]> <html class="no-js ie6 oldie" lang="en-US"> <![endif]-->
<!--[if IE 7]>    <html class="no-js ie7 oldie" lang="en-US"> <![endif]-->
<!--[if IE 8]>    <html class="no-js ie8 oldie" lang="en-US"> <![endif]-->
<!--[if gt IE 8]><!--> <html class="no-js" lang="en-US"> <!--<![endif]-->
<head>

<title>budda.site | 502: Bad gateway</title>
<meta charset="UTF-8" />
<meta http-equiv="Content-Type" content="text/html; charset=UTF-8" />
<meta http-equiv="X-UA-Compatible" content="IE=Edge" />
<meta name="robots" content="noindex, nofollow" />
<meta name="viewport" content="width=device-width,initial-scale=1" />
<link rel="stylesheet" id="cf_styles-css" href="/cdn-cgi/styles/main.css" />
</head>
<body>
<div id="cf-wrapper">
    <div id="cf-error-details" class="p-0">
        <header class="mx-auto pt-10 lg:pt-6 lg:px-8 w-240 lg:w-full mb-8">
            <h1 class="inline-block sm:block sm:mb-2 font-light text-60 lg:text-4xl text-black-dark leading-tight mr-2">
                <span class="inline-block">Bad gateway</span>
                <span class="code-label">Error code 502</span>
            </h1>
            <div>
                Visit <a href="https://www.cloudflare.com/5xx-error-landing?utm_source=errorcode_502&utm_campaign=files.budda.site" target="_blank" rel="noopener noreferrer">cloudflare.com</a> for more information.
            </div>
            <div class="mt-3">2026-04-30 11:09:45 UTC</div>
        </header>
        <div class="my-8 bg-gradient-gray">
            <div class="w-240 lg:w-full mx-auto">
                <div class="clearfix md:px-8">
                    <div id="cf-browser-status" class=" relative w-1/3 md:w-full py-15 md:p-0 md:py-8 md:text-left md:border-solid md:border-0 md:border-b md:border-gray-400 overflow-hidden float-left md:float-none text-center">
  <div class="relative mb-10 md:m-0">
    
    <span class="cf-icon-browser block md:hidden h-20 bg-center bg-no-repeat"></span>
    <span class="cf-icon-ok w-12 h-12 absolute left-1/2 md:left-auto md:right-0 md:top-0 -ml-6 -bottom-4"></span>
    
  </div>
  <span class="md:block w-full truncate">You</span>
  <h3 class="md:inline-block mt-3 md:mt-0 text-2xl text-gray-600 font-light leading-1.3">
  
    Browser
  
  </h3>
  
  <span class="leading-1.3 text-2xl text-green-success">Working</span>
  
</div>
                    <div id="cf-cloudflare-status" class=" relative w-1/3 md:w-full py-15 md:p-0 md:py-8 md:text-left md:border-solid md:border-0 md:border-b md:border-gray-400 overflow-hidden float-left md:float-none text-center">
  <div class="relative mb-10 md:m-0">
    <a href="https://www.cloudflare.com/5xx-error-landing?utm_source=errorcode_502&#38;utm_campaign=files.budda.site" target="_blank" rel="noopener noreferrer">
    <span class="cf-icon-cloud block md:hidden h-20 bg-center bg-no-repeat"></span>
    <span class="cf-icon-ok w-12 h-12 absolute left-1/2 md:left-auto md:right-0 md:top-0 -ml-6 -bottom-4"></span>
    </a>
  </div>
  <span class="md:block w-full truncate">Tokyo</span>
  <h3 class="md:inline-block mt-3 md:mt-0 text-2xl text-gray-600 font-light leading-1.3">
  <a href="https://www.cloudflare.com/5xx-error-landing?utm_source=errorcode_502&utm_campaign=files.budda.site" target="_blank" rel="noopener noreferrer">
    Cloudflare
  </a>
  </h3>
  
  <span class="leading-1.3 text-2xl text-green-success">Working</span>
  
</div>
                    <div id="cf-host-status" class="cf-error-source relative w-1/3 md:w-full py-15 md:p-0 md:py-8 md:text-left md:border-solid md:border-0 md:border-b md:border-gray-400 overflow-hidden float-left md:float-none text-center">
  <div class="relative mb-10 md:m-0">
    
    <span class="cf-icon-server block md:hidden h-20 bg-center bg-no-repeat"></span>
    <span class="cf-icon-error w-12 h-12 absolute left-1/2 md:left-auto md:right-0 md:top-0 -ml-6 -bottom-4"></span>
    
  </div>
  <span class="md:block w-full truncate">files.budda.site</span>
  <h3 class="md:inline-block mt-3 md:mt-0 text-2xl text-gray-600 font-light leading-1.3">
  
    Host
  
  </h3>
  
  <span class="leading-1.3 text-2xl text-red-error">Error</span>
  
</div>
                </div>
            </div>
        </div>

        <div class="w-240 lg:w-full mx-auto mb-8 lg:px-8">
            <div class="clearfix">
                <div class="w-1/2 md:w-full float-left pr-6 md:pb-10 md:pr-0 leading-relaxed">
                    <h2 class="text-3xl font-normal leading-1.3 mb-4">What happened?</h2>
                    <p>The web server reported a bad gateway error.</p>
                </div>
                <div class="w-1/2 md:w-full float-left leading-relaxed">
                    <h2 class="text-3xl font-normal leading-1.3 mb-4">What can I do?</h2>
                    <p class="mb-6">Please try again in a few minutes.</p>
                </div>
            </div>
        </div>

        <div class="cf-error-footer cf-wrapper w-240 lg:w-full py-10 sm:py-4 sm:px-8 mx-auto text-center sm:text-left border-solid border-0 border-t border-gray-300">
    <p class="text-13">
      <span class="cf-footer-item sm:block sm:mb-1">Cloudflare Ray ID: <strong class="font-semibold">9f461897ac76e57d</strong></span>
      <span class="cf-footer-separator sm:hidden">&bull;</span>
      <span id="cf-footer-item-ip" class="cf-footer-item hidden sm:block sm:mb-1">
        Your IP:
        <button type="button" id="cf-footer-ip-reveal" class="cf-footer-ip-reveal-btn">Click to reveal</button>
        <span class="hidden" id="cf-footer-ip">240d:f:1004:3700:558a:fb09:61ce:e4f7</span>
        <span class="cf-footer-separator sm:hidden">&bull;</span>
      </span>
      <span class="cf-footer-item sm:block sm:mb-1"><span>Performance &amp; security by</span> <a rel="noopener noreferrer" href="https://www.cloudflare.com/5xx-error-landing?utm_source=errorcode_502&#38;utm_campaign=files.budda.site" id="brand_link" target="_blank">Cloudflare</a></span>
      
    </p>
    <script>(function(){function d(){var b=a.getElementById("cf-footer-item-ip"),c=a.getElementById("cf-footer-ip-reveal");b&&"classList"in b&&(b.classList.remove("hidden"),c.addEventListener("click",function(){c.classList.add("hidden");a.getElementById("cf-footer-ip").classList.remove("hidden")}))}var a=document;document.addEventListener&&a.addEventListener("DOMContentLoaded",d)})();</script>
  </div><!-- /.error-footer -->

    </div>
</div>
</body>
</html>
20:11:29  [  9/100]  train nll=+3.404(obj=+3.691 bg=+3.263) mse=4.53(obj=5.25/m4.63/95p11.4 bg=4.18/m3.69/95p9.0)  val nll=+3.397(obj=+3.672 bg=+3.260) mse=4.51(obj=5.19/m4.48/95p11.5 bg=4.17/m3.65/95p9.0)  lr=9.96e-04  tot=16.6min
20:11:30    ↳ saved (val_nll=3.3967)
2026-04-30 20:11:30,550 - clearml.storage - ERROR - Exception encountered while uploading Failed uploading object /e2e_calib/calib/ps_v500_tmpfs_e100.1c3a4680a9dc465e914ddcac8b28ac0d/models/best_model.pt to https://files.budda.site (502): <!DOCTYPE html>
<!--[if lt IE 7]> <html class="no-js ie6 oldie" lang="en-US"> <![endif]-->
<!--[if IE 7]>    <html class="no-js ie7 oldie" lang="en-US"> <![endif]-->
<!--[if IE 8]>    <html class="no-js ie8 oldie" lang="en-US"> <![endif]-->
<!--[if gt IE 8]><!--> <html class="no-js" lang="en-US"> <!--<![endif]-->
<head>

<title>budda.site | 502: Bad gateway</title>
<meta charset="UTF-8" />
<meta http-equiv="Content-Type" content="text/html; charset=UTF-8" />
<meta http-equiv="X-UA-Compatible" content="IE=Edge" />
<meta name="robots" content="noindex, nofollow" />
<meta name="viewport" content="width=device-width,initial-scale=1" />
<link rel="stylesheet" id="cf_styles-css" href="/cdn-cgi/styles/main.css" />
</head>
<body>
<div id="cf-wrapper">
    <div id="cf-error-details" class="p-0">
        <header class="mx-auto pt-10 lg:pt-6 lg:px-8 w-240 lg:w-full mb-8">
            <h1 class="inline-block sm:block sm:mb-2 font-light text-60 lg:text-4xl text-black-dark leading-tight mr-2">
                <span class="inline-block">Bad gateway</span>
                <span class="code-label">Error code 502</span>
            </h1>
            <div>
                Visit <a href="https://www.cloudflare.com/5xx-error-landing?utm_source=errorcode_502&utm_campaign=files.budda.site" target="_blank" rel="noopener noreferrer">cloudflare.com</a> for more information.
            </div>
            <div class="mt-3">2026-04-30 11:11:30 UTC</div>
        </header>
        <div class="my-8 bg-gradient-gray">
            <div class="w-240 lg:w-full mx-auto">
                <div class="clearfix md:px-8">
                    <div id="cf-browser-status" class=" relative w-1/3 md:w-full py-15 md:p-0 md:py-8 md:text-left md:border-solid md:border-0 md:border-b md:border-gray-400 overflow-hidden float-left md:float-none text-center">
  <div class="relative mb-10 md:m-0">
    
    <span class="cf-icon-browser block md:hidden h-20 bg-center bg-no-repeat"></span>
    <span class="cf-icon-ok w-12 h-12 absolute left-1/2 md:left-auto md:right-0 md:top-0 -ml-6 -bottom-4"></span>
    
  </div>
  <span class="md:block w-full truncate">You</span>
  <h3 class="md:inline-block mt-3 md:mt-0 text-2xl text-gray-600 font-light leading-1.3">
  
    Browser
  
  </h3>
  
  <span class="leading-1.3 text-2xl text-green-success">Working</span>
  
</div>
                    <div id="cf-cloudflare-status" class=" relative w-1/3 md:w-full py-15 md:p-0 md:py-8 md:text-left md:border-solid md:border-0 md:border-b md:border-gray-400 overflow-hidden float-left md:float-none text-center">
  <div class="relative mb-10 md:m-0">
    <a href="https://www.cloudflare.com/5xx-error-landing?utm_source=errorcode_502&#38;utm_campaign=files.budda.site" target="_blank" rel="noopener noreferrer">
    <span class="cf-icon-cloud block md:hidden h-20 bg-center bg-no-repeat"></span>
    <span class="cf-icon-ok w-12 h-12 absolute left-1/2 md:left-auto md:right-0 md:top-0 -ml-6 -bottom-4"></span>
    </a>
  </div>
  <span class="md:block w-full truncate">Tokyo</span>
  <h3 class="md:inline-block mt-3 md:mt-0 text-2xl text-gray-600 font-light leading-1.3">
  <a href="https://www.cloudflare.com/5xx-error-landing?utm_source=errorcode_502&utm_campaign=files.budda.site" target="_blank" rel="noopener noreferrer">
    Cloudflare
  </a>
  </h3>
  
  <span class="leading-1.3 text-2xl text-green-success">Working</span>
  
</div>
                    <div id="cf-host-status" class="cf-error-source relative w-1/3 md:w-full py-15 md:p-0 md:py-8 md:text-left md:border-solid md:border-0 md:border-b md:border-gray-400 overflow-hidden float-left md:float-none text-center">
  <div class="relative mb-10 md:m-0">
    
    <span class="cf-icon-server block md:hidden h-20 bg-center bg-no-repeat"></span>
    <span class="cf-icon-error w-12 h-12 absolute left-1/2 md:left-auto md:right-0 md:top-0 -ml-6 -bottom-4"></span>
    
  </div>
  <span class="md:block w-full truncate">files.budda.site</span>
  <h3 class="md:inline-block mt-3 md:mt-0 text-2xl text-gray-600 font-light leading-1.3">
  
    Host
  
  </h3>
  
  <span class="leading-1.3 text-2xl text-red-error">Error</span>
  
</div>
                </div>
            </div>
        </div>

        <div class="w-240 lg:w-full mx-auto mb-8 lg:px-8">
            <div class="clearfix">
                <div class="w-1/2 md:w-full float-left pr-6 md:pb-10 md:pr-0 leading-relaxed">
                    <h2 class="text-3xl font-normal leading-1.3 mb-4">What happened?</h2>
                    <p>The web server reported a bad gateway error.</p>
                </div>
                <div class="w-1/2 md:w-full float-left leading-relaxed">
                    <h2 class="text-3xl font-normal leading-1.3 mb-4">What can I do?</h2>
                    <p class="mb-6">Please try again in a few minutes.</p>
                </div>
            </div>
        </div>

        <div class="cf-error-footer cf-wrapper w-240 lg:w-full py-10 sm:py-4 sm:px-8 mx-auto text-center sm:text-left border-solid border-0 border-t border-gray-300">
    <p class="text-13">
      <span class="cf-footer-item sm:block sm:mb-1">Cloudflare Ray ID: <strong class="font-semibold">9f461b271dadd759</strong></span>
      <span class="cf-footer-separator sm:hidden">&bull;</span>
      <span id="cf-footer-item-ip" class="cf-footer-item hidden sm:block sm:mb-1">
        Your IP:
        <button type="button" id="cf-footer-ip-reveal" class="cf-footer-ip-reveal-btn">Click to reveal</button>
        <span class="hidden" id="cf-footer-ip">240d:f:1004:3700:558a:fb09:61ce:e4f7</span>
        <span class="cf-footer-separator sm:hidden">&bull;</span>
      </span>
      <span class="cf-footer-item sm:block sm:mb-1"><span>Performance &amp; security by</span> <a rel="noopener noreferrer" href="https://www.cloudflare.com/5xx-error-landing?utm_source=errorcode_502&#38;utm_campaign=files.budda.site" id="brand_link" target="_blank">Cloudflare</a></span>
      
    </p>
    <script>(function(){function d(){var b=a.getElementById("cf-footer-item-ip"),c=a.getElementById("cf-footer-ip-reveal");b&&"classList"in b&&(b.classList.remove("hidden"),c.addEventListener("click",function(){c.classList.add("hidden");a.getElementById("cf-footer-ip").classList.remove("hidden")}))}var a=document;document.addEventListener&&a.addEventListener("DOMContentLoaded",d)})();</script>
  </div><!-- /.error-footer -->

    </div>
</div>
</body>
</html>
20:13:14  [ 10/100]  train nll=+3.386(obj=+3.669 bg=+3.247) mse=4.50(obj=5.20/m4.56/95p11.3 bg=4.15/m3.66/95p8.9)  val nll=+3.314(obj=+3.593 bg=+3.176) mse=4.34(obj=5.01/m4.34/95p10.9 bg=4.01/m3.55/95p8.5)  lr=9.93e-04  tot=18.4min
20:13:14    ↳ saved (val_nll=3.3141)
2026-04-30 20:13:15,340 - clearml.storage - ERROR - Exception encountered while uploading Failed uploading object /e2e_calib/calib/ps_v500_tmpfs_e100.1c3a4680a9dc465e914ddcac8b28ac0d/models/best_model.pt to https://files.budda.site (502): <!DOCTYPE html>
<!--[if lt IE 7]> <html class="no-js ie6 oldie" lang="en-US"> <![endif]-->
<!--[if IE 7]>    <html class="no-js ie7 oldie" lang="en-US"> <![endif]-->
<!--[if IE 8]>    <html class="no-js ie8 oldie" lang="en-US"> <![endif]-->
<!--[if gt IE 8]><!--> <html class="no-js" lang="en-US"> <!--<![endif]-->
<head>

<title>budda.site | 502: Bad gateway</title>
<meta charset="UTF-8" />
<meta http-equiv="Content-Type" content="text/html; charset=UTF-8" />
<meta http-equiv="X-UA-Compatible" content="IE=Edge" />
<meta name="robots" content="noindex, nofollow" />
<meta name="viewport" content="width=device-width,initial-scale=1" />
<link rel="stylesheet" id="cf_styles-css" href="/cdn-cgi/styles/main.css" />
</head>
<body>
<div id="cf-wrapper">
    <div id="cf-error-details" class="p-0">
        <header class="mx-auto pt-10 lg:pt-6 lg:px-8 w-240 lg:w-full mb-8">
            <h1 class="inline-block sm:block sm:mb-2 font-light text-60 lg:text-4xl text-black-dark leading-tight mr-2">
                <span class="inline-block">Bad gateway</span>
                <span class="code-label">Error code 502</span>
            </h1>
            <div>
                Visit <a href="https://www.cloudflare.com/5xx-error-landing?utm_source=errorcode_502&utm_campaign=files.budda.site" target="_blank" rel="noopener noreferrer">cloudflare.com</a> for more information.
            </div>
            <div class="mt-3">2026-04-30 11:13:15 UTC</div>
        </header>
        <div class="my-8 bg-gradient-gray">
            <div class="w-240 lg:w-full mx-auto">
                <div class="clearfix md:px-8">
                    <div id="cf-browser-status" class=" relative w-1/3 md:w-full py-15 md:p-0 md:py-8 md:text-left md:border-solid md:border-0 md:border-b md:border-gray-400 overflow-hidden float-left md:float-none text-center">
  <div class="relative mb-10 md:m-0">
    
    <span class="cf-icon-browser block md:hidden h-20 bg-center bg-no-repeat"></span>
    <span class="cf-icon-ok w-12 h-12 absolute left-1/2 md:left-auto md:right-0 md:top-0 -ml-6 -bottom-4"></span>
    
  </div>
  <span class="md:block w-full truncate">You</span>
  <h3 class="md:inline-block mt-3 md:mt-0 text-2xl text-gray-600 font-light leading-1.3">
  
    Browser
  
  </h3>
  
  <span class="leading-1.3 text-2xl text-green-success">Working</span>
  
</div>
                    <div id="cf-cloudflare-status" class=" relative w-1/3 md:w-full py-15 md:p-0 md:py-8 md:text-left md:border-solid md:border-0 md:border-b md:border-gray-400 overflow-hidden float-left md:float-none text-center">
  <div class="relative mb-10 md:m-0">
    <a href="https://www.cloudflare.com/5xx-error-landing?utm_source=errorcode_502&#38;utm_campaign=files.budda.site" target="_blank" rel="noopener noreferrer">
    <span class="cf-icon-cloud block md:hidden h-20 bg-center bg-no-repeat"></span>
    <span class="cf-icon-ok w-12 h-12 absolute left-1/2 md:left-auto md:right-0 md:top-0 -ml-6 -bottom-4"></span>
    </a>
  </div>
  <span class="md:block w-full truncate">Tokyo</span>
  <h3 class="md:inline-block mt-3 md:mt-0 text-2xl text-gray-600 font-light leading-1.3">
  <a href="https://www.cloudflare.com/5xx-error-landing?utm_source=errorcode_502&utm_campaign=files.budda.site" target="_blank" rel="noopener noreferrer">
    Cloudflare
  </a>
  </h3>
  
  <span class="leading-1.3 text-2xl text-green-success">Working</span>
  
</div>
                    <div id="cf-host-status" class="cf-error-source relative w-1/3 md:w-full py-15 md:p-0 md:py-8 md:text-left md:border-solid md:border-0 md:border-b md:border-gray-400 overflow-hidden float-left md:float-none text-center">
  <div class="relative mb-10 md:m-0">
    
    <span class="cf-icon-server block md:hidden h-20 bg-center bg-no-repeat"></span>
    <span class="cf-icon-error w-12 h-12 absolute left-1/2 md:left-auto md:right-0 md:top-0 -ml-6 -bottom-4"></span>
    
  </div>
  <span class="md:block w-full truncate">files.budda.site</span>
  <h3 class="md:inline-block mt-3 md:mt-0 text-2xl text-gray-600 font-light leading-1.3">
  
    Host
  
  </h3>
  
  <span class="leading-1.3 text-2xl text-red-error">Error</span>
  
</div>
                </div>
            </div>
        </div>

        <div class="w-240 lg:w-full mx-auto mb-8 lg:px-8">
            <div class="clearfix">
                <div class="w-1/2 md:w-full float-left pr-6 md:pb-10 md:pr-0 leading-relaxed">
                    <h2 class="text-3xl font-normal leading-1.3 mb-4">What happened?</h2>
                    <p>The web server reported a bad gateway error.</p>
                </div>
                <div class="w-1/2 md:w-full float-left leading-relaxed">
                    <h2 class="text-3xl font-normal leading-1.3 mb-4">What can I do?</h2>
                    <p class="mb-6">Please try again in a few minutes.</p>
                </div>
            </div>
        </div>

        <div class="cf-error-footer cf-wrapper w-240 lg:w-full py-10 sm:py-4 sm:px-8 mx-auto text-center sm:text-left border-solid border-0 border-t border-gray-300">
    <p class="text-13">
      <span class="cf-footer-item sm:block sm:mb-1">Cloudflare Ray ID: <strong class="font-semibold">9f461db60f69262c</strong></span>
      <span class="cf-footer-separator sm:hidden">&bull;</span>
      <span id="cf-footer-item-ip" class="cf-footer-item hidden sm:block sm:mb-1">
        Your IP:
        <button type="button" id="cf-footer-ip-reveal" class="cf-footer-ip-reveal-btn">Click to reveal</button>
        <span class="hidden" id="cf-footer-ip">240d:f:1004:3700:558a:fb09:61ce:e4f7</span>
        <span class="cf-footer-separator sm:hidden">&bull;</span>
      </span>
      <span class="cf-footer-item sm:block sm:mb-1"><span>Performance &amp; security by</span> <a rel="noopener noreferrer" href="https://www.cloudflare.com/5xx-error-landing?utm_source=errorcode_502&#38;utm_campaign=files.budda.site" id="brand_link" target="_blank">Cloudflare</a></span>
      
    </p>
    <script>(function(){function d(){var b=a.getElementById("cf-footer-item-ip"),c=a.getElementById("cf-footer-ip-reveal");b&&"classList"in b&&(b.classList.remove("hidden"),c.addEventListener("click",function(){c.classList.add("hidden");a.getElementById("cf-footer-ip").classList.remove("hidden")}))}var a=document;document.addEventListener&&a.addEventListener("DOMContentLoaded",d)})();</script>
  </div><!-- /.error-footer -->

    </div>
</div>
</body>
</html>
20:15:00  [ 11/100]  train nll=+3.352(obj=+3.631 bg=+3.214) mse=4.43(obj=5.10/m4.49/95p11.1 bg=4.09/m3.61/95p8.8)  val nll=+3.403(obj=+3.665 bg=+3.276) mse=4.49(obj=5.17/m4.57/95p11.1 bg=4.15/m3.72/95p8.7)  lr=9.90e-04  tot=20.2min
20:16:46  [ 12/100]  train nll=+3.332(obj=+3.606 bg=+3.197) mse=4.40(obj=5.06/m4.43/95p11.0 bg=4.07/m3.58/95p8.8)  val nll=+3.347(obj=+3.623 bg=+3.211) mse=4.37(obj=5.05/m4.43/95p11.1 bg=4.05/m3.56/95p8.7)  lr=9.87e-04  tot=21.9min
20:18:28  [ 13/100]  train nll=+3.299(obj=+3.573 bg=+3.164) mse=4.33(obj=4.99/m4.37/95p10.9 bg=4.01/m3.54/95p8.6)  val nll=+3.228(obj=+3.502 bg=+3.092) mse=4.22(obj=4.86/m4.22/95p10.4 bg=3.91/m3.40/95p8.6)  lr=9.83e-04  tot=23.6min
20:18:29    ↳ saved (val_nll=3.2282)
2026-04-30 20:18:29,957 - clearml.storage - ERROR - Exception encountered while uploading Failed uploading object /e2e_calib/calib/ps_v500_tmpfs_e100.1c3a4680a9dc465e914ddcac8b28ac0d/models/best_model.pt to https://files.budda.site (502): <!DOCTYPE html>
<!--[if lt IE 7]> <html class="no-js ie6 oldie" lang="en-US"> <![endif]-->
<!--[if IE 7]>    <html class="no-js ie7 oldie" lang="en-US"> <![endif]-->
<!--[if IE 8]>    <html class="no-js ie8 oldie" lang="en-US"> <![endif]-->
<!--[if gt IE 8]><!--> <html class="no-js" lang="en-US"> <!--<![endif]-->
<head>

<title>budda.site | 502: Bad gateway</title>
<meta charset="UTF-8" />
<meta http-equiv="Content-Type" content="text/html; charset=UTF-8" />
<meta http-equiv="X-UA-Compatible" content="IE=Edge" />
<meta name="robots" content="noindex, nofollow" />
<meta name="viewport" content="width=device-width,initial-scale=1" />
<link rel="stylesheet" id="cf_styles-css" href="/cdn-cgi/styles/main.css" />
</head>
<body>
<div id="cf-wrapper">
    <div id="cf-error-details" class="p-0">
        <header class="mx-auto pt-10 lg:pt-6 lg:px-8 w-240 lg:w-full mb-8">
            <h1 class="inline-block sm:block sm:mb-2 font-light text-60 lg:text-4xl text-black-dark leading-tight mr-2">
                <span class="inline-block">Bad gateway</span>
                <span class="code-label">Error code 502</span>
            </h1>
            <div>
                Visit <a href="https://www.cloudflare.com/5xx-error-landing?utm_source=errorcode_502&utm_campaign=files.budda.site" target="_blank" rel="noopener noreferrer">cloudflare.com</a> for more information.
            </div>
            <div class="mt-3">2026-04-30 11:18:29 UTC</div>
        </header>
        <div class="my-8 bg-gradient-gray">
            <div class="w-240 lg:w-full mx-auto">
                <div class="clearfix md:px-8">
                    <div id="cf-browser-status" class=" relative w-1/3 md:w-full py-15 md:p-0 md:py-8 md:text-left md:border-solid md:border-0 md:border-b md:border-gray-400 overflow-hidden float-left md:float-none text-center">
  <div class="relative mb-10 md:m-0">
    
    <span class="cf-icon-browser block md:hidden h-20 bg-center bg-no-repeat"></span>
    <span class="cf-icon-ok w-12 h-12 absolute left-1/2 md:left-auto md:right-0 md:top-0 -ml-6 -bottom-4"></span>
    
  </div>
  <span class="md:block w-full truncate">You</span>
  <h3 class="md:inline-block mt-3 md:mt-0 text-2xl text-gray-600 font-light leading-1.3">
  
    Browser
  
  </h3>
  
  <span class="leading-1.3 text-2xl text-green-success">Working</span>
  
</div>
                    <div id="cf-cloudflare-status" class=" relative w-1/3 md:w-full py-15 md:p-0 md:py-8 md:text-left md:border-solid md:border-0 md:border-b md:border-gray-400 overflow-hidden float-left md:float-none text-center">
  <div class="relative mb-10 md:m-0">
    <a href="https://www.cloudflare.com/5xx-error-landing?utm_source=errorcode_502&#38;utm_campaign=files.budda.site" target="_blank" rel="noopener noreferrer">
    <span class="cf-icon-cloud block md:hidden h-20 bg-center bg-no-repeat"></span>
    <span class="cf-icon-ok w-12 h-12 absolute left-1/2 md:left-auto md:right-0 md:top-0 -ml-6 -bottom-4"></span>
    </a>
  </div>
  <span class="md:block w-full truncate">Tokyo</span>
  <h3 class="md:inline-block mt-3 md:mt-0 text-2xl text-gray-600 font-light leading-1.3">
  <a href="https://www.cloudflare.com/5xx-error-landing?utm_source=errorcode_502&utm_campaign=files.budda.site" target="_blank" rel="noopener noreferrer">
    Cloudflare
  </a>
  </h3>
  
  <span class="leading-1.3 text-2xl text-green-success">Working</span>
  
</div>
                    <div id="cf-host-status" class="cf-error-source relative w-1/3 md:w-full py-15 md:p-0 md:py-8 md:text-left md:border-solid md:border-0 md:border-b md:border-gray-400 overflow-hidden float-left md:float-none text-center">
  <div class="relative mb-10 md:m-0">
    
    <span class="cf-icon-server block md:hidden h-20 bg-center bg-no-repeat"></span>
    <span class="cf-icon-error w-12 h-12 absolute left-1/2 md:left-auto md:right-0 md:top-0 -ml-6 -bottom-4"></span>
    
  </div>
  <span class="md:block w-full truncate">files.budda.site</span>
  <h3 class="md:inline-block mt-3 md:mt-0 text-2xl text-gray-600 font-light leading-1.3">
  
    Host
  
  </h3>
  
  <span class="leading-1.3 text-2xl text-red-error">Error</span>
  
</div>
                </div>
            </div>
        </div>

        <div class="w-240 lg:w-full mx-auto mb-8 lg:px-8">
            <div class="clearfix">
                <div class="w-1/2 md:w-full float-left pr-6 md:pb-10 md:pr-0 leading-relaxed">
                    <h2 class="text-3xl font-normal leading-1.3 mb-4">What happened?</h2>
                    <p>The web server reported a bad gateway error.</p>
                </div>
                <div class="w-1/2 md:w-full float-left leading-relaxed">
                    <h2 class="text-3xl font-normal leading-1.3 mb-4">What can I do?</h2>
                    <p class="mb-6">Please try again in a few minutes.</p>
                </div>
            </div>
        </div>

        <div class="cf-error-footer cf-wrapper w-240 lg:w-full py-10 sm:py-4 sm:px-8 mx-auto text-center sm:text-left border-solid border-0 border-t border-gray-300">
    <p class="text-13">
      <span class="cf-footer-item sm:block sm:mb-1">Cloudflare Ray ID: <strong class="font-semibold">9f462564ab4de37a</strong></span>
      <span class="cf-footer-separator sm:hidden">&bull;</span>
      <span id="cf-footer-item-ip" class="cf-footer-item hidden sm:block sm:mb-1">
        Your IP:
        <button type="button" id="cf-footer-ip-reveal" class="cf-footer-ip-reveal-btn">Click to reveal</button>
        <span class="hidden" id="cf-footer-ip">240d:f:1004:3700:558a:fb09:61ce:e4f7</span>
        <span class="cf-footer-separator sm:hidden">&bull;</span>
      </span>
      <span class="cf-footer-item sm:block sm:mb-1"><span>Performance &amp; security by</span> <a rel="noopener noreferrer" href="https://www.cloudflare.com/5xx-error-landing?utm_source=errorcode_502&#38;utm_campaign=files.budda.site" id="brand_link" target="_blank">Cloudflare</a></span>
      
    </p>
    <script>(function(){function d(){var b=a.getElementById("cf-footer-item-ip"),c=a.getElementById("cf-footer-ip-reveal");b&&"classList"in b&&(b.classList.remove("hidden"),c.addEventListener("click",function(){c.classList.add("hidden");a.getElementById("cf-footer-ip").classList.remove("hidden")}))}var a=document;document.addEventListener&&a.addEventListener("DOMContentLoaded",d)})();</script>
  </div><!-- /.error-footer -->

    </div>
</div>
</body>
</html>
20:20:11  [ 14/100]  train nll=+3.278(obj=+3.543 bg=+3.148) mse=4.30(obj=4.92/m4.31/95p10.7 bg=3.99/m3.51/95p8.6)  val nll=+3.226(obj=+3.524 bg=+3.079) mse=4.27(obj=4.97/m4.32/95p10.9 bg=3.93/m3.46/95p8.4)  lr=9.78e-04  tot=25.4min
20:20:12    ↳ saved (val_nll=3.2262)
2026-04-30 20:20:13,139 - clearml.storage - ERROR - Exception encountered while uploading Failed uploading object /e2e_calib/calib/ps_v500_tmpfs_e100.1c3a4680a9dc465e914ddcac8b28ac0d/models/best_model.pt to https://files.budda.site (502): <!DOCTYPE html>
<!--[if lt IE 7]> <html class="no-js ie6 oldie" lang="en-US"> <![endif]-->
<!--[if IE 7]>    <html class="no-js ie7 oldie" lang="en-US"> <![endif]-->
<!--[if IE 8]>    <html class="no-js ie8 oldie" lang="en-US"> <![endif]-->
<!--[if gt IE 8]><!--> <html class="no-js" lang="en-US"> <!--<![endif]-->
<head>

<title>budda.site | 502: Bad gateway</title>
<meta charset="UTF-8" />
<meta http-equiv="Content-Type" content="text/html; charset=UTF-8" />
<meta http-equiv="X-UA-Compatible" content="IE=Edge" />
<meta name="robots" content="noindex, nofollow" />
<meta name="viewport" content="width=device-width,initial-scale=1" />
<link rel="stylesheet" id="cf_styles-css" href="/cdn-cgi/styles/main.css" />
</head>
<body>
<div id="cf-wrapper">
    <div id="cf-error-details" class="p-0">
        <header class="mx-auto pt-10 lg:pt-6 lg:px-8 w-240 lg:w-full mb-8">
            <h1 class="inline-block sm:block sm:mb-2 font-light text-60 lg:text-4xl text-black-dark leading-tight mr-2">
                <span class="inline-block">Bad gateway</span>
                <span class="code-label">Error code 502</span>
            </h1>
            <div>
                Visit <a href="https://www.cloudflare.com/5xx-error-landing?utm_source=errorcode_502&utm_campaign=files.budda.site" target="_blank" rel="noopener noreferrer">cloudflare.com</a> for more information.
            </div>
            <div class="mt-3">2026-04-30 11:20:13 UTC</div>
        </header>
        <div class="my-8 bg-gradient-gray">
            <div class="w-240 lg:w-full mx-auto">
                <div class="clearfix md:px-8">
                    <div id="cf-browser-status" class=" relative w-1/3 md:w-full py-15 md:p-0 md:py-8 md:text-left md:border-solid md:border-0 md:border-b md:border-gray-400 overflow-hidden float-left md:float-none text-center">
  <div class="relative mb-10 md:m-0">
    
    <span class="cf-icon-browser block md:hidden h-20 bg-center bg-no-repeat"></span>
    <span class="cf-icon-ok w-12 h-12 absolute left-1/2 md:left-auto md:right-0 md:top-0 -ml-6 -bottom-4"></span>
    
  </div>
  <span class="md:block w-full truncate">You</span>
  <h3 class="md:inline-block mt-3 md:mt-0 text-2xl text-gray-600 font-light leading-1.3">
  
    Browser
  
  </h3>
  
  <span class="leading-1.3 text-2xl text-green-success">Working</span>
  
</div>
                    <div id="cf-cloudflare-status" class=" relative w-1/3 md:w-full py-15 md:p-0 md:py-8 md:text-left md:border-solid md:border-0 md:border-b md:border-gray-400 overflow-hidden float-left md:float-none text-center">
  <div class="relative mb-10 md:m-0">
    <a href="https://www.cloudflare.com/5xx-error-landing?utm_source=errorcode_502&#38;utm_campaign=files.budda.site" target="_blank" rel="noopener noreferrer">
    <span class="cf-icon-cloud block md:hidden h-20 bg-center bg-no-repeat"></span>
    <span class="cf-icon-ok w-12 h-12 absolute left-1/2 md:left-auto md:right-0 md:top-0 -ml-6 -bottom-4"></span>
    </a>
  </div>
  <span class="md:block w-full truncate">Tokyo</span>
  <h3 class="md:inline-block mt-3 md:mt-0 text-2xl text-gray-600 font-light leading-1.3">
  <a href="https://www.cloudflare.com/5xx-error-landing?utm_source=errorcode_502&utm_campaign=files.budda.site" target="_blank" rel="noopener noreferrer">
    Cloudflare
  </a>
  </h3>
  
  <span class="leading-1.3 text-2xl text-green-success">Working</span>
  
</div>
                    <div id="cf-host-status" class="cf-error-source relative w-1/3 md:w-full py-15 md:p-0 md:py-8 md:text-left md:border-solid md:border-0 md:border-b md:border-gray-400 overflow-hidden float-left md:float-none text-center">
  <div class="relative mb-10 md:m-0">
    
    <span class="cf-icon-server block md:hidden h-20 bg-center bg-no-repeat"></span>
    <span class="cf-icon-error w-12 h-12 absolute left-1/2 md:left-auto md:right-0 md:top-0 -ml-6 -bottom-4"></span>
    
  </div>
  <span class="md:block w-full truncate">files.budda.site</span>
  <h3 class="md:inline-block mt-3 md:mt-0 text-2xl text-gray-600 font-light leading-1.3">
  
    Host
  
  </h3>
  
  <span class="leading-1.3 text-2xl text-red-error">Error</span>
  
</div>
                </div>
            </div>
        </div>

        <div class="w-240 lg:w-full mx-auto mb-8 lg:px-8">
            <div class="clearfix">
                <div class="w-1/2 md:w-full float-left pr-6 md:pb-10 md:pr-0 leading-relaxed">
                    <h2 class="text-3xl font-normal leading-1.3 mb-4">What happened?</h2>
                    <p>The web server reported a bad gateway error.</p>
                </div>
                <div class="w-1/2 md:w-full float-left leading-relaxed">
                    <h2 class="text-3xl font-normal leading-1.3 mb-4">What can I do?</h2>
                    <p class="mb-6">Please try again in a few minutes.</p>
                </div>
            </div>
        </div>

        <div class="cf-error-footer cf-wrapper w-240 lg:w-full py-10 sm:py-4 sm:px-8 mx-auto text-center sm:text-left border-solid border-0 border-t border-gray-300">
    <p class="text-13">
      <span class="cf-footer-item sm:block sm:mb-1">Cloudflare Ray ID: <strong class="font-semibold">9f4627e95c5a8b8f</strong></span>
      <span class="cf-footer-separator sm:hidden">&bull;</span>
      <span id="cf-footer-item-ip" class="cf-footer-item hidden sm:block sm:mb-1">
        Your IP:
        <button type="button" id="cf-footer-ip-reveal" class="cf-footer-ip-reveal-btn">Click to reveal</button>
        <span class="hidden" id="cf-footer-ip">240d:f:1004:3700:558a:fb09:61ce:e4f7</span>
        <span class="cf-footer-separator sm:hidden">&bull;</span>
      </span>
      <span class="cf-footer-item sm:block sm:mb-1"><span>Performance &amp; security by</span> <a rel="noopener noreferrer" href="https://www.cloudflare.com/5xx-error-landing?utm_source=errorcode_502&#38;utm_campaign=files.budda.site" id="brand_link" target="_blank">Cloudflare</a></span>
      
    </p>
    <script>(function(){function d(){var b=a.getElementById("cf-footer-item-ip"),c=a.getElementById("cf-footer-ip-reveal");b&&"classList"in b&&(b.classList.remove("hidden"),c.addEventListener("click",function(){c.classList.add("hidden");a.getElementById("cf-footer-ip").classList.remove("hidden")}))}var a=document;document.addEventListener&&a.addEventListener("DOMContentLoaded",d)})();</script>
  </div><!-- /.error-footer -->

    </div>
</div>
</body>
</html>
20:21:57  [ 15/100]  train nll=+3.269(obj=+3.537 bg=+3.137) mse=4.28(obj=4.91/m4.30/95p10.8 bg=3.97/m3.48/95p8.6)  val nll=+3.297(obj=+3.593 bg=+3.150) mse=4.35(obj=5.07/m4.39/95p11.6 bg=4.00/m3.49/95p8.8)  lr=9.73e-04  tot=27.1min
20:23:44  [ 16/100]  train nll=+3.245(obj=+3.505 bg=+3.117) mse=4.24(obj=4.85/m4.25/95p10.6 bg=3.95/m3.47/95p8.5)  val nll=+3.184(obj=+3.441 bg=+3.060) mse=4.15(obj=4.77/m4.19/95p10.5 bg=3.85/m3.39/95p8.2)  lr=9.67e-04  tot=28.9min
20:23:45    ↳ saved (val_nll=3.1843)
2026-04-30 20:23:46,191 - clearml.storage - ERROR - Exception encountered while uploading Failed uploading object /e2e_calib/calib/ps_v500_tmpfs_e100.1c3a4680a9dc465e914ddcac8b28ac0d/models/best_model.pt to https://files.budda.site (502): <html>
<head><title>502 Bad Gateway</title></head>
<body>
<center><h1>502 Bad Gateway</h1></center>
<hr><center>cloudflare</center>
</body>
</html>

20:25:27  [ 17/100]  train nll=+3.224(obj=+3.478 bg=+3.101) mse=4.20(obj=4.79/m4.20/95p10.4 bg=3.91/m3.43/95p8.5)  val nll=+3.219(obj=+3.481 bg=+3.090) mse=4.18(obj=4.76/m4.14/95p10.5 bg=3.90/m3.40/95p8.5)  lr=9.61e-04  tot=30.6min
20:27:13  [ 18/100]  train nll=+3.208(obj=+3.468 bg=+3.081) mse=4.19(obj=4.78/m4.19/95p10.5 bg=3.89/m3.42/95p8.4)  val nll=+3.322(obj=+3.609 bg=+3.181) mse=4.34(obj=5.00/m4.21/95p11.6 bg=4.01/m3.47/95p8.9)  lr=9.55e-04  tot=32.4min
20:28:55  [ 19/100]  train nll=+3.192(obj=+3.443 bg=+3.069) mse=4.15(obj=4.73/m4.12/95p10.4 bg=3.87/m3.39/95p8.4)  val nll=+3.187(obj=+3.408 bg=+3.079) mse=4.14(obj=4.61/m4.06/95p9.9 bg=3.90/m3.40/95p8.5)  lr=9.47e-04  tot=34.1min
20:30:42  [ 20/100]  train nll=+3.164(obj=+3.415 bg=+3.040) mse=4.11(obj=4.68/m4.08/95p10.3 bg=3.83/m3.34/95p8.3)  val nll=+3.093(obj=+3.341 bg=+2.971) mse=3.99(obj=4.48/m3.91/95p9.9 bg=3.73/m3.24/95p8.3)  lr=9.40e-04  tot=35.9min
20:30:42    ↳ saved (val_nll=3.0931)
2026-04-30 20:30:43,961 - clearml.storage - ERROR - Exception encountered while uploading Failed uploading object /e2e_calib/calib/ps_v500_tmpfs_e100.1c3a4680a9dc465e914ddcac8b28ac0d/models/best_model.pt to https://files.budda.site (502): <!DOCTYPE html>
<!--[if lt IE 7]> <html class="no-js ie6 oldie" lang="en-US"> <![endif]-->
<!--[if IE 7]>    <html class="no-js ie7 oldie" lang="en-US"> <![endif]-->
<!--[if IE 8]>    <html class="no-js ie8 oldie" lang="en-US"> <![endif]-->
<!--[if gt IE 8]><!--> <html class="no-js" lang="en-US"> <!--<![endif]-->
<head>

<title>budda.site | 502: Bad gateway</title>
<meta charset="UTF-8" />
<meta http-equiv="Content-Type" content="text/html; charset=UTF-8" />
<meta http-equiv="X-UA-Compatible" content="IE=Edge" />
<meta name="robots" content="noindex, nofollow" />
<meta name="viewport" content="width=device-width,initial-scale=1" />
<link rel="stylesheet" id="cf_styles-css" href="/cdn-cgi/styles/main.css" />
</head>
<body>
<div id="cf-wrapper">
    <div id="cf-error-details" class="p-0">
        <header class="mx-auto pt-10 lg:pt-6 lg:px-8 w-240 lg:w-full mb-8">
            <h1 class="inline-block sm:block sm:mb-2 font-light text-60 lg:text-4xl text-black-dark leading-tight mr-2">
                <span class="inline-block">Bad gateway</span>
                <span class="code-label">Error code 502</span>
            </h1>
            <div>
                Visit <a href="https://www.cloudflare.com/5xx-error-landing?utm_source=errorcode_502&utm_campaign=files.budda.site" target="_blank" rel="noopener noreferrer">cloudflare.com</a> for more information.
            </div>
            <div class="mt-3">2026-04-30 11:30:43 UTC</div>
        </header>
        <div class="my-8 bg-gradient-gray">
            <div class="w-240 lg:w-full mx-auto">
                <div class="clearfix md:px-8">
                    <div id="cf-browser-status" class=" relative w-1/3 md:w-full py-15 md:p-0 md:py-8 md:text-left md:border-solid md:border-0 md:border-b md:border-gray-400 overflow-hidden float-left md:float-none text-center">
  <div class="relative mb-10 md:m-0">
    
    <span class="cf-icon-browser block md:hidden h-20 bg-center bg-no-repeat"></span>
    <span class="cf-icon-ok w-12 h-12 absolute left-1/2 md:left-auto md:right-0 md:top-0 -ml-6 -bottom-4"></span>
    
  </div>
  <span class="md:block w-full truncate">You</span>
  <h3 class="md:inline-block mt-3 md:mt-0 text-2xl text-gray-600 font-light leading-1.3">
  
    Browser
  
  </h3>
  
  <span class="leading-1.3 text-2xl text-green-success">Working</span>
  
</div>
                    <div id="cf-cloudflare-status" class=" relative w-1/3 md:w-full py-15 md:p-0 md:py-8 md:text-left md:border-solid md:border-0 md:border-b md:border-gray-400 overflow-hidden float-left md:float-none text-center">
  <div class="relative mb-10 md:m-0">
    <a href="https://www.cloudflare.com/5xx-error-landing?utm_source=errorcode_502&#38;utm_campaign=files.budda.site" target="_blank" rel="noopener noreferrer">
    <span class="cf-icon-cloud block md:hidden h-20 bg-center bg-no-repeat"></span>
    <span class="cf-icon-ok w-12 h-12 absolute left-1/2 md:left-auto md:right-0 md:top-0 -ml-6 -bottom-4"></span>
    </a>
  </div>
  <span class="md:block w-full truncate">Tokyo</span>
  <h3 class="md:inline-block mt-3 md:mt-0 text-2xl text-gray-600 font-light leading-1.3">
  <a href="https://www.cloudflare.com/5xx-error-landing?utm_source=errorcode_502&utm_campaign=files.budda.site" target="_blank" rel="noopener noreferrer">
    Cloudflare
  </a>
  </h3>
  
  <span class="leading-1.3 text-2xl text-green-success">Working</span>
  
</div>
                    <div id="cf-host-status" class="cf-error-source relative w-1/3 md:w-full py-15 md:p-0 md:py-8 md:text-left md:border-solid md:border-0 md:border-b md:border-gray-400 overflow-hidden float-left md:float-none text-center">
  <div class="relative mb-10 md:m-0">
    
    <span class="cf-icon-server block md:hidden h-20 bg-center bg-no-repeat"></span>
    <span class="cf-icon-error w-12 h-12 absolute left-1/2 md:left-auto md:right-0 md:top-0 -ml-6 -bottom-4"></span>
    
  </div>
  <span class="md:block w-full truncate">files.budda.site</span>
  <h3 class="md:inline-block mt-3 md:mt-0 text-2xl text-gray-600 font-light leading-1.3">
  
    Host
  
  </h3>
  
  <span class="leading-1.3 text-2xl text-red-error">Error</span>
  
</div>
                </div>
            </div>
        </div>

        <div class="w-240 lg:w-full mx-auto mb-8 lg:px-8">
            <div class="clearfix">
                <div class="w-1/2 md:w-full float-left pr-6 md:pb-10 md:pr-0 leading-relaxed">
                    <h2 class="text-3xl font-normal leading-1.3 mb-4">What happened?</h2>
                    <p>The web server reported a bad gateway error.</p>
                </div>
                <div class="w-1/2 md:w-full float-left leading-relaxed">
                    <h2 class="text-3xl font-normal leading-1.3 mb-4">What can I do?</h2>
                    <p class="mb-6">Please try again in a few minutes.</p>
                </div>
            </div>
        </div>

        <div class="cf-error-footer cf-wrapper w-240 lg:w-full py-10 sm:py-4 sm:px-8 mx-auto text-center sm:text-left border-solid border-0 border-t border-gray-300">
    <p class="text-13">
      <span class="cf-footer-item sm:block sm:mb-1">Cloudflare Ray ID: <strong class="font-semibold">9f46374ffaf5fdd7</strong></span>
      <span class="cf-footer-separator sm:hidden">&bull;</span>
      <span id="cf-footer-item-ip" class="cf-footer-item hidden sm:block sm:mb-1">
        Your IP:
        <button type="button" id="cf-footer-ip-reveal" class="cf-footer-ip-reveal-btn">Click to reveal</button>
        <span class="hidden" id="cf-footer-ip">240d:f:1004:3700:558a:fb09:61ce:e4f7</span>
        <span class="cf-footer-separator sm:hidden">&bull;</span>
      </span>
      <span class="cf-footer-item sm:block sm:mb-1"><span>Performance &amp; security by</span> <a rel="noopener noreferrer" href="https://www.cloudflare.com/5xx-error-landing?utm_source=errorcode_502&#38;utm_campaign=files.budda.site" id="brand_link" target="_blank">Cloudflare</a></span>
      
    </p>
    <script>(function(){function d(){var b=a.getElementById("cf-footer-item-ip"),c=a.getElementById("cf-footer-ip-reveal");b&&"classList"in b&&(b.classList.remove("hidden"),c.addEventListener("click",function(){c.classList.add("hidden");a.getElementById("cf-footer-ip").classList.remove("hidden")}))}var a=document;document.addEventListener&&a.addEventListener("DOMContentLoaded",d)})();</script>
  </div><!-- /.error-footer -->

    </div>
</div>
</body>
</html>
20:32:26  [ 21/100]  train nll=+3.164(obj=+3.413 bg=+3.042) mse=4.11(obj=4.67/m4.09/95p10.2 bg=3.83/m3.37/95p8.3)  val nll=+3.153(obj=+3.390 bg=+3.036) mse=4.08(obj=4.64/m4.00/95p10.4 bg=3.81/m3.32/95p8.4)  lr=9.32e-04  tot=37.6min
20:34:07  [ 22/100]  train nll=+3.144(obj=+3.393 bg=+3.022) mse=4.07(obj=4.64/m4.04/95p10.2 bg=3.80/m3.33/95p8.3)  val nll=+3.124(obj=+3.380 bg=+2.997) mse=4.07(obj=4.64/m4.07/95p10.2 bg=3.78/m3.31/95p8.2)  lr=9.23e-04  tot=39.3min
20:35:50  [ 23/100]  train nll=+3.133(obj=+3.383 bg=+3.009) mse=4.05(obj=4.62/m4.03/95p10.1 bg=3.77/m3.30/95p8.2)  val nll=+3.154(obj=+3.444 bg=+3.011) mse=4.09(obj=4.73/m3.99/95p10.9 bg=3.78/m3.28/95p8.4)  lr=9.14e-04  tot=41.0min
20:37:37  [ 24/100]  train nll=+3.120(obj=+3.365 bg=+2.999) mse=4.04(obj=4.59/m3.99/95p10.1 bg=3.77/m3.29/95p8.2)  val nll=+3.064(obj=+3.308 bg=+2.945) mse=3.96(obj=4.47/m3.87/95p9.9 bg=3.71/m3.24/95p8.2)  lr=9.05e-04  tot=42.8min
20:37:38    ↳ saved (val_nll=3.0635)
2026-04-30 20:37:39,068 - clearml.storage - ERROR - Exception encountered while uploading Failed uploading object /e2e_calib/calib/ps_v500_tmpfs_e100.1c3a4680a9dc465e914ddcac8b28ac0d/models/best_model.pt to https://files.budda.site (502): <!DOCTYPE html>
<!--[if lt IE 7]> <html class="no-js ie6 oldie" lang="en-US"> <![endif]-->
<!--[if IE 7]>    <html class="no-js ie7 oldie" lang="en-US"> <![endif]-->
<!--[if IE 8]>    <html class="no-js ie8 oldie" lang="en-US"> <![endif]-->
<!--[if gt IE 8]><!--> <html class="no-js" lang="en-US"> <!--<![endif]-->
<head>

<title>budda.site | 502: Bad gateway</title>
<meta charset="UTF-8" />
<meta http-equiv="Content-Type" content="text/html; charset=UTF-8" />
<meta http-equiv="X-UA-Compatible" content="IE=Edge" />
<meta name="robots" content="noindex, nofollow" />
<meta name="viewport" content="width=device-width,initial-scale=1" />
<link rel="stylesheet" id="cf_styles-css" href="/cdn-cgi/styles/main.css" />
</head>
<body>
<div id="cf-wrapper">
    <div id="cf-error-details" class="p-0">
        <header class="mx-auto pt-10 lg:pt-6 lg:px-8 w-240 lg:w-full mb-8">
            <h1 class="inline-block sm:block sm:mb-2 font-light text-60 lg:text-4xl text-black-dark leading-tight mr-2">
                <span class="inline-block">Bad gateway</span>
                <span class="code-label">Error code 502</span>
            </h1>
            <div>
                Visit <a href="https://www.cloudflare.com/5xx-error-landing?utm_source=errorcode_502&utm_campaign=files.budda.site" target="_blank" rel="noopener noreferrer">cloudflare.com</a> for more information.
            </div>
            <div class="mt-3">2026-04-30 11:37:39 UTC</div>
        </header>
        <div class="my-8 bg-gradient-gray">
            <div class="w-240 lg:w-full mx-auto">
                <div class="clearfix md:px-8">
                    <div id="cf-browser-status" class=" relative w-1/3 md:w-full py-15 md:p-0 md:py-8 md:text-left md:border-solid md:border-0 md:border-b md:border-gray-400 overflow-hidden float-left md:float-none text-center">
  <div class="relative mb-10 md:m-0">
    
    <span class="cf-icon-browser block md:hidden h-20 bg-center bg-no-repeat"></span>
    <span class="cf-icon-ok w-12 h-12 absolute left-1/2 md:left-auto md:right-0 md:top-0 -ml-6 -bottom-4"></span>
    
  </div>
  <span class="md:block w-full truncate">You</span>
  <h3 class="md:inline-block mt-3 md:mt-0 text-2xl text-gray-600 font-light leading-1.3">
  
    Browser
  
  </h3>
  
  <span class="leading-1.3 text-2xl text-green-success">Working</span>
  
</div>
                    <div id="cf-cloudflare-status" class=" relative w-1/3 md:w-full py-15 md:p-0 md:py-8 md:text-left md:border-solid md:border-0 md:border-b md:border-gray-400 overflow-hidden float-left md:float-none text-center">
  <div class="relative mb-10 md:m-0">
    <a href="https://www.cloudflare.com/5xx-error-landing?utm_source=errorcode_502&#38;utm_campaign=files.budda.site" target="_blank" rel="noopener noreferrer">
    <span class="cf-icon-cloud block md:hidden h-20 bg-center bg-no-repeat"></span>
    <span class="cf-icon-ok w-12 h-12 absolute left-1/2 md:left-auto md:right-0 md:top-0 -ml-6 -bottom-4"></span>
    </a>
  </div>
  <span class="md:block w-full truncate">Tokyo</span>
  <h3 class="md:inline-block mt-3 md:mt-0 text-2xl text-gray-600 font-light leading-1.3">
  <a href="https://www.cloudflare.com/5xx-error-landing?utm_source=errorcode_502&utm_campaign=files.budda.site" target="_blank" rel="noopener noreferrer">
    Cloudflare
  </a>
  </h3>
  
  <span class="leading-1.3 text-2xl text-green-success">Working</span>
  
</div>
                    <div id="cf-host-status" class="cf-error-source relative w-1/3 md:w-full py-15 md:p-0 md:py-8 md:text-left md:border-solid md:border-0 md:border-b md:border-gray-400 overflow-hidden float-left md:float-none text-center">
  <div class="relative mb-10 md:m-0">
    
    <span class="cf-icon-server block md:hidden h-20 bg-center bg-no-repeat"></span>
    <span class="cf-icon-error w-12 h-12 absolute left-1/2 md:left-auto md:right-0 md:top-0 -ml-6 -bottom-4"></span>
    
  </div>
  <span class="md:block w-full truncate">files.budda.site</span>
  <h3 class="md:inline-block mt-3 md:mt-0 text-2xl text-gray-600 font-light leading-1.3">
  
    Host
  
  </h3>
  
  <span class="leading-1.3 text-2xl text-red-error">Error</span>
  
</div>
                </div>
            </div>
        </div>

        <div class="w-240 lg:w-full mx-auto mb-8 lg:px-8">
            <div class="clearfix">
                <div class="w-1/2 md:w-full float-left pr-6 md:pb-10 md:pr-0 leading-relaxed">
                    <h2 class="text-3xl font-normal leading-1.3 mb-4">What happened?</h2>
                    <p>The web server reported a bad gateway error.</p>
                </div>
                <div class="w-1/2 md:w-full float-left leading-relaxed">
                    <h2 class="text-3xl font-normal leading-1.3 mb-4">What can I do?</h2>
                    <p class="mb-6">Please try again in a few minutes.</p>
                </div>
            </div>
        </div>

        <div class="cf-error-footer cf-wrapper w-240 lg:w-full py-10 sm:py-4 sm:px-8 mx-auto text-center sm:text-left border-solid border-0 border-t border-gray-300">
    <p class="text-13">
      <span class="cf-footer-item sm:block sm:mb-1">Cloudflare Ray ID: <strong class="font-semibold">9f46417298fbd805</strong></span>
      <span class="cf-footer-separator sm:hidden">&bull;</span>
      <span id="cf-footer-item-ip" class="cf-footer-item hidden sm:block sm:mb-1">
        Your IP:
        <button type="button" id="cf-footer-ip-reveal" class="cf-footer-ip-reveal-btn">Click to reveal</button>
        <span class="hidden" id="cf-footer-ip">240d:f:1004:3700:558a:fb09:61ce:e4f7</span>
        <span class="cf-footer-separator sm:hidden">&bull;</span>
      </span>
      <span class="cf-footer-item sm:block sm:mb-1"><span>Performance &amp; security by</span> <a rel="noopener noreferrer" href="https://www.cloudflare.com/5xx-error-landing?utm_source=errorcode_502&#38;utm_campaign=files.budda.site" id="brand_link" target="_blank">Cloudflare</a></span>
      
    </p>
    <script>(function(){function d(){var b=a.getElementById("cf-footer-item-ip"),c=a.getElementById("cf-footer-ip-reveal");b&&"classList"in b&&(b.classList.remove("hidden"),c.addEventListener("click",function(){c.classList.add("hidden");a.getElementById("cf-footer-ip").classList.remove("hidden")}))}var a=document;document.addEventListener&&a.addEventListener("DOMContentLoaded",d)})();</script>
  </div><!-- /.error-footer -->

    </div>
</div>
</body>
</html>
20:39:19  [ 25/100]  train nll=+3.103(obj=+3.337 bg=+2.987) mse=4.01(obj=4.52/m3.93/95p10.0 bg=3.75/m3.27/95p8.2)  val nll=+3.103(obj=+3.320 bg=+2.995) mse=4.03(obj=4.55/m3.91/95p10.3 bg=3.78/m3.28/95p8.3)  lr=8.95e-04  tot=44.5min
20:41:04  [ 26/100]  train nll=+3.110(obj=+3.350 bg=+2.991) mse=4.03(obj=4.56/m3.98/95p10.0 bg=3.76/m3.29/95p8.2)  val nll=+3.079(obj=+3.297 bg=+2.972) mse=3.97(obj=4.43/m3.85/95p9.7 bg=3.75/m3.26/95p8.2)  lr=8.84e-04  tot=46.2min
20:42:48  [ 27/100]  train nll=+3.094(obj=+3.330 bg=+2.977) mse=4.01(obj=4.53/m3.94/95p10.0 bg=3.75/m3.27/95p8.2)  val nll=+3.294(obj=+3.576 bg=+3.153) mse=4.34(obj=4.96/m4.15/95p11.7 bg=4.03/m3.42/95p9.3)  lr=8.74e-04  tot=48.0min
20:44:30  [ 28/100]  train nll=+3.067(obj=+3.300 bg=+2.954) mse=3.95(obj=4.45/m3.87/95p9.8 bg=3.70/m3.23/95p8.1)  val nll=+3.069(obj=+3.237 bg=+2.983) mse=3.92(obj=4.37/m3.79/95p9.8 bg=3.69/m3.23/95p8.1)  lr=8.62e-04  tot=49.7min
20:46:13  [ 29/100]  train nll=+3.047(obj=+3.277 bg=+2.933) mse=3.93(obj=4.43/m3.84/95p9.8 bg=3.68/m3.19/95p8.1)  val nll=+3.038(obj=+3.289 bg=+2.914) mse=3.90(obj=4.43/m3.79/95p10.2 bg=3.65/m3.16/95p8.1)  lr=8.51e-04  tot=51.4min
20:46:13    ↳ saved (val_nll=3.0376)
2026-04-30 20:46:15,005 - clearml.storage - ERROR - Exception encountered while uploading Failed uploading object /e2e_calib/calib/ps_v500_tmpfs_e100.1c3a4680a9dc465e914ddcac8b28ac0d/models/best_model.pt to https://files.budda.site (502): <!DOCTYPE html>
<!--[if lt IE 7]> <html class="no-js ie6 oldie" lang="en-US"> <![endif]-->
<!--[if IE 7]>    <html class="no-js ie7 oldie" lang="en-US"> <![endif]-->
<!--[if IE 8]>    <html class="no-js ie8 oldie" lang="en-US"> <![endif]-->
<!--[if gt IE 8]><!--> <html class="no-js" lang="en-US"> <!--<![endif]-->
<head>

<title>budda.site | 502: Bad gateway</title>
<meta charset="UTF-8" />
<meta http-equiv="Content-Type" content="text/html; charset=UTF-8" />
<meta http-equiv="X-UA-Compatible" content="IE=Edge" />
<meta name="robots" content="noindex, nofollow" />
<meta name="viewport" content="width=device-width,initial-scale=1" />
<link rel="stylesheet" id="cf_styles-css" href="/cdn-cgi/styles/main.css" />
</head>
<body>
<div id="cf-wrapper">
    <div id="cf-error-details" class="p-0">
        <header class="mx-auto pt-10 lg:pt-6 lg:px-8 w-240 lg:w-full mb-8">
            <h1 class="inline-block sm:block sm:mb-2 font-light text-60 lg:text-4xl text-black-dark leading-tight mr-2">
                <span class="inline-block">Bad gateway</span>
                <span class="code-label">Error code 502</span>
            </h1>
            <div>
                Visit <a href="https://www.cloudflare.com/5xx-error-landing?utm_source=errorcode_502&utm_campaign=files.budda.site" target="_blank" rel="noopener noreferrer">cloudflare.com</a> for more information.
            </div>
            <div class="mt-3">2026-04-30 11:46:14 UTC</div>
        </header>
        <div class="my-8 bg-gradient-gray">
            <div class="w-240 lg:w-full mx-auto">
                <div class="clearfix md:px-8">
                    <div id="cf-browser-status" class=" relative w-1/3 md:w-full py-15 md:p-0 md:py-8 md:text-left md:border-solid md:border-0 md:border-b md:border-gray-400 overflow-hidden float-left md:float-none text-center">
  <div class="relative mb-10 md:m-0">
    
    <span class="cf-icon-browser block md:hidden h-20 bg-center bg-no-repeat"></span>
    <span class="cf-icon-ok w-12 h-12 absolute left-1/2 md:left-auto md:right-0 md:top-0 -ml-6 -bottom-4"></span>
    
  </div>
  <span class="md:block w-full truncate">You</span>
  <h3 class="md:inline-block mt-3 md:mt-0 text-2xl text-gray-600 font-light leading-1.3">
  
    Browser
  
  </h3>
  
  <span class="leading-1.3 text-2xl text-green-success">Working</span>
  
</div>
                    <div id="cf-cloudflare-status" class=" relative w-1/3 md:w-full py-15 md:p-0 md:py-8 md:text-left md:border-solid md:border-0 md:border-b md:border-gray-400 overflow-hidden float-left md:float-none text-center">
  <div class="relative mb-10 md:m-0">
    <a href="https://www.cloudflare.com/5xx-error-landing?utm_source=errorcode_502&#38;utm_campaign=files.budda.site" target="_blank" rel="noopener noreferrer">
    <span class="cf-icon-cloud block md:hidden h-20 bg-center bg-no-repeat"></span>
    <span class="cf-icon-ok w-12 h-12 absolute left-1/2 md:left-auto md:right-0 md:top-0 -ml-6 -bottom-4"></span>
    </a>
  </div>
  <span class="md:block w-full truncate">Tokyo</span>
  <h3 class="md:inline-block mt-3 md:mt-0 text-2xl text-gray-600 font-light leading-1.3">
  <a href="https://www.cloudflare.com/5xx-error-landing?utm_source=errorcode_502&utm_campaign=files.budda.site" target="_blank" rel="noopener noreferrer">
    Cloudflare
  </a>
  </h3>
  
  <span class="leading-1.3 text-2xl text-green-success">Working</span>
  
</div>
                    <div id="cf-host-status" class="cf-error-source relative w-1/3 md:w-full py-15 md:p-0 md:py-8 md:text-left md:border-solid md:border-0 md:border-b md:border-gray-400 overflow-hidden float-left md:float-none text-center">
  <div class="relative mb-10 md:m-0">
    
    <span class="cf-icon-server block md:hidden h-20 bg-center bg-no-repeat"></span>
    <span class="cf-icon-error w-12 h-12 absolute left-1/2 md:left-auto md:right-0 md:top-0 -ml-6 -bottom-4"></span>
    
  </div>
  <span class="md:block w-full truncate">files.budda.site</span>
  <h3 class="md:inline-block mt-3 md:mt-0 text-2xl text-gray-600 font-light leading-1.3">
  
    Host
  
  </h3>
  
  <span class="leading-1.3 text-2xl text-red-error">Error</span>
  
</div>
                </div>
            </div>
        </div>

        <div class="w-240 lg:w-full mx-auto mb-8 lg:px-8">
            <div class="clearfix">
                <div class="w-1/2 md:w-full float-left pr-6 md:pb-10 md:pr-0 leading-relaxed">
                    <h2 class="text-3xl font-normal leading-1.3 mb-4">What happened?</h2>
                    <p>The web server reported a bad gateway error.</p>
                </div>
                <div class="w-1/2 md:w-full float-left leading-relaxed">
                    <h2 class="text-3xl font-normal leading-1.3 mb-4">What can I do?</h2>
                    <p class="mb-6">Please try again in a few minutes.</p>
                </div>
            </div>
        </div>

        <div class="cf-error-footer cf-wrapper w-240 lg:w-full py-10 sm:py-4 sm:px-8 mx-auto text-center sm:text-left border-solid border-0 border-t border-gray-300">
    <p class="text-13">
      <span class="cf-footer-item sm:block sm:mb-1">Cloudflare Ray ID: <strong class="font-semibold">9f464e0a5e08a447</strong></span>
      <span class="cf-footer-separator sm:hidden">&bull;</span>
      <span id="cf-footer-item-ip" class="cf-footer-item hidden sm:block sm:mb-1">
        Your IP:
        <button type="button" id="cf-footer-ip-reveal" class="cf-footer-ip-reveal-btn">Click to reveal</button>
        <span class="hidden" id="cf-footer-ip">240d:f:1004:3700:558a:fb09:61ce:e4f7</span>
        <span class="cf-footer-separator sm:hidden">&bull;</span>
      </span>
      <span class="cf-footer-item sm:block sm:mb-1"><span>Performance &amp; security by</span> <a rel="noopener noreferrer" href="https://www.cloudflare.com/5xx-error-landing?utm_source=errorcode_502&#38;utm_campaign=files.budda.site" id="brand_link" target="_blank">Cloudflare</a></span>
      
    </p>
    <script>(function(){function d(){var b=a.getElementById("cf-footer-item-ip"),c=a.getElementById("cf-footer-ip-reveal");b&&"classList"in b&&(b.classList.remove("hidden"),c.addEventListener("click",function(){c.classList.add("hidden");a.getElementById("cf-footer-ip").classList.remove("hidden")}))}var a=document;document.addEventListener&&a.addEventListener("DOMContentLoaded",d)})();</script>
  </div><!-- /.error-footer -->

    </div>
</div>
</body>
</html>
20:47:58  [ 30/100]  train nll=+3.043(obj=+3.266 bg=+2.932) mse=3.92(obj=4.40/m3.82/95p9.7 bg=3.68/m3.21/95p8.1)  val nll=+3.080(obj=+3.345 bg=+2.950) mse=4.04(obj=4.63/m3.85/95p10.9 bg=3.75/m3.21/95p8.6)  lr=8.39e-04  tot=53.1min
20:49:42  [ 31/100]  train nll=+3.029(obj=+3.258 bg=+2.916) mse=3.90(obj=4.38/m3.79/95p9.8 bg=3.66/m3.18/95p8.0)  val nll=+3.148(obj=+3.369 bg=+3.035) mse=4.04(obj=4.53/m3.90/95p10.2 bg=3.80/m3.29/95p8.5)  lr=8.26e-04  tot=54.9min
20:51:27  [ 32/100]  train nll=+3.028(obj=+3.253 bg=+2.916) mse=3.91(obj=4.39/m3.81/95p9.7 bg=3.67/m3.18/95p8.1)  val nll=+3.010(obj=+3.229 bg=+2.901) mse=3.86(obj=4.30/m3.75/95p9.4 bg=3.64/m3.17/95p8.0)  lr=8.14e-04  tot=56.6min
20:51:27    ↳ saved (val_nll=3.0101)
2026-04-30 20:51:28,515 - clearml.storage - ERROR - Exception encountered while uploading Failed uploading object /e2e_calib/calib/ps_v500_tmpfs_e100.1c3a4680a9dc465e914ddcac8b28ac0d/models/best_model.pt to https://files.budda.site (502): <!DOCTYPE html>
<!--[if lt IE 7]> <html class="no-js ie6 oldie" lang="en-US"> <![endif]-->
<!--[if IE 7]>    <html class="no-js ie7 oldie" lang="en-US"> <![endif]-->
<!--[if IE 8]>    <html class="no-js ie8 oldie" lang="en-US"> <![endif]-->
<!--[if gt IE 8]><!--> <html class="no-js" lang="en-US"> <!--<![endif]-->
<head>

<title>budda.site | 502: Bad gateway</title>
<meta charset="UTF-8" />
<meta http-equiv="Content-Type" content="text/html; charset=UTF-8" />
<meta http-equiv="X-UA-Compatible" content="IE=Edge" />
<meta name="robots" content="noindex, nofollow" />
<meta name="viewport" content="width=device-width,initial-scale=1" />
<link rel="stylesheet" id="cf_styles-css" href="/cdn-cgi/styles/main.css" />
</head>
<body>
<div id="cf-wrapper">
    <div id="cf-error-details" class="p-0">
        <header class="mx-auto pt-10 lg:pt-6 lg:px-8 w-240 lg:w-full mb-8">
            <h1 class="inline-block sm:block sm:mb-2 font-light text-60 lg:text-4xl text-black-dark leading-tight mr-2">
                <span class="inline-block">Bad gateway</span>
                <span class="code-label">Error code 502</span>
            </h1>
            <div>
                Visit <a href="https://www.cloudflare.com/5xx-error-landing?utm_source=errorcode_502&utm_campaign=files.budda.site" target="_blank" rel="noopener noreferrer">cloudflare.com</a> for more information.
            </div>
            <div class="mt-3">2026-04-30 11:51:28 UTC</div>
        </header>
        <div class="my-8 bg-gradient-gray">
            <div class="w-240 lg:w-full mx-auto">
                <div class="clearfix md:px-8">
                    <div id="cf-browser-status" class=" relative w-1/3 md:w-full py-15 md:p-0 md:py-8 md:text-left md:border-solid md:border-0 md:border-b md:border-gray-400 overflow-hidden float-left md:float-none text-center">
  <div class="relative mb-10 md:m-0">
    
    <span class="cf-icon-browser block md:hidden h-20 bg-center bg-no-repeat"></span>
    <span class="cf-icon-ok w-12 h-12 absolute left-1/2 md:left-auto md:right-0 md:top-0 -ml-6 -bottom-4"></span>
    
  </div>
  <span class="md:block w-full truncate">You</span>
  <h3 class="md:inline-block mt-3 md:mt-0 text-2xl text-gray-600 font-light leading-1.3">
  
    Browser
  
  </h3>
  
  <span class="leading-1.3 text-2xl text-green-success">Working</span>
  
</div>
                    <div id="cf-cloudflare-status" class=" relative w-1/3 md:w-full py-15 md:p-0 md:py-8 md:text-left md:border-solid md:border-0 md:border-b md:border-gray-400 overflow-hidden float-left md:float-none text-center">
  <div class="relative mb-10 md:m-0">
    <a href="https://www.cloudflare.com/5xx-error-landing?utm_source=errorcode_502&#38;utm_campaign=files.budda.site" target="_blank" rel="noopener noreferrer">
    <span class="cf-icon-cloud block md:hidden h-20 bg-center bg-no-repeat"></span>
    <span class="cf-icon-ok w-12 h-12 absolute left-1/2 md:left-auto md:right-0 md:top-0 -ml-6 -bottom-4"></span>
    </a>
  </div>
  <span class="md:block w-full truncate">Tokyo</span>
  <h3 class="md:inline-block mt-3 md:mt-0 text-2xl text-gray-600 font-light leading-1.3">
  <a href="https://www.cloudflare.com/5xx-error-landing?utm_source=errorcode_502&utm_campaign=files.budda.site" target="_blank" rel="noopener noreferrer">
    Cloudflare
  </a>
  </h3>
  
  <span class="leading-1.3 text-2xl text-green-success">Working</span>
  
</div>
                    <div id="cf-host-status" class="cf-error-source relative w-1/3 md:w-full py-15 md:p-0 md:py-8 md:text-left md:border-solid md:border-0 md:border-b md:border-gray-400 overflow-hidden float-left md:float-none text-center">
  <div class="relative mb-10 md:m-0">
    
    <span class="cf-icon-server block md:hidden h-20 bg-center bg-no-repeat"></span>
    <span class="cf-icon-error w-12 h-12 absolute left-1/2 md:left-auto md:right-0 md:top-0 -ml-6 -bottom-4"></span>
    
  </div>
  <span class="md:block w-full truncate">files.budda.site</span>
  <h3 class="md:inline-block mt-3 md:mt-0 text-2xl text-gray-600 font-light leading-1.3">
  
    Host
  
  </h3>
  
  <span class="leading-1.3 text-2xl text-red-error">Error</span>
  
</div>
                </div>
            </div>
        </div>

        <div class="w-240 lg:w-full mx-auto mb-8 lg:px-8">
            <div class="clearfix">
                <div class="w-1/2 md:w-full float-left pr-6 md:pb-10 md:pr-0 leading-relaxed">
                    <h2 class="text-3xl font-normal leading-1.3 mb-4">What happened?</h2>
                    <p>The web server reported a bad gateway error.</p>
                </div>
                <div class="w-1/2 md:w-full float-left leading-relaxed">
                    <h2 class="text-3xl font-normal leading-1.3 mb-4">What can I do?</h2>
                    <p class="mb-6">Please try again in a few minutes.</p>
                </div>
            </div>
        </div>

        <div class="cf-error-footer cf-wrapper w-240 lg:w-full py-10 sm:py-4 sm:px-8 mx-auto text-center sm:text-left border-solid border-0 border-t border-gray-300">
    <p class="text-13">
      <span class="cf-footer-item sm:block sm:mb-1">Cloudflare Ray ID: <strong class="font-semibold">9f4655b29928e363</strong></span>
      <span class="cf-footer-separator sm:hidden">&bull;</span>
      <span id="cf-footer-item-ip" class="cf-footer-item hidden sm:block sm:mb-1">
        Your IP:
        <button type="button" id="cf-footer-ip-reveal" class="cf-footer-ip-reveal-btn">Click to reveal</button>
        <span class="hidden" id="cf-footer-ip">240d:f:1004:3700:558a:fb09:61ce:e4f7</span>
        <span class="cf-footer-separator sm:hidden">&bull;</span>
      </span>
      <span class="cf-footer-item sm:block sm:mb-1"><span>Performance &amp; security by</span> <a rel="noopener noreferrer" href="https://www.cloudflare.com/5xx-error-landing?utm_source=errorcode_502&#38;utm_campaign=files.budda.site" id="brand_link" target="_blank">Cloudflare</a></span>
      
    </p>
    <script>(function(){function d(){var b=a.getElementById("cf-footer-item-ip"),c=a.getElementById("cf-footer-ip-reveal");b&&"classList"in b&&(b.classList.remove("hidden"),c.addEventListener("click",function(){c.classList.add("hidden");a.getElementById("cf-footer-ip").classList.remove("hidden")}))}var a=document;document.addEventListener&&a.addEventListener("DOMContentLoaded",d)})();</script>
  </div><!-- /.error-footer -->

    </div>
</div>
</body>
</html>
20:53:13  [ 33/100]  train nll=+3.004(obj=+3.225 bg=+2.895) mse=3.86(obj=4.34/m3.76/95p9.6 bg=3.63/m3.16/95p8.0)  val nll=+3.021(obj=+3.283 bg=+2.891) mse=3.92(obj=4.47/m3.81/95p10.2 bg=3.66/m3.14/95p8.3)  lr=8.01e-04  tot=58.4min
