10:26:18  min_pts=80 filter: kept 66199 train, 7324 val
10:26:18  overfit on 500 samples (val == train)
10:26:18  object-level split: train=500 val=500 (seed=42)
10:26:18  params: 1.62M
10:26:20  [  1/1000]  train nll=+5.848(obj=+4.665 bg=+5.888) mse=7.092(obj=4.178 bg=7.192)  val nll=+5.317(obj=+4.584 bg=+5.348) mse=6.773(obj=4.112 bg=6.864)  lr=4.00e-04  tot=0.0min
10:26:20    ↳ saved (val_nll=5.3175)
10:26:21  [  2/1000]  train nll=+5.239(obj=+4.481 bg=+5.267) mse=6.625(obj=4.073 bg=6.716)  val nll=+5.623(obj=+4.387 bg=+5.663) mse=8.435(obj=5.866 bg=8.520)  lr=6.00e-04  tot=0.0min
10:26:21  [  3/1000]  train nll=+5.399(obj=+4.478 bg=+5.429) mse=7.946(obj=5.000 bg=8.048)  val nll=+5.064(obj=+4.641 bg=+5.080) mse=7.322(obj=4.109 bg=7.432)  lr=8.00e-04  tot=0.0min
10:26:21    ↳ saved (val_nll=5.0636)
10:26:21  [  4/1000]  train nll=+5.410(obj=+4.203 bg=+5.451) mse=6.813(obj=4.284 bg=6.898)  val nll=+5.171(obj=+3.866 bg=+5.216) mse=6.485(obj=3.852 bg=6.582)  lr=1.00e-03  tot=0.1min
10:26:22  [  5/1000]  train nll=+5.063(obj=+4.282 bg=+5.086) mse=7.912(obj=5.125 bg=8.002)  val nll=+5.008(obj=+4.849 bg=+5.012) mse=6.812(obj=4.362 bg=6.896)  lr=1.00e-03  tot=0.1min
10:26:22    ↳ saved (val_nll=5.0084)
10:26:22  [  6/1000]  train nll=+5.482(obj=+4.736 bg=+5.514) mse=7.253(obj=4.078 bg=7.370)  val nll=+23.760(obj=+15.340 bg=+24.058) mse=11.753(obj=8.246 bg=11.875)  lr=1.00e-03  tot=0.1min
10:26:23  [  7/1000]  train nll=+6.706(obj=+5.267 bg=+6.756) mse=8.432(obj=5.521 bg=8.537)  val nll=+5.009(obj=+4.107 bg=+5.038) mse=7.260(obj=5.098 bg=7.335)  lr=1.00e-03  tot=0.1min
10:26:23  [  8/1000]  train nll=+5.102(obj=+4.646 bg=+5.115) mse=7.353(obj=4.820 bg=7.443)  val nll=+4.755(obj=+4.519 bg=+4.766) mse=7.812(obj=5.031 bg=7.913)  lr=1.00e-03  tot=0.1min
10:26:23    ↳ saved (val_nll=4.7550)
10:26:23  [  9/1000]  train nll=+5.543(obj=+4.664 bg=+5.575) mse=8.577(obj=5.106 bg=8.695)  val nll=+4.313(obj=+3.914 bg=+4.327) mse=6.267(obj=3.509 bg=6.367)  lr=1.00e-03  tot=0.1min
10:26:23    ↳ saved (val_nll=4.3126)
10:26:24  [ 10/1000]  train nll=+4.977(obj=+4.557 bg=+4.993) mse=7.734(obj=4.611 bg=7.841)  val nll=+4.307(obj=+3.969 bg=+4.317) mse=6.837(obj=3.751 bg=6.940)  lr=1.00e-03  tot=0.1min
10:26:24    ↳ saved (val_nll=4.3069)
10:26:24  [ 11/1000]  train nll=+4.716(obj=+4.274 bg=+4.731) mse=6.859(obj=4.159 bg=6.954)  val nll=+4.310(obj=+3.981 bg=+4.320) mse=6.436(obj=3.511 bg=6.535)  lr=1.00e-03  tot=0.1min
10:26:25  [ 12/1000]  train nll=+4.438(obj=+3.920 bg=+4.455) mse=6.558(obj=3.916 bg=6.653)  val nll=+4.734(obj=+3.873 bg=+4.763) mse=7.291(obj=3.827 bg=7.412)  lr=1.00e-03  tot=0.1min
10:26:25  [ 13/1000]  train nll=+4.397(obj=+3.949 bg=+4.412) mse=6.801(obj=3.661 bg=6.907)  val nll=+5.690(obj=+3.887 bg=+5.749) mse=7.460(obj=4.316 bg=7.574)  lr=1.00e-03  tot=0.1min
10:26:26  [ 14/1000]  train nll=+5.546(obj=+4.052 bg=+5.602) mse=7.181(obj=4.107 bg=7.291)  val nll=+7.489(obj=+6.427 bg=+7.532) mse=9.538(obj=6.393 bg=9.650)  lr=1.00e-03  tot=0.1min
10:26:26  [ 15/1000]  train nll=+4.920(obj=+4.209 bg=+4.948) mse=7.747(obj=4.828 bg=7.852)  val nll=+4.042(obj=+3.347 bg=+4.065) mse=6.063(obj=3.511 bg=6.151)  lr=1.00e-03  tot=0.1min
10:26:26    ↳ saved (val_nll=4.0419)
10:26:26  [ 16/1000]  train nll=+4.271(obj=+3.727 bg=+4.290) mse=7.142(obj=4.040 bg=7.253)  val nll=+3.979(obj=+3.613 bg=+3.990) mse=6.629(obj=3.199 bg=6.746)  lr=1.00e-03  tot=0.1min
10:26:26    ↳ saved (val_nll=3.9785)
10:26:27  [ 17/1000]  train nll=+4.142(obj=+3.689 bg=+4.158) mse=6.877(obj=4.167 bg=6.972)  val nll=+3.972(obj=+3.553 bg=+3.986) mse=6.707(obj=3.383 bg=6.823)  lr=1.00e-03  tot=0.1min
10:26:27    ↳ saved (val_nll=3.9717)
10:26:27  [ 18/1000]  train nll=+3.973(obj=+3.457 bg=+3.990) mse=6.797(obj=3.958 bg=6.886)  val nll=+4.043(obj=+3.541 bg=+4.061) mse=7.378(obj=4.616 bg=7.475)  lr=1.00e-03  tot=0.2min
10:26:28  [ 19/1000]  train nll=+4.505(obj=+3.824 bg=+4.526) mse=8.005(obj=4.755 bg=8.118)  val nll=+4.007(obj=+3.497 bg=+4.024) mse=6.456(obj=3.965 bg=6.545)  lr=1.00e-03  tot=0.2min
10:26:28  [ 20/1000]  train nll=+4.166(obj=+3.587 bg=+4.188) mse=6.363(obj=3.990 bg=6.445)  val nll=+4.547(obj=+3.952 bg=+4.571) mse=6.812(obj=4.418 bg=6.897)  lr=9.99e-04  tot=0.2min
10:26:29  [ 21/1000]  train nll=+3.962(obj=+3.253 bg=+3.988) mse=6.992(obj=3.577 bg=7.116)  val nll=+3.717(obj=+3.197 bg=+3.735) mse=6.499(obj=3.397 bg=6.602)  lr=9.99e-04  tot=0.2min
10:26:29    ↳ saved (val_nll=3.7173)
10:26:29  [ 22/1000]  train nll=+4.393(obj=+3.770 bg=+4.414) mse=6.907(obj=4.091 bg=7.006)  val nll=+5.528(obj=+4.164 bg=+5.573) mse=7.689(obj=4.644 bg=7.789)  lr=9.99e-04  tot=0.2min
10:26:30  [ 23/1000]  train nll=+4.336(obj=+3.613 bg=+4.362) mse=7.014(obj=4.098 bg=7.121)  val nll=+4.207(obj=+3.846 bg=+4.220) mse=7.117(obj=4.566 bg=7.204)  lr=9.99e-04  tot=0.2min
10:26:30  [ 24/1000]  train nll=+3.977(obj=+3.569 bg=+3.991) mse=6.690(obj=3.992 bg=6.782)  val nll=+3.794(obj=+3.279 bg=+3.812) mse=6.269(obj=3.768 bg=6.353)  lr=9.99e-04  tot=0.2min
10:26:31  [ 25/1000]  train nll=+3.972(obj=+3.302 bg=+3.994) mse=6.719(obj=3.632 bg=6.830)  val nll=+4.348(obj=+3.660 bg=+4.373) mse=6.866(obj=4.252 bg=6.954)  lr=9.99e-04  tot=0.2min
10:26:31  [ 26/1000]  train nll=+3.819(obj=+3.143 bg=+3.844) mse=6.427(obj=3.510 bg=6.534)  val nll=+3.967(obj=+3.397 bg=+3.987) mse=6.980(obj=4.029 bg=7.084)  lr=9.99e-04  tot=0.2min
10:26:32  [ 27/1000]  train nll=+3.863(obj=+3.270 bg=+3.885) mse=6.710(obj=3.815 bg=6.814)  val nll=+4.323(obj=+3.548 bg=+4.351) mse=7.675(obj=4.547 bg=7.784)  lr=9.99e-04  tot=0.2min
10:26:32  [ 28/1000]  train nll=+3.747(obj=+3.141 bg=+3.769) mse=5.899(obj=3.596 bg=5.983)  val nll=+5.765(obj=+5.589 bg=+5.774) mse=8.706(obj=5.999 bg=8.803)  lr=9.99e-04  tot=0.2min
10:26:32  [ 29/1000]  train nll=+3.981(obj=+3.337 bg=+4.005) mse=7.120(obj=3.536 bg=7.248)  val nll=+3.698(obj=+2.899 bg=+3.726) mse=6.783(obj=3.309 bg=6.902)  lr=9.99e-04  tot=0.2min
10:26:32    ↳ saved (val_nll=3.6978)
10:26:33  [ 30/1000]  train nll=+4.571(obj=+4.019 bg=+4.592) mse=7.086(obj=4.306 bg=7.187)  val nll=+3.883(obj=+3.395 bg=+3.902) mse=6.837(obj=3.625 bg=6.951)  lr=9.98e-04  tot=0.2min
10:26:33  [ 31/1000]  train nll=+3.999(obj=+3.565 bg=+4.015) mse=6.619(obj=4.181 bg=6.707)  val nll=+3.982(obj=+3.322 bg=+4.004) mse=7.003(obj=4.167 bg=7.098)  lr=9.98e-04  tot=0.3min
10:26:34  [ 32/1000]  train nll=+3.768(obj=+3.142 bg=+3.791) mse=6.561(obj=3.662 bg=6.668)  val nll=+3.590(obj=+2.939 bg=+3.612) mse=6.589(obj=3.357 bg=6.691)  lr=9.98e-04  tot=0.3min
10:26:34    ↳ saved (val_nll=3.5902)
10:26:34  [ 33/1000]  train nll=+3.987(obj=+3.260 bg=+4.011) mse=6.566(obj=3.306 bg=6.682)  val nll=+4.496(obj=+4.195 bg=+4.508) mse=7.011(obj=3.978 bg=7.122)  lr=9.98e-04  tot=0.3min
10:26:34  [ 34/1000]  train nll=+4.539(obj=+3.648 bg=+4.570) mse=6.496(obj=3.584 bg=6.596)  val nll=+4.325(obj=+4.158 bg=+4.331) mse=7.076(obj=4.159 bg=7.180)  lr=9.98e-04  tot=0.3min
10:26:35  [ 35/1000]  train nll=+4.016(obj=+3.613 bg=+4.030) mse=6.608(obj=3.710 bg=6.714)  val nll=+3.522(obj=+2.987 bg=+3.540) mse=5.809(obj=3.085 bg=5.904)  lr=9.98e-04  tot=0.3min
10:26:35    ↳ saved (val_nll=3.5215)
10:26:35  [ 36/1000]  train nll=+3.723(obj=+3.016 bg=+3.748) mse=6.821(obj=3.364 bg=6.943)  val nll=+3.731(obj=+3.043 bg=+3.754) mse=5.674(obj=3.496 bg=5.752)  lr=9.98e-04  tot=0.3min
10:26:36  [ 37/1000]  train nll=+3.657(obj=+2.881 bg=+3.686) mse=6.469(obj=3.206 bg=6.591)  val nll=+3.262(obj=+2.669 bg=+3.284) mse=5.749(obj=3.076 bg=5.847)  lr=9.97e-04  tot=0.3min
10:26:36    ↳ saved (val_nll=3.2623)
10:26:36  [ 38/1000]  train nll=+3.599(obj=+2.938 bg=+3.622) mse=6.332(obj=3.344 bg=6.433)  val nll=+3.749(obj=+3.077 bg=+3.774) mse=7.348(obj=3.717 bg=7.477)  lr=9.97e-04  tot=0.3min
10:26:36  [ 39/1000]  train nll=+3.781(obj=+3.274 bg=+3.799) mse=6.587(obj=3.852 bg=6.676)  val nll=+4.601(obj=+4.118 bg=+4.620) mse=7.803(obj=5.183 bg=7.898)  lr=9.97e-04  tot=0.3min
10:26:37  [ 40/1000]  train nll=+3.834(obj=+3.209 bg=+3.855) mse=6.618(obj=3.747 bg=6.722)  val nll=+3.596(obj=+2.968 bg=+3.618) mse=6.073(obj=3.310 bg=6.165)  lr=9.97e-04  tot=0.3min
10:26:37  [ 41/1000]  train nll=+3.714(obj=+2.996 bg=+3.740) mse=6.307(obj=3.302 bg=6.417)  val nll=+3.481(obj=+2.881 bg=+3.503) mse=5.675(obj=3.280 bg=5.759)  lr=9.97e-04  tot=0.3min
10:26:38  [ 42/1000]  train nll=+3.600(obj=+3.079 bg=+3.618) mse=6.165(obj=3.426 bg=6.256)  val nll=+4.242(obj=+3.885 bg=+4.254) mse=6.156(obj=3.570 bg=6.244)  lr=9.97e-04  tot=0.3min
10:26:38  [ 43/1000]  train nll=+3.750(obj=+3.141 bg=+3.772) mse=6.732(obj=3.551 bg=6.844)  val nll=+3.623(obj=+3.045 bg=+3.644) mse=6.542(obj=3.824 bg=6.638)  lr=9.96e-04  tot=0.3min
10:26:38  [ 44/1000]  train nll=+3.544(obj=+2.859 bg=+3.569) mse=6.090(obj=3.190 bg=6.192)  val nll=+3.571(obj=+2.960 bg=+3.593) mse=6.065(obj=3.372 bg=6.161)  lr=9.96e-04  tot=0.3min
10:26:39  [ 45/1000]  train nll=+3.647(obj=+3.069 bg=+3.668) mse=6.310(obj=3.514 bg=6.410)  val nll=+3.369(obj=+2.696 bg=+3.394) mse=6.259(obj=2.982 bg=6.374)  lr=9.96e-04  tot=0.3min
10:26:39  [ 46/1000]  train nll=+3.593(obj=+2.998 bg=+3.616) mse=6.294(obj=3.484 bg=6.393)  val nll=+3.328(obj=+2.666 bg=+3.351) mse=6.144(obj=3.121 bg=6.249)  lr=9.96e-04  tot=0.4min
10:26:40  [ 47/1000]  train nll=+3.715(obj=+2.882 bg=+3.744) mse=6.667(obj=3.301 bg=6.783)  val nll=+3.520(obj=+2.856 bg=+3.545) mse=6.055(obj=3.282 bg=6.152)  lr=9.96e-04  tot=0.4min
10:26:40  [ 48/1000]  train nll=+3.540(obj=+2.988 bg=+3.560) mse=6.433(obj=3.363 bg=6.540)  val nll=+3.323(obj=+2.648 bg=+3.348) mse=5.679(obj=2.985 bg=5.776)  lr=9.95e-04  tot=0.4min
10:26:40  [ 49/1000]  train nll=+3.533(obj=+2.773 bg=+3.559) mse=6.192(obj=3.021 bg=6.303)  val nll=+3.970(obj=+3.300 bg=+3.993) mse=6.994(obj=3.635 bg=7.108)  lr=9.95e-04  tot=0.4min
10:26:41  [ 50/1000]  train nll=+3.595(obj=+2.826 bg=+3.622) mse=6.434(obj=3.216 bg=6.546)  val nll=+3.608(obj=+3.006 bg=+3.632) mse=6.440(obj=3.250 bg=6.553)  lr=9.95e-04  tot=0.4min
10:26:41  [ 51/1000]  train nll=+3.639(obj=+3.148 bg=+3.655) mse=6.137(obj=3.464 bg=6.226)  val nll=+3.453(obj=+2.837 bg=+3.475) mse=5.740(obj=3.041 bg=5.834)  lr=9.95e-04  tot=0.4min
10:26:42  [ 52/1000]  train nll=+3.620(obj=+2.902 bg=+3.647) mse=6.266(obj=3.267 bg=6.374)  val nll=+3.640(obj=+2.943 bg=+3.664) mse=6.463(obj=3.431 bg=6.568)  lr=9.95e-04  tot=0.4min
10:26:42  [ 53/1000]  train nll=+3.551(obj=+2.921 bg=+3.574) mse=6.759(obj=3.347 bg=6.883)  val nll=+3.445(obj=+2.982 bg=+3.460) mse=5.960(obj=3.415 bg=6.049)  lr=9.94e-04  tot=0.4min
10:26:42  [ 54/1000]  train nll=+4.113(obj=+3.388 bg=+4.142) mse=6.364(obj=3.431 bg=6.476)  val nll=+3.974(obj=+3.436 bg=+3.993) mse=6.940(obj=4.168 bg=7.038)  lr=9.94e-04  tot=0.4min
10:26:43  [ 55/1000]  train nll=+3.598(obj=+2.899 bg=+3.624) mse=6.853(obj=3.402 bg=6.975)  val nll=+3.355(obj=+2.774 bg=+3.375) mse=5.845(obj=3.359 bg=5.930)  lr=9.94e-04  tot=0.4min
10:26:43  [ 56/1000]  train nll=+3.672(obj=+2.994 bg=+3.697) mse=6.461(obj=3.423 bg=6.567)  val nll=+3.897(obj=+3.123 bg=+3.925) mse=7.004(obj=3.595 bg=7.122)  lr=9.94e-04  tot=0.4min
10:26:44  [ 57/1000]  train nll=+3.556(obj=+2.900 bg=+3.579) mse=6.246(obj=3.260 bg=6.358)  val nll=+3.320(obj=+2.433 bg=+3.350) mse=6.400(obj=2.837 bg=6.519)  lr=9.93e-04  tot=0.4min
10:26:44  [ 58/1000]  train nll=+3.624(obj=+2.884 bg=+3.651) mse=5.887(obj=3.059 bg=5.987)  val nll=+4.243(obj=+3.572 bg=+4.267) mse=6.335(obj=3.765 bg=6.423)  lr=9.93e-04  tot=0.4min
10:26:44  [ 59/1000]  train nll=+4.020(obj=+3.525 bg=+4.038) mse=6.885(obj=3.707 bg=6.991)  val nll=+3.338(obj=+2.699 bg=+3.360) mse=5.873(obj=3.068 bg=5.971)  lr=9.93e-04  tot=0.4min
10:26:45  [ 60/1000]  train nll=+3.587(obj=+2.855 bg=+3.612) mse=5.881(obj=3.215 bg=5.969)  val nll=+3.293(obj=+2.612 bg=+3.315) mse=6.091(obj=3.050 bg=6.193)  lr=9.92e-04  tot=0.4min
10:26:45  [ 61/1000]  train nll=+3.628(obj=+2.888 bg=+3.654) mse=6.867(obj=3.365 bg=6.990)  val nll=+3.371(obj=+2.657 bg=+3.397) mse=5.902(obj=3.125 bg=5.996)  lr=9.92e-04  tot=0.5min
10:26:46  [ 62/1000]  train nll=+3.631(obj=+2.968 bg=+3.653) mse=6.584(obj=3.526 bg=6.684)  val nll=+3.382(obj=+2.737 bg=+3.405) mse=6.368(obj=3.106 bg=6.483)  lr=9.92e-04  tot=0.5min
10:26:46  [ 63/1000]  train nll=+5.062(obj=+3.878 bg=+5.104) mse=6.811(obj=3.423 bg=6.920)  val nll=+5.955(obj=+5.070 bg=+5.988) mse=6.649(obj=3.381 bg=6.764)  lr=9.92e-04  tot=0.5min
10:26:46  [ 64/1000]  train nll=+4.759(obj=+4.270 bg=+4.778) mse=6.666(obj=3.797 bg=6.775)  val nll=+4.027(obj=+3.214 bg=+4.055) mse=6.498(obj=3.607 bg=6.598)  lr=9.91e-04  tot=0.5min
10:26:47  [ 65/1000]  train nll=+3.794(obj=+3.212 bg=+3.814) mse=6.476(obj=3.394 bg=6.579)  val nll=+4.576(obj=+3.839 bg=+4.599) mse=7.001(obj=3.630 bg=7.109)  lr=9.91e-04  tot=0.5min
10:26:47  [ 66/1000]  train nll=+3.873(obj=+3.336 bg=+3.894) mse=6.098(obj=3.435 bg=6.197)  val nll=+3.632(obj=+3.070 bg=+3.652) mse=6.141(obj=3.227 bg=6.240)  lr=9.91e-04  tot=0.5min
10:26:48  [ 67/1000]  train nll=+3.918(obj=+3.378 bg=+3.937) mse=6.914(obj=3.676 bg=7.028)  val nll=+3.443(obj=+2.917 bg=+3.462) mse=5.952(obj=3.288 bg=6.043)  lr=9.90e-04  tot=0.5min
10:26:48  [ 68/1000]  train nll=+3.617(obj=+2.971 bg=+3.641) mse=6.632(obj=3.322 bg=6.748)  val nll=+3.595(obj=+2.901 bg=+3.621) mse=6.306(obj=3.228 bg=6.415)  lr=9.90e-04  tot=0.5min
10:26:49  [ 69/1000]  train nll=+3.671(obj=+2.982 bg=+3.693) mse=6.081(obj=3.122 bg=6.176)  val nll=+3.450(obj=+2.800 bg=+3.473) mse=6.449(obj=3.101 bg=6.562)  lr=9.90e-04  tot=0.5min
10:26:49  [ 70/1000]  train nll=+3.659(obj=+3.140 bg=+3.677) mse=6.543(obj=3.698 bg=6.643)  val nll=+3.435(obj=+2.726 bg=+3.459) mse=6.290(obj=3.141 bg=6.399)  lr=9.90e-04  tot=0.5min
10:26:49  [ 71/1000]  train nll=+3.473(obj=+2.830 bg=+3.494) mse=6.203(obj=3.312 bg=6.299)  val nll=+3.285(obj=+2.624 bg=+3.309) mse=5.939(obj=3.070 bg=6.043)  lr=9.89e-04  tot=0.5min
10:26:50  [ 72/1000]  train nll=+3.454(obj=+2.842 bg=+3.475) mse=5.753(obj=3.216 bg=5.839)  val nll=+3.491(obj=+2.804 bg=+3.514) mse=6.296(obj=3.196 bg=6.397)  lr=9.89e-04  tot=0.5min
10:26:50  [ 73/1000]  train nll=+3.447(obj=+2.770 bg=+3.471) mse=6.333(obj=3.218 bg=6.445)  val nll=+4.105(obj=+3.294 bg=+4.134) mse=6.535(obj=3.598 bg=6.639)  lr=9.89e-04  tot=0.5min
10:26:51  [ 74/1000]  train nll=+3.594(obj=+2.843 bg=+3.621) mse=6.409(obj=3.264 bg=6.514)  val nll=+3.456(obj=+2.669 bg=+3.485) mse=6.348(obj=3.021 bg=6.463)  lr=9.88e-04  tot=0.5min
10:26:51  [ 75/1000]  train nll=+3.528(obj=+2.839 bg=+3.554) mse=6.104(obj=3.121 bg=6.213)  val nll=+3.388(obj=+2.822 bg=+3.407) mse=5.964(obj=3.308 bg=6.059)  lr=9.88e-04  tot=0.5min
10:26:52  [ 76/1000]  train nll=+3.690(obj=+3.055 bg=+3.713) mse=6.174(obj=3.401 bg=6.276)  val nll=+3.243(obj=+2.586 bg=+3.265) mse=5.444(obj=3.029 bg=5.525)  lr=9.88e-04  tot=0.6min
10:26:52    ↳ saved (val_nll=3.2429)
10:26:52  [ 77/1000]  train nll=+3.441(obj=+2.860 bg=+3.461) mse=6.127(obj=3.155 bg=6.228)  val nll=+3.442(obj=+2.771 bg=+3.467) mse=6.263(obj=3.346 bg=6.368)  lr=9.87e-04  tot=0.6min
10:26:52  [ 78/1000]  train nll=+3.500(obj=+2.714 bg=+3.529) mse=6.531(obj=3.070 bg=6.657)  val nll=+3.345(obj=+2.613 bg=+3.371) mse=6.597(obj=3.074 bg=6.725)  lr=9.87e-04  tot=0.6min
10:26:53  [ 79/1000]  train nll=+3.519(obj=+2.931 bg=+3.540) mse=6.259(obj=3.472 bg=6.359)  val nll=+3.289(obj=+2.509 bg=+3.316) mse=6.098(obj=2.875 bg=6.204)  lr=9.86e-04  tot=0.6min
10:26:53  [ 80/1000]  train nll=+3.682(obj=+3.007 bg=+3.706) mse=6.210(obj=3.333 bg=6.310)  val nll=+3.620(obj=+3.060 bg=+3.640) mse=6.513(obj=3.627 bg=6.615)  lr=9.86e-04  tot=0.6min
10:26:54  [ 81/1000]  train nll=+3.456(obj=+2.742 bg=+3.482) mse=6.214(obj=3.199 bg=6.319)  val nll=+3.455(obj=+2.742 bg=+3.481) mse=6.483(obj=3.272 bg=6.596)  lr=9.86e-04  tot=0.6min
10:26:54  [ 82/1000]  train nll=+3.436(obj=+2.832 bg=+3.461) mse=6.034(obj=3.234 bg=6.138)  val nll=+3.307(obj=+2.609 bg=+3.333) mse=6.201(obj=3.117 bg=6.311)  lr=9.85e-04  tot=0.6min
10:26:55  [ 83/1000]  train nll=+3.465(obj=+2.804 bg=+3.489) mse=6.301(obj=3.139 bg=6.410)  val nll=+3.426(obj=+2.802 bg=+3.449) mse=6.189(obj=3.282 bg=6.291)  lr=9.85e-04  tot=0.6min
10:26:55  [ 84/1000]  train nll=+3.450(obj=+2.825 bg=+3.473) mse=6.166(obj=3.272 bg=6.263)  val nll=+3.389(obj=+2.779 bg=+3.411) mse=6.630(obj=3.303 bg=6.743)  lr=9.85e-04  tot=0.6min
10:26:55  [ 85/1000]  train nll=+3.416(obj=+2.916 bg=+3.433) mse=5.967(obj=3.408 bg=6.055)  val nll=+3.297(obj=+2.636 bg=+3.324) mse=6.140(obj=3.061 bg=6.257)  lr=9.84e-04  tot=0.6min
10:26:56  [ 86/1000]  train nll=+3.560(obj=+2.950 bg=+3.583) mse=6.666(obj=3.500 bg=6.783)  val nll=+3.157(obj=+2.495 bg=+3.180) mse=5.661(obj=2.817 bg=5.758)  lr=9.84e-04  tot=0.6min
10:26:56    ↳ saved (val_nll=3.1571)
10:26:56  [ 87/1000]  train nll=+3.426(obj=+2.795 bg=+3.450) mse=5.905(obj=3.297 bg=6.003)  val nll=+3.250(obj=+2.505 bg=+3.277) mse=6.160(obj=2.777 bg=6.277)  lr=9.83e-04  tot=0.6min
10:26:57  [ 88/1000]  train nll=+3.304(obj=+2.646 bg=+3.329) mse=5.908(obj=3.037 bg=6.011)  val nll=+3.291(obj=+2.630 bg=+3.315) mse=5.833(obj=3.199 bg=5.925)  lr=9.83e-04  tot=0.6min
10:26:57  [ 89/1000]  train nll=+3.623(obj=+2.936 bg=+3.648) mse=6.772(obj=3.396 bg=6.889)  val nll=+3.393(obj=+2.733 bg=+3.416) mse=5.943(obj=3.148 bg=6.036)  lr=9.83e-04  tot=0.7min
10:26:58  [ 90/1000]  train nll=+3.470(obj=+2.796 bg=+3.493) mse=6.491(obj=3.245 bg=6.607)  val nll=+3.326(obj=+2.491 bg=+3.355) mse=6.155(obj=2.954 bg=6.265)  lr=9.82e-04  tot=0.7min
10:26:58  [ 91/1000]  train nll=+3.547(obj=+2.692 bg=+3.579) mse=6.173(obj=2.916 bg=6.290)  val nll=+6.106(obj=+5.463 bg=+6.128) mse=6.670(obj=3.739 bg=6.772)  lr=9.82e-04  tot=0.7min
10:26:59  [ 92/1000]  train nll=+3.758(obj=+3.016 bg=+3.784) mse=6.501(obj=3.200 bg=6.620)  val nll=+3.297(obj=+2.626 bg=+3.322) mse=5.721(obj=2.875 bg=5.827)  lr=9.81e-04  tot=0.7min
10:26:59  [ 93/1000]  train nll=+3.413(obj=+2.823 bg=+3.435) mse=6.043(obj=3.315 bg=6.139)  val nll=+3.271(obj=+2.654 bg=+3.294) mse=6.097(obj=3.074 bg=6.204)  lr=9.81e-04  tot=0.7min
10:27:00  [ 94/1000]  train nll=+3.287(obj=+2.530 bg=+3.314) mse=6.019(obj=3.015 bg=6.132)  val nll=+3.768(obj=+3.126 bg=+3.790) mse=6.678(obj=3.388 bg=6.792)  lr=9.80e-04  tot=0.7min
10:27:00  [ 95/1000]  train nll=+3.420(obj=+2.676 bg=+3.446) mse=6.484(obj=3.108 bg=6.600)  val nll=+3.222(obj=+2.663 bg=+3.243) mse=5.588(obj=2.996 bg=5.680)  lr=9.80e-04  tot=0.7min
10:27:00  [ 96/1000]  train nll=+3.313(obj=+2.527 bg=+3.341) mse=6.178(obj=2.905 bg=6.291)  val nll=+3.454(obj=+2.765 bg=+3.481) mse=6.025(obj=3.164 bg=6.125)  lr=9.80e-04  tot=0.7min
10:27:01  [ 97/1000]  train nll=+3.496(obj=+2.834 bg=+3.520) mse=6.403(obj=3.350 bg=6.503)  val nll=+3.547(obj=+2.835 bg=+3.573) mse=6.596(obj=3.410 bg=6.711)  lr=9.79e-04  tot=0.7min
10:27:01  [ 98/1000]  train nll=+3.344(obj=+2.660 bg=+3.368) mse=6.313(obj=3.188 bg=6.420)  val nll=+3.247(obj=+2.529 bg=+3.272) mse=6.298(obj=3.076 bg=6.412)  lr=9.79e-04  tot=0.7min
10:27:02  [ 99/1000]  train nll=+3.481(obj=+2.832 bg=+3.505) mse=6.135(obj=3.293 bg=6.236)  val nll=+3.358(obj=+2.653 bg=+3.384) mse=6.144(obj=3.227 bg=6.251)  lr=9.78e-04  tot=0.7min
10:27:02  [100/1000]  train nll=+3.586(obj=+2.988 bg=+3.608) mse=6.349(obj=3.389 bg=6.453)  val nll=+4.128(obj=+3.485 bg=+4.152) mse=7.338(obj=4.179 bg=7.448)  lr=9.78e-04  tot=0.7min
10:27:03  [101/1000]  train nll=+3.784(obj=+3.247 bg=+3.801) mse=6.483(obj=3.719 bg=6.572)  val nll=+3.342(obj=+2.702 bg=+3.367) mse=5.666(obj=3.102 bg=5.759)  lr=9.77e-04  tot=0.7min
10:27:03  [102/1000]  train nll=+4.135(obj=+3.798 bg=+4.145) mse=6.917(obj=3.822 bg=7.021)  val nll=+3.441(obj=+2.808 bg=+3.464) mse=5.498(obj=3.181 bg=5.580)  lr=9.77e-04  tot=0.8min
10:27:04  [103/1000]  train nll=+3.547(obj=+2.975 bg=+3.568) mse=6.225(obj=3.378 bg=6.328)  val nll=+3.409(obj=+2.687 bg=+3.435) mse=6.350(obj=2.955 bg=6.465)  lr=9.76e-04  tot=0.8min
10:27:04  [104/1000]  train nll=+3.784(obj=+2.852 bg=+3.820) mse=6.429(obj=3.212 bg=6.550)  val nll=+3.906(obj=+3.446 bg=+3.922) mse=6.748(obj=3.881 bg=6.853)  lr=9.76e-04  tot=0.8min
10:27:04  [105/1000]  train nll=+3.463(obj=+2.690 bg=+3.488) mse=6.246(obj=2.977 bg=6.351)  val nll=+3.552(obj=+2.759 bg=+3.581) mse=6.816(obj=3.271 bg=6.944)  lr=9.75e-04  tot=0.8min
10:27:05  [106/1000]  train nll=+3.575(obj=+2.807 bg=+3.605) mse=6.653(obj=3.275 bg=6.789)  val nll=+3.329(obj=+2.506 bg=+3.359) mse=5.987(obj=2.693 bg=6.100)  lr=9.75e-04  tot=0.8min
10:27:05  [107/1000]  train nll=+3.541(obj=+2.903 bg=+3.562) mse=6.644(obj=3.460 bg=6.748)  val nll=+3.399(obj=+2.661 bg=+3.426) mse=6.311(obj=2.946 bg=6.428)  lr=9.74e-04  tot=0.8min
10:27:06  [108/1000]  train nll=+3.588(obj=+3.021 bg=+3.609) mse=6.364(obj=3.578 bg=6.467)  val nll=+3.426(obj=+2.694 bg=+3.452) mse=6.328(obj=3.031 bg=6.441)  lr=9.74e-04  tot=0.8min
10:27:06  [109/1000]  train nll=+3.373(obj=+2.592 bg=+3.401) mse=6.188(obj=3.030 bg=6.301)  val nll=+3.212(obj=+2.526 bg=+3.238) mse=5.875(obj=2.768 bg=5.986)  lr=9.73e-04  tot=0.8min
10:27:07  [110/1000]  train nll=+3.384(obj=+2.590 bg=+3.413) mse=5.810(obj=2.959 bg=5.913)  val nll=+3.937(obj=+3.348 bg=+3.958) mse=7.067(obj=3.756 bg=7.178)  lr=9.73e-04  tot=0.8min
10:27:07  [111/1000]  train nll=+3.382(obj=+2.578 bg=+3.410) mse=6.087(obj=3.049 bg=6.191)  val nll=+3.368(obj=+2.647 bg=+3.393) mse=5.892(obj=3.124 bg=5.991)  lr=9.72e-04  tot=0.8min
10:27:07  [112/1000]  train nll=+3.346(obj=+2.610 bg=+3.372) mse=5.766(obj=3.097 bg=5.862)  val nll=+3.480(obj=+2.852 bg=+3.503) mse=6.524(obj=3.341 bg=6.634)  lr=9.72e-04  tot=0.8min
10:27:08  [113/1000]  train nll=+3.771(obj=+3.250 bg=+3.788) mse=5.946(obj=3.421 bg=6.032)  val nll=+3.300(obj=+2.519 bg=+3.326) mse=5.940(obj=2.929 bg=6.046)  lr=9.71e-04  tot=0.8min
10:27:08  [114/1000]  train nll=+3.413(obj=+2.802 bg=+3.434) mse=6.039(obj=3.369 bg=6.132)  val nll=+3.200(obj=+2.537 bg=+3.223) mse=5.329(obj=3.014 bg=5.412)  lr=9.71e-04  tot=0.8min
10:27:08  [115/1000]  train nll=+3.477(obj=+2.737 bg=+3.503) mse=6.298(obj=3.331 bg=6.401)  val nll=+3.982(obj=+3.344 bg=+4.005) mse=6.786(obj=3.732 bg=6.892)  lr=9.70e-04  tot=0.8min
10:27:09  [116/1000]  train nll=+3.388(obj=+2.720 bg=+3.412) mse=6.006(obj=3.264 bg=6.100)  val nll=+3.169(obj=+2.378 bg=+3.197) mse=5.866(obj=2.779 bg=5.970)  lr=9.70e-04  tot=0.8min
10:27:09  [117/1000]  train nll=+3.397(obj=+2.613 bg=+3.425) mse=6.407(obj=3.014 bg=6.527)  val nll=+3.524(obj=+2.938 bg=+3.543) mse=5.985(obj=3.320 bg=6.077)  lr=9.69e-04  tot=0.9min
10:27:10  [118/1000]  train nll=+3.349(obj=+2.669 bg=+3.373) mse=6.137(obj=3.121 bg=6.238)  val nll=+3.349(obj=+2.671 bg=+3.372) mse=5.856(obj=2.924 bg=5.961)  lr=9.69e-04  tot=0.9min
10:27:10  [119/1000]  train nll=+3.264(obj=+2.585 bg=+3.288) mse=5.952(obj=3.093 bg=6.056)  val nll=+3.555(obj=+2.901 bg=+3.577) mse=6.357(obj=3.321 bg=6.461)  lr=9.68e-04  tot=0.9min
10:27:11  [120/1000]  train nll=+3.375(obj=+2.681 bg=+3.397) mse=5.924(obj=3.018 bg=6.018)  val nll=+3.282(obj=+2.530 bg=+3.306) mse=5.858(obj=2.848 bg=5.960)  lr=9.67e-04  tot=0.9min
10:27:11  [121/1000]  train nll=+3.411(obj=+2.938 bg=+3.429) mse=5.781(obj=3.344 bg=5.863)  val nll=+3.492(obj=+2.723 bg=+3.519) mse=6.967(obj=3.225 bg=7.092)  lr=9.67e-04  tot=0.9min
10:27:11  [122/1000]  train nll=+3.318(obj=+2.715 bg=+3.338) mse=5.833(obj=3.230 bg=5.920)  val nll=+3.202(obj=+2.395 bg=+3.231) mse=6.018(obj=2.691 bg=6.137)  lr=9.66e-04  tot=0.9min
10:27:12  [123/1000]  train nll=+3.412(obj=+2.742 bg=+3.436) mse=6.257(obj=3.329 bg=6.358)  val nll=+3.433(obj=+2.671 bg=+3.460) mse=6.425(obj=3.172 bg=6.542)  lr=9.66e-04  tot=0.9min
10:27:12  [124/1000]  train nll=+3.349(obj=+2.629 bg=+3.373) mse=5.761(obj=3.125 bg=5.851)  val nll=+3.161(obj=+2.472 bg=+3.186) mse=5.987(obj=2.901 bg=6.095)  lr=9.65e-04  tot=0.9min
10:27:13  [125/1000]  train nll=+3.403(obj=+2.730 bg=+3.428) mse=6.363(obj=3.124 bg=6.478)  val nll=+3.302(obj=+2.569 bg=+3.328) mse=6.181(obj=3.049 bg=6.285)  lr=9.65e-04  tot=0.9min
10:27:13  [126/1000]  train nll=+3.556(obj=+2.831 bg=+3.583) mse=6.496(obj=3.384 bg=6.606)  val nll=+3.415(obj=+2.777 bg=+3.439) mse=6.348(obj=3.284 bg=6.460)  lr=9.64e-04  tot=0.9min
10:27:13  [127/1000]  train nll=+3.340(obj=+2.585 bg=+3.366) mse=6.216(obj=3.039 bg=6.325)  val nll=+3.105(obj=+2.421 bg=+3.130) mse=5.310(obj=2.819 bg=5.395)  lr=9.63e-04  tot=0.9min
10:27:13    ↳ saved (val_nll=3.1054)
10:27:14  [128/1000]  train nll=+3.323(obj=+2.641 bg=+3.348) mse=5.775(obj=3.180 bg=5.872)  val nll=+3.281(obj=+2.640 bg=+3.304) mse=6.255(obj=3.189 bg=6.362)  lr=9.63e-04  tot=0.9min
10:27:14  [129/1000]  train nll=+3.534(obj=+2.896 bg=+3.558) mse=6.351(obj=3.276 bg=6.460)  val nll=+3.920(obj=+3.264 bg=+3.943) mse=6.578(obj=3.413 bg=6.682)  lr=9.62e-04  tot=0.9min
10:27:15  [130/1000]  train nll=+3.495(obj=+2.736 bg=+3.520) mse=6.355(obj=3.184 bg=6.454)  val nll=+3.363(obj=+2.651 bg=+3.388) mse=6.011(obj=3.056 bg=6.114)  lr=9.62e-04  tot=0.9min
10:27:15  [131/1000]  train nll=+3.485(obj=+2.870 bg=+3.509) mse=5.899(obj=3.166 bg=6.000)  val nll=+3.524(obj=+2.870 bg=+3.549) mse=6.438(obj=3.308 bg=6.550)  lr=9.61e-04  tot=0.9min
10:27:15  [132/1000]  train nll=+3.589(obj=+2.944 bg=+3.611) mse=6.515(obj=3.469 bg=6.620)  val nll=+3.757(obj=+3.030 bg=+3.784) mse=6.520(obj=3.577 bg=6.628)  lr=9.60e-04  tot=1.0min
10:27:16  [133/1000]  train nll=+3.414(obj=+2.715 bg=+3.439) mse=5.934(obj=3.171 bg=6.031)  val nll=+3.437(obj=+2.699 bg=+3.464) mse=5.871(obj=3.003 bg=5.974)  lr=9.60e-04  tot=1.0min
10:27:16  [134/1000]  train nll=+3.382(obj=+2.759 bg=+3.407) mse=6.024(obj=3.080 bg=6.129)  val nll=+3.282(obj=+2.740 bg=+3.301) mse=5.671(obj=3.197 bg=5.756)  lr=9.59e-04  tot=1.0min
10:27:17  [135/1000]  train nll=+3.253(obj=+2.586 bg=+3.277) mse=5.874(obj=3.014 bg=5.974)  val nll=+3.412(obj=+2.818 bg=+3.434) mse=6.092(obj=3.320 bg=6.192)  lr=9.59e-04  tot=1.0min
10:27:17  [136/1000]  train nll=+3.453(obj=+2.654 bg=+3.481) mse=5.967(obj=2.924 bg=6.074)  val nll=+3.619(obj=+2.979 bg=+3.641) mse=6.358(obj=3.345 bg=6.458)  lr=9.58e-04  tot=1.0min
10:27:17  [137/1000]  train nll=+3.510(obj=+2.701 bg=+3.538) mse=6.350(obj=3.137 bg=6.462)  val nll=+3.480(obj=+3.033 bg=+3.494) mse=6.129(obj=3.435 bg=6.218)  lr=9.57e-04  tot=1.0min
10:27:18  [138/1000]  train nll=+3.445(obj=+2.598 bg=+3.475) mse=6.300(obj=3.011 bg=6.418)  val nll=+3.195(obj=+2.551 bg=+3.218) mse=5.709(obj=2.978 bg=5.804)  lr=9.57e-04  tot=1.0min
10:27:18  [139/1000]  train nll=+3.512(obj=+2.653 bg=+3.544) mse=5.981(obj=2.844 bg=6.097)  val nll=+3.516(obj=+2.840 bg=+3.541) mse=6.325(obj=3.239 bg=6.429)  lr=9.56e-04  tot=1.0min
10:27:19  [140/1000]  train nll=+3.294(obj=+2.494 bg=+3.325) mse=5.997(obj=2.908 bg=6.112)  val nll=+3.308(obj=+2.649 bg=+3.332) mse=5.734(obj=3.119 bg=5.825)  lr=9.55e-04  tot=1.0min
10:27:19  [141/1000]  train nll=+3.401(obj=+2.567 bg=+3.432) mse=6.166(obj=2.932 bg=6.281)  val nll=+3.180(obj=+2.550 bg=+3.202) mse=5.783(obj=3.034 bg=5.876)  lr=9.55e-04  tot=1.0min
10:27:19  [142/1000]  train nll=+3.371(obj=+2.605 bg=+3.398) mse=6.398(obj=3.029 bg=6.513)  val nll=+3.622(obj=+3.005 bg=+3.645) mse=6.084(obj=3.434 bg=6.176)  lr=9.54e-04  tot=1.0min
10:27:20  [143/1000]  train nll=+3.378(obj=+2.674 bg=+3.404) mse=5.975(obj=3.181 bg=6.073)  val nll=+3.490(obj=+3.042 bg=+3.506) mse=6.025(obj=3.452 bg=6.119)  lr=9.53e-04  tot=1.0min
10:27:20  [144/1000]  train nll=+3.275(obj=+2.574 bg=+3.303) mse=5.950(obj=2.947 bg=6.057)  val nll=+3.585(obj=+3.003 bg=+3.607) mse=6.213(obj=3.609 bg=6.304)  lr=9.53e-04  tot=1.0min
10:27:21  [145/1000]  train nll=+3.517(obj=+2.959 bg=+3.537) mse=6.521(obj=3.321 bg=6.630)  val nll=+3.992(obj=+3.267 bg=+4.016) mse=5.978(obj=3.357 bg=6.070)  lr=9.52e-04  tot=1.0min
10:27:21  [146/1000]  train nll=+3.622(obj=+3.013 bg=+3.644) mse=6.682(obj=3.396 bg=6.794)  val nll=+3.396(obj=+2.538 bg=+3.427) mse=6.839(obj=2.972 bg=6.972)  lr=9.51e-04  tot=1.0min
10:27:21  [147/1000]  train nll=+3.479(obj=+2.775 bg=+3.503) mse=6.217(obj=3.183 bg=6.318)  val nll=+3.406(obj=+2.620 bg=+3.435) mse=6.609(obj=2.870 bg=6.748)  lr=9.51e-04  tot=1.1min
10:27:22  [148/1000]  train nll=+3.452(obj=+2.778 bg=+3.478) mse=6.234(obj=3.261 bg=6.340)  val nll=+3.349(obj=+2.553 bg=+3.378) mse=6.479(obj=3.074 bg=6.600)  lr=9.50e-04  tot=1.1min
10:27:22  [149/1000]  train nll=+3.191(obj=+2.575 bg=+3.215) mse=5.201(obj=2.934 bg=5.287)  val nll=+3.521(obj=+2.862 bg=+3.547) mse=6.868(obj=3.211 bg=6.996)  lr=9.49e-04  tot=1.1min
10:27:23  [150/1000]  train nll=+3.319(obj=+2.678 bg=+3.343) mse=6.015(obj=3.162 bg=6.113)  val nll=+3.439(obj=+2.908 bg=+3.459) mse=6.042(obj=3.228 bg=6.137)  lr=9.49e-04  tot=1.1min
10:27:23  [151/1000]  train nll=+3.424(obj=+2.646 bg=+3.451) mse=6.832(obj=3.080 bg=6.962)  val nll=+3.159(obj=+2.449 bg=+3.184) mse=5.857(obj=2.881 bg=5.964)  lr=9.48e-04  tot=1.1min
10:27:24  [152/1000]  train nll=+3.390(obj=+2.582 bg=+3.420) mse=6.379(obj=3.043 bg=6.496)  val nll=+3.394(obj=+2.621 bg=+3.423) mse=6.775(obj=3.039 bg=6.913)  lr=9.47e-04  tot=1.1min
10:27:24  [153/1000]  train nll=+3.231(obj=+2.611 bg=+3.254) mse=5.691(obj=3.048 bg=5.785)  val nll=+3.381(obj=+2.757 bg=+3.402) mse=6.036(obj=3.263 bg=6.132)  lr=9.46e-04  tot=1.1min
10:27:24  [154/1000]  train nll=+3.440(obj=+2.489 bg=+3.472) mse=6.574(obj=2.815 bg=6.702)  val nll=+3.377(obj=+2.715 bg=+3.399) mse=5.797(obj=3.103 bg=5.889)  lr=9.46e-04  tot=1.1min
10:27:25  [155/1000]  train nll=+3.408(obj=+2.693 bg=+3.436) mse=6.465(obj=3.141 bg=6.593)  val nll=+3.418(obj=+2.819 bg=+3.438) mse=6.353(obj=3.458 bg=6.452)  lr=9.45e-04  tot=1.1min
10:27:25  [156/1000]  train nll=+3.317(obj=+2.739 bg=+3.337) mse=5.697(obj=3.179 bg=5.781)  val nll=+3.735(obj=+2.973 bg=+3.763) mse=7.013(obj=3.380 bg=7.148)  lr=9.44e-04  tot=1.1min
10:27:26  [157/1000]  train nll=+3.547(obj=+2.754 bg=+3.575) mse=6.192(obj=3.019 bg=6.308)  val nll=+3.333(obj=+2.682 bg=+3.356) mse=5.714(obj=3.176 bg=5.804)  lr=9.44e-04  tot=1.1min
10:27:26  [158/1000]  train nll=+3.312(obj=+2.594 bg=+3.337) mse=5.925(obj=2.962 bg=6.027)  val nll=+3.383(obj=+2.696 bg=+3.409) mse=6.281(obj=3.103 bg=6.393)  lr=9.43e-04  tot=1.1min
10:27:27  [159/1000]  train nll=+3.337(obj=+2.658 bg=+3.361) mse=5.769(obj=3.315 bg=5.853)  val nll=+3.144(obj=+2.518 bg=+3.166) mse=5.631(obj=3.007 bg=5.722)  lr=9.42e-04  tot=1.1min
10:27:27  [160/1000]  train nll=+3.322(obj=+2.601 bg=+3.348) mse=6.166(obj=3.048 bg=6.271)  val nll=+3.234(obj=+2.483 bg=+3.262) mse=6.134(obj=3.072 bg=6.246)  lr=9.41e-04  tot=1.2min
10:27:28  [161/1000]  train nll=+3.337(obj=+2.607 bg=+3.364) mse=6.184(obj=3.127 bg=6.293)  val nll=+3.331(obj=+2.651 bg=+3.355) mse=5.939(obj=3.138 bg=6.039)  lr=9.41e-04  tot=1.2min
10:27:28  [162/1000]  train nll=+3.369(obj=+2.725 bg=+3.393) mse=6.344(obj=3.217 bg=6.457)  val nll=+3.332(obj=+2.684 bg=+3.355) mse=5.895(obj=3.172 bg=5.992)  lr=9.40e-04  tot=1.2min
10:27:28  [163/1000]  train nll=+3.317(obj=+2.668 bg=+3.343) mse=5.815(obj=3.017 bg=5.914)  val nll=+3.180(obj=+2.438 bg=+3.206) mse=5.743(obj=2.831 bg=5.843)  lr=9.39e-04  tot=1.2min
10:27:29  [164/1000]  train nll=+3.348(obj=+2.654 bg=+3.372) mse=5.672(obj=3.181 bg=5.758)  val nll=+3.223(obj=+2.493 bg=+3.248) mse=5.988(obj=2.985 bg=6.090)  lr=9.38e-04  tot=1.2min
10:27:29  [165/1000]  train nll=+3.268(obj=+2.440 bg=+3.299) mse=6.472(obj=2.814 bg=6.604)  val nll=+3.315(obj=+2.616 bg=+3.340) mse=5.789(obj=3.141 bg=5.882)  lr=9.38e-04  tot=1.2min
10:27:30  [166/1000]  train nll=+3.352(obj=+2.705 bg=+3.375) mse=6.626(obj=3.240 bg=6.743)  val nll=+3.267(obj=+2.527 bg=+3.292) mse=6.244(obj=3.012 bg=6.353)  lr=9.37e-04  tot=1.2min
10:27:30  [167/1000]  train nll=+3.350(obj=+2.681 bg=+3.375) mse=5.766(obj=3.099 bg=5.862)  val nll=+3.404(obj=+2.684 bg=+3.431) mse=6.520(obj=3.242 bg=6.634)  lr=9.36e-04  tot=1.2min
10:27:30  [168/1000]  train nll=+3.331(obj=+2.805 bg=+3.352) mse=6.088(obj=3.321 bg=6.189)  val nll=+3.258(obj=+2.603 bg=+3.280) mse=5.822(obj=2.992 bg=5.921)  lr=9.35e-04  tot=1.2min
10:27:31  [169/1000]  train nll=+3.379(obj=+2.743 bg=+3.403) mse=6.865(obj=3.286 bg=6.991)  val nll=+3.266(obj=+2.585 bg=+3.291) mse=6.080(obj=3.094 bg=6.188)  lr=9.35e-04  tot=1.2min
10:27:31  [170/1000]  train nll=+3.241(obj=+2.576 bg=+3.264) mse=6.016(obj=3.017 bg=6.122)  val nll=+3.388(obj=+2.539 bg=+3.418) mse=6.534(obj=2.848 bg=6.657)  lr=9.34e-04  tot=1.2min
10:27:32  [171/1000]  train nll=+3.346(obj=+2.666 bg=+3.372) mse=5.721(obj=3.024 bg=5.817)  val nll=+3.663(obj=+2.982 bg=+3.691) mse=6.512(obj=3.353 bg=6.627)  lr=9.33e-04  tot=1.2min
10:27:32  [172/1000]  train nll=+3.489(obj=+2.778 bg=+3.514) mse=6.357(obj=3.403 bg=6.460)  val nll=+3.308(obj=+2.657 bg=+3.332) mse=5.759(obj=3.179 bg=5.851)  lr=9.32e-04  tot=1.2min
10:27:32  [173/1000]  train nll=+3.335(obj=+2.706 bg=+3.356) mse=5.975(obj=3.098 bg=6.074)  val nll=+3.338(obj=+2.505 bg=+3.367) mse=6.179(obj=2.992 bg=6.286)  lr=9.31e-04  tot=1.2min
10:27:33  [174/1000]  train nll=+3.605(obj=+2.901 bg=+3.632) mse=6.152(obj=3.181 bg=6.259)  val nll=+3.454(obj=+2.788 bg=+3.478) mse=6.101(obj=3.010 bg=6.213)  lr=9.31e-04  tot=1.2min
10:27:33  [175/1000]  train nll=+3.414(obj=+2.682 bg=+3.440) mse=6.272(obj=3.084 bg=6.382)  val nll=+3.352(obj=+2.758 bg=+3.373) mse=5.951(obj=3.018 bg=6.056)  lr=9.30e-04  tot=1.3min
10:27:34  [176/1000]  train nll=+3.353(obj=+2.587 bg=+3.382) mse=5.996(obj=2.966 bg=6.107)  val nll=+3.363(obj=+2.588 bg=+3.391) mse=6.362(obj=2.903 bg=6.487)  lr=9.29e-04  tot=1.3min
10:27:34  [177/1000]  train nll=+3.246(obj=+2.560 bg=+3.270) mse=5.440(obj=3.003 bg=5.527)  val nll=+3.456(obj=+2.788 bg=+3.481) mse=6.221(obj=3.486 bg=6.319)  lr=9.28e-04  tot=1.3min
10:27:35  [178/1000]  train nll=+3.436(obj=+2.921 bg=+3.457) mse=6.077(obj=3.323 bg=6.183)  val nll=+3.414(obj=+2.724 bg=+3.439) mse=6.229(obj=3.181 bg=6.333)  lr=9.27e-04  tot=1.3min
10:27:35  [179/1000]  train nll=+3.351(obj=+2.532 bg=+3.380) mse=5.709(obj=2.747 bg=5.812)  val nll=+4.343(obj=+3.432 bg=+4.373) mse=6.736(obj=3.085 bg=6.857)  lr=9.26e-04  tot=1.3min
10:27:35  [180/1000]  train nll=+3.667(obj=+2.896 bg=+3.694) mse=6.849(obj=3.361 bg=6.969)  val nll=+3.196(obj=+2.589 bg=+3.218) mse=5.747(obj=3.013 bg=5.842)  lr=9.26e-04  tot=1.3min
10:27:36  [181/1000]  train nll=+3.713(obj=+2.927 bg=+3.739) mse=6.568(obj=3.459 bg=6.668)  val nll=+3.630(obj=+2.954 bg=+3.655) mse=6.645(obj=3.575 bg=6.752)  lr=9.25e-04  tot=1.3min
10:27:36  [182/1000]  train nll=+3.322(obj=+2.774 bg=+3.341) mse=5.771(obj=3.141 bg=5.861)  val nll=+3.314(obj=+2.609 bg=+3.340) mse=5.725(obj=3.111 bg=5.821)  lr=9.24e-04  tot=1.3min
10:27:37  [183/1000]  train nll=+3.370(obj=+2.624 bg=+3.396) mse=5.701(obj=3.174 bg=5.787)  val nll=+3.373(obj=+2.652 bg=+3.399) mse=5.859(obj=3.113 bg=5.957)  lr=9.23e-04  tot=1.3min
10:27:37  [184/1000]  train nll=+3.354(obj=+2.602 bg=+3.380) mse=6.071(obj=3.044 bg=6.174)  val nll=+3.666(obj=+2.980 bg=+3.690) mse=6.565(obj=3.454 bg=6.674)  lr=9.22e-04  tot=1.3min
10:27:37  [185/1000]  train nll=+3.443(obj=+2.851 bg=+3.464) mse=6.197(obj=3.341 bg=6.296)  val nll=+3.356(obj=+2.575 bg=+3.384) mse=6.499(obj=2.978 bg=6.624)  lr=9.21e-04  tot=1.3min
10:27:38  [186/1000]  train nll=+3.360(obj=+2.709 bg=+3.384) mse=6.105(obj=3.163 bg=6.208)  val nll=+3.170(obj=+2.518 bg=+3.195) mse=5.863(obj=3.054 bg=5.966)  lr=9.21e-04  tot=1.3min
10:27:38  [187/1000]  train nll=+3.263(obj=+2.561 bg=+3.287) mse=6.104(obj=2.943 bg=6.209)  val nll=+3.302(obj=+2.572 bg=+3.328) mse=6.589(obj=3.089 bg=6.714)  lr=9.20e-04  tot=1.3min
10:27:39  [188/1000]  train nll=+3.352(obj=+2.746 bg=+3.374) mse=6.284(obj=3.255 bg=6.393)  val nll=+3.115(obj=+2.416 bg=+3.140) mse=5.194(obj=2.956 bg=5.272)  lr=9.19e-04  tot=1.3min
10:27:39  [189/1000]  train nll=+3.326(obj=+2.737 bg=+3.347) mse=6.136(obj=3.154 bg=6.237)  val nll=+3.230(obj=+2.484 bg=+3.257) mse=6.045(obj=2.924 bg=6.155)  lr=9.18e-04  tot=1.3min
10:27:39  [190/1000]  train nll=+3.416(obj=+2.677 bg=+3.445) mse=5.975(obj=2.915 bg=6.093)  val nll=+3.347(obj=+2.726 bg=+3.368) mse=6.015(obj=3.060 bg=6.118)  lr=9.17e-04  tot=1.4min
10:27:40  [191/1000]  train nll=+3.356(obj=+2.627 bg=+3.381) mse=5.912(obj=2.970 bg=6.012)  val nll=+3.252(obj=+2.531 bg=+3.278) mse=5.658(obj=2.954 bg=5.752)  lr=9.16e-04  tot=1.4min
10:27:40  [192/1000]  train nll=+3.313(obj=+2.653 bg=+3.339) mse=5.890(obj=3.113 bg=5.992)  val nll=+3.965(obj=+3.498 bg=+3.981) mse=6.413(obj=3.711 bg=6.503)  lr=9.15e-04  tot=1.4min
10:27:41  [193/1000]  train nll=+3.366(obj=+2.679 bg=+3.390) mse=6.004(obj=3.139 bg=6.098)  val nll=+3.255(obj=+2.436 bg=+3.284) mse=5.885(obj=2.806 bg=5.991)  lr=9.15e-04  tot=1.4min
10:27:41  [194/1000]  train nll=+3.266(obj=+2.614 bg=+3.289) mse=5.765(obj=3.023 bg=5.859)  val nll=+3.147(obj=+2.305 bg=+3.178) mse=5.605(obj=2.667 bg=5.709)  lr=9.14e-04  tot=1.4min
10:27:42  [195/1000]  train nll=+3.443(obj=+2.655 bg=+3.473) mse=5.838(obj=2.860 bg=5.948)  val nll=+3.413(obj=+2.691 bg=+3.438) mse=5.562(obj=2.946 bg=5.654)  lr=9.13e-04  tot=1.4min
10:27:42  [196/1000]  train nll=+3.360(obj=+2.534 bg=+3.389) mse=6.196(obj=3.009 bg=6.308)  val nll=+3.366(obj=+2.763 bg=+3.387) mse=5.945(obj=3.213 bg=6.039)  lr=9.12e-04  tot=1.4min
10:27:42  [197/1000]  train nll=+3.322(obj=+2.641 bg=+3.346) mse=6.130(obj=3.098 bg=6.232)  val nll=+3.219(obj=+2.452 bg=+3.245) mse=5.958(obj=2.893 bg=6.060)  lr=9.11e-04  tot=1.4min
10:27:43  [198/1000]  train nll=+3.266(obj=+2.587 bg=+3.291) mse=5.852(obj=3.104 bg=5.945)  val nll=+3.435(obj=+2.789 bg=+3.458) mse=6.463(obj=3.060 bg=6.583)  lr=9.10e-04  tot=1.4min
10:27:43  [199/1000]  train nll=+3.333(obj=+2.711 bg=+3.356) mse=6.246(obj=3.209 bg=6.354)  val nll=+3.206(obj=+2.538 bg=+3.231) mse=5.743(obj=2.952 bg=5.843)  lr=9.09e-04  tot=1.4min
10:27:44  [200/1000]  train nll=+3.416(obj=+2.696 bg=+3.443) mse=6.586(obj=3.192 bg=6.702)  val nll=+3.320(obj=+2.624 bg=+3.345) mse=5.884(obj=3.052 bg=5.981)  lr=9.08e-04  tot=1.4min
10:27:44  [201/1000]  train nll=+3.289(obj=+2.542 bg=+3.315) mse=6.199(obj=2.998 bg=6.312)  val nll=+3.167(obj=+2.559 bg=+3.190) mse=5.801(obj=3.146 bg=5.897)  lr=9.07e-04  tot=1.4min
10:27:45  [202/1000]  train nll=+3.273(obj=+2.418 bg=+3.301) mse=6.240(obj=2.861 bg=6.347)  val nll=+3.651(obj=+2.934 bg=+3.675) mse=6.663(obj=3.296 bg=6.772)  lr=9.06e-04  tot=1.4min
10:27:45  [203/1000]  train nll=+3.288(obj=+2.594 bg=+3.313) mse=5.762(obj=2.937 bg=5.864)  val nll=+3.360(obj=+2.728 bg=+3.384) mse=6.640(obj=3.222 bg=6.762)  lr=9.06e-04  tot=1.4min
10:27:45  [204/1000]  train nll=+3.152(obj=+2.459 bg=+3.179) mse=5.670(obj=2.905 bg=5.771)  val nll=+3.346(obj=+2.687 bg=+3.369) mse=5.528(obj=3.040 bg=5.615)  lr=9.05e-04  tot=1.5min
10:27:46  [205/1000]  train nll=+3.308(obj=+2.717 bg=+3.328) mse=5.689(obj=3.012 bg=5.783)  val nll=+3.288(obj=+2.723 bg=+3.306) mse=5.796(obj=3.229 bg=5.879)  lr=9.04e-04  tot=1.5min
10:27:46  [206/1000]  train nll=+3.361(obj=+2.676 bg=+3.386) mse=6.286(obj=3.245 bg=6.393)  val nll=+3.317(obj=+2.590 bg=+3.345) mse=6.008(obj=3.135 bg=6.118)  lr=9.03e-04  tot=1.5min
10:27:47  [207/1000]  train nll=+3.198(obj=+2.571 bg=+3.221) mse=5.590(obj=3.054 bg=5.676)  val nll=+3.591(obj=+2.979 bg=+3.614) mse=6.163(obj=3.440 bg=6.260)  lr=9.02e-04  tot=1.5min
10:27:47  [208/1000]  train nll=+3.395(obj=+2.855 bg=+3.414) mse=5.571(obj=3.333 bg=5.646)  val nll=+3.368(obj=+2.749 bg=+3.390) mse=6.001(obj=3.288 bg=6.098)  lr=9.01e-04  tot=1.5min
10:27:48  [209/1000]  train nll=+3.440(obj=+2.952 bg=+3.457) mse=5.700(obj=3.441 bg=5.775)  val nll=+3.316(obj=+2.662 bg=+3.339) mse=5.894(obj=3.115 bg=5.988)  lr=9.00e-04  tot=1.5min
10:27:48  [210/1000]  train nll=+3.403(obj=+2.714 bg=+3.428) mse=6.019(obj=3.181 bg=6.119)  val nll=+3.202(obj=+2.484 bg=+3.228) mse=5.949(obj=2.872 bg=6.058)  lr=8.99e-04  tot=1.5min
10:27:49  [211/1000]  train nll=+3.806(obj=+2.981 bg=+3.835) mse=6.660(obj=3.457 bg=6.772)  val nll=+3.464(obj=+2.868 bg=+3.487) mse=5.921(obj=3.290 bg=6.017)  lr=8.98e-04  tot=1.5min
10:27:49  [212/1000]  train nll=+3.393(obj=+2.689 bg=+3.420) mse=5.761(obj=3.115 bg=5.863)  val nll=+3.239(obj=+2.510 bg=+3.264) mse=6.077(obj=2.948 bg=6.186)  lr=8.97e-04  tot=1.5min
10:27:50  [213/1000]  train nll=+3.187(obj=+2.396 bg=+3.214) mse=5.554(obj=2.839 bg=5.647)  val nll=+3.229(obj=+2.540 bg=+3.255) mse=5.714(obj=2.919 bg=5.814)  lr=8.96e-04  tot=1.5min
10:27:50  [214/1000]  train nll=+3.511(obj=+2.830 bg=+3.538) mse=6.429(obj=3.139 bg=6.561)  val nll=+3.204(obj=+2.543 bg=+3.229) mse=5.783(obj=3.043 bg=5.877)  lr=8.95e-04  tot=1.5min
10:27:50  [215/1000]  train nll=+3.270(obj=+2.492 bg=+3.298) mse=6.131(obj=2.963 bg=6.244)  val nll=+3.177(obj=+2.615 bg=+3.195) mse=5.636(obj=2.909 bg=5.729)  lr=8.94e-04  tot=1.5min
10:27:51  [216/1000]  train nll=+3.477(obj=+2.763 bg=+3.502) mse=5.937(obj=3.290 bg=6.031)  val nll=+3.360(obj=+2.668 bg=+3.385) mse=6.065(obj=3.198 bg=6.166)  lr=8.93e-04  tot=1.5min
10:27:51  [217/1000]  train nll=+3.354(obj=+2.695 bg=+3.379) mse=5.586(obj=3.067 bg=5.674)  val nll=+3.284(obj=+2.550 bg=+3.312) mse=6.468(obj=3.066 bg=6.592)  lr=8.92e-04  tot=1.6min
10:27:52  [218/1000]  train nll=+3.374(obj=+2.816 bg=+3.394) mse=6.083(obj=3.327 bg=6.178)  val nll=+3.260(obj=+2.616 bg=+3.283) mse=5.790(obj=2.979 bg=5.887)  lr=8.91e-04  tot=1.6min
10:27:52  [219/1000]  train nll=+3.393(obj=+2.552 bg=+3.422) mse=6.736(obj=2.994 bg=6.865)  val nll=+3.109(obj=+2.383 bg=+3.134) mse=5.658(obj=2.822 bg=5.752)  lr=8.90e-04  tot=1.6min
10:27:53  [220/1000]  train nll=+3.158(obj=+2.508 bg=+3.182) mse=5.450(obj=2.972 bg=5.533)  val nll=+3.055(obj=+2.398 bg=+3.079) mse=5.569(obj=2.840 bg=5.669)  lr=8.89e-04  tot=1.6min
10:27:53    ↳ saved (val_nll=3.0546)
10:27:53  [221/1000]  train nll=+3.324(obj=+2.721 bg=+3.346) mse=5.866(obj=3.249 bg=5.954)  val nll=+3.276(obj=+2.495 bg=+3.303) mse=5.933(obj=2.899 bg=6.035)  lr=8.88e-04  tot=1.6min
10:27:54  [222/1000]  train nll=+3.389(obj=+2.744 bg=+3.413) mse=5.813(obj=3.292 bg=5.906)  val nll=+3.471(obj=+2.761 bg=+3.495) mse=6.332(obj=3.023 bg=6.444)  lr=8.87e-04  tot=1.6min
10:27:54  [223/1000]  train nll=+3.257(obj=+2.588 bg=+3.284) mse=5.596(obj=3.044 bg=5.694)  val nll=+3.347(obj=+2.665 bg=+3.371) mse=6.251(obj=3.062 bg=6.359)  lr=8.86e-04  tot=1.6min
10:27:54  [224/1000]  train nll=+3.217(obj=+2.486 bg=+3.243) mse=5.862(obj=3.004 bg=5.962)  val nll=+3.135(obj=+2.328 bg=+3.164) mse=5.564(obj=2.794 bg=5.662)  lr=8.85e-04  tot=1.6min
10:27:55  [225/1000]  train nll=+3.370(obj=+2.637 bg=+3.395) mse=6.157(obj=3.139 bg=6.258)  val nll=+3.177(obj=+2.423 bg=+3.205) mse=5.686(obj=2.830 bg=5.789)  lr=8.84e-04  tot=1.6min
10:27:55  [226/1000]  train nll=+3.397(obj=+2.691 bg=+3.421) mse=6.261(obj=3.210 bg=6.364)  val nll=+3.236(obj=+2.505 bg=+3.261) mse=5.877(obj=2.912 bg=5.975)  lr=8.83e-04  tot=1.6min
10:27:56  [227/1000]  train nll=+3.184(obj=+2.623 bg=+3.207) mse=5.814(obj=3.038 bg=5.917)  val nll=+3.158(obj=+2.438 bg=+3.183) mse=5.582(obj=2.985 bg=5.671)  lr=8.82e-04  tot=1.6min
10:27:56  [228/1000]  train nll=+3.289(obj=+2.567 bg=+3.314) mse=5.915(obj=2.906 bg=6.017)  val nll=+3.227(obj=+2.400 bg=+3.256) mse=5.855(obj=2.807 bg=5.961)  lr=8.81e-04  tot=1.6min
10:27:57  [229/1000]  train nll=+3.314(obj=+2.651 bg=+3.337) mse=5.779(obj=3.110 bg=5.870)  val nll=+3.950(obj=+3.244 bg=+3.973) mse=7.126(obj=3.463 bg=7.249)  lr=8.80e-04  tot=1.6min
10:27:57  [230/1000]  train nll=+3.539(obj=+2.960 bg=+3.559) mse=6.191(obj=3.423 bg=6.284)  val nll=+3.473(obj=+2.804 bg=+3.498) mse=6.158(obj=3.229 bg=6.263)  lr=8.79e-04  tot=1.6min
10:27:57  [231/1000]  train nll=+3.406(obj=+2.745 bg=+3.429) mse=6.080(obj=3.142 bg=6.182)  val nll=+3.268(obj=+2.499 bg=+3.296) mse=5.712(obj=2.993 bg=5.810)  lr=8.78e-04  tot=1.7min
10:27:58  [232/1000]  train nll=+3.475(obj=+2.746 bg=+3.499) mse=6.141(obj=3.218 bg=6.238)  val nll=+3.558(obj=+2.839 bg=+3.584) mse=6.415(obj=3.215 bg=6.528)  lr=8.77e-04  tot=1.7min
10:27:58  [233/1000]  train nll=+3.464(obj=+2.886 bg=+3.485) mse=5.996(obj=3.525 bg=6.086)  val nll=+3.158(obj=+2.399 bg=+3.186) mse=5.874(obj=2.777 bg=5.986)  lr=8.76e-04  tot=1.7min
10:27:59  [234/1000]  train nll=+3.238(obj=+2.590 bg=+3.262) mse=5.872(obj=3.072 bg=5.969)  val nll=+3.328(obj=+2.514 bg=+3.355) mse=6.053(obj=2.935 bg=6.158)  lr=8.75e-04  tot=1.7min
10:27:59  [235/1000]  train nll=+3.409(obj=+2.767 bg=+3.433) mse=6.257(obj=3.407 bg=6.354)  val nll=+3.298(obj=+2.616 bg=+3.323) mse=6.237(obj=3.098 bg=6.346)  lr=8.74e-04  tot=1.7min
10:27:59  [236/1000]  train nll=+3.350(obj=+2.622 bg=+3.376) mse=6.317(obj=3.005 bg=6.435)  val nll=+3.126(obj=+2.515 bg=+3.149) mse=5.415(obj=2.994 bg=5.501)  lr=8.73e-04  tot=1.7min
10:28:00  [237/1000]  train nll=+3.225(obj=+2.516 bg=+3.249) mse=5.975(obj=2.965 bg=6.076)  val nll=+3.226(obj=+2.497 bg=+3.252) mse=5.816(obj=2.915 bg=5.917)  lr=8.72e-04  tot=1.7min
10:28:00  [238/1000]  train nll=+3.351(obj=+2.640 bg=+3.377) mse=6.210(obj=3.167 bg=6.319)  val nll=+3.485(obj=+2.806 bg=+3.509) mse=6.130(obj=3.338 bg=6.229)  lr=8.71e-04  tot=1.7min
10:28:01  [239/1000]  train nll=+3.339(obj=+2.665 bg=+3.364) mse=5.723(obj=3.128 bg=5.814)  val nll=+3.146(obj=+2.435 bg=+3.169) mse=6.025(obj=2.800 bg=6.130)  lr=8.70e-04  tot=1.7min
10:28:01  [240/1000]  train nll=+3.176(obj=+2.464 bg=+3.201) mse=5.798(obj=2.946 bg=5.895)  val nll=+3.216(obj=+2.287 bg=+3.250) mse=5.931(obj=2.711 bg=6.052)  lr=8.69e-04  tot=1.7min
10:28:01  [241/1000]  train nll=+3.185(obj=+2.473 bg=+3.210) mse=5.730(obj=2.900 bg=5.828)  val nll=+3.291(obj=+2.680 bg=+3.314) mse=5.706(obj=3.057 bg=5.801)  lr=8.68e-04  tot=1.7min
10:28:02  [242/1000]  train nll=+3.245(obj=+2.410 bg=+3.277) mse=5.893(obj=2.901 bg=6.002)  val nll=+3.273(obj=+2.633 bg=+3.296) mse=5.736(obj=3.118 bg=5.826)  lr=8.67e-04  tot=1.7min
10:28:02  [243/1000]  train nll=+3.433(obj=+3.067 bg=+3.446) mse=5.926(obj=3.311 bg=6.019)  val nll=+3.242(obj=+2.618 bg=+3.266) mse=5.618(obj=3.084 bg=5.714)  lr=8.65e-04  tot=1.7min
10:28:03  [244/1000]  train nll=+3.215(obj=+2.513 bg=+3.240) mse=5.705(obj=2.977 bg=5.798)  val nll=+3.338(obj=+2.703 bg=+3.362) mse=6.063(obj=3.218 bg=6.165)  lr=8.64e-04  tot=1.7min
10:28:03  [245/1000]  train nll=+3.297(obj=+2.531 bg=+3.324) mse=5.791(obj=2.853 bg=5.899)  val nll=+3.294(obj=+2.628 bg=+3.317) mse=5.820(obj=3.047 bg=5.910)  lr=8.63e-04  tot=1.7min
10:28:03  [246/1000]  train nll=+3.381(obj=+2.936 bg=+3.397) mse=6.012(obj=3.355 bg=6.106)  val nll=+3.330(obj=+2.654 bg=+3.354) mse=6.063(obj=3.168 bg=6.167)  lr=8.62e-04  tot=1.8min
10:28:04  [247/1000]  train nll=+3.263(obj=+2.457 bg=+3.294) mse=6.097(obj=2.957 bg=6.215)  val nll=+3.131(obj=+2.416 bg=+3.155) mse=5.479(obj=2.781 bg=5.571)  lr=8.61e-04  tot=1.8min
10:28:04  [248/1000]  train nll=+3.207(obj=+2.600 bg=+3.230) mse=5.631(obj=3.033 bg=5.722)  val nll=+3.257(obj=+2.492 bg=+3.284) mse=5.948(obj=3.006 bg=6.047)  lr=8.60e-04  tot=1.8min
10:28:05  [249/1000]  train nll=+3.280(obj=+2.597 bg=+3.304) mse=6.471(obj=3.240 bg=6.577)  val nll=+3.335(obj=+2.708 bg=+3.356) mse=5.992(obj=3.273 bg=6.083)  lr=8.59e-04  tot=1.8min
10:28:05  [250/1000]  train nll=+3.252(obj=+2.493 bg=+3.279) mse=5.537(obj=2.966 bg=5.629)  val nll=+3.171(obj=+2.410 bg=+3.198) mse=5.728(obj=2.750 bg=5.835)  lr=8.58e-04  tot=1.8min
10:28:05  [251/1000]  train nll=+3.134(obj=+2.365 bg=+3.162) mse=5.381(obj=2.791 bg=5.469)  val nll=+3.371(obj=+2.879 bg=+3.389) mse=5.991(obj=3.256 bg=6.088)  lr=8.57e-04  tot=1.8min
10:28:06  [252/1000]  train nll=+3.197(obj=+2.526 bg=+3.224) mse=5.422(obj=3.031 bg=5.511)  val nll=+3.493(obj=+2.937 bg=+3.512) mse=5.686(obj=3.270 bg=5.768)  lr=8.56e-04  tot=1.8min
10:28:06  [253/1000]  train nll=+3.384(obj=+2.677 bg=+3.407) mse=6.415(obj=3.136 bg=6.522)  val nll=+3.268(obj=+2.451 bg=+3.296) mse=6.411(obj=2.831 bg=6.537)  lr=8.55e-04  tot=1.8min
10:28:07  [254/1000]  train nll=+3.367(obj=+2.671 bg=+3.392) mse=6.000(obj=3.159 bg=6.096)  val nll=+3.264(obj=+2.524 bg=+3.289) mse=5.994(obj=3.016 bg=6.098)  lr=8.53e-04  tot=1.8min
10:28:07  [255/1000]  train nll=+3.221(obj=+2.726 bg=+3.240) mse=5.095(obj=3.270 bg=5.159)  val nll=+3.164(obj=+2.388 bg=+3.191) mse=5.587(obj=2.772 bg=5.685)  lr=8.52e-04  tot=1.8min
10:28:07  [256/1000]  train nll=+3.178(obj=+2.481 bg=+3.204) mse=5.322(obj=2.997 bg=5.413)  val nll=+3.739(obj=+3.166 bg=+3.760) mse=6.154(obj=3.328 bg=6.252)  lr=8.51e-04  tot=1.8min
10:28:08  [257/1000]  train nll=+3.358(obj=+2.644 bg=+3.383) mse=5.854(obj=3.200 bg=5.945)  val nll=+3.250(obj=+2.656 bg=+3.271) mse=6.189(obj=3.177 bg=6.292)  lr=8.50e-04  tot=1.8min
10:28:08  [258/1000]  train nll=+3.326(obj=+2.597 bg=+3.351) mse=6.073(obj=3.191 bg=6.170)  val nll=+3.141(obj=+2.412 bg=+3.168) mse=5.891(obj=2.838 bg=5.997)  lr=8.49e-04  tot=1.8min
10:28:09  [259/1000]  train nll=+3.180(obj=+2.470 bg=+3.205) mse=5.359(obj=2.897 bg=5.445)  val nll=+3.360(obj=+2.698 bg=+3.387) mse=6.174(obj=2.935 bg=6.295)  lr=8.48e-04  tot=1.8min
10:28:09  [260/1000]  train nll=+3.276(obj=+2.425 bg=+3.308) mse=5.432(obj=2.791 bg=5.528)  val nll=+3.204(obj=+2.490 bg=+3.229) mse=5.303(obj=2.880 bg=5.387)  lr=8.47e-04  tot=1.8min
10:28:09  [261/1000]  train nll=+3.256(obj=+2.501 bg=+3.282) mse=5.768(obj=2.827 bg=5.867)  val nll=+3.228(obj=+2.514 bg=+3.253) mse=5.943(obj=2.974 bg=6.043)  lr=8.46e-04  tot=1.9min
10:28:10  [262/1000]  train nll=+3.200(obj=+2.454 bg=+3.227) mse=5.794(obj=2.944 bg=5.895)  val nll=+3.123(obj=+2.296 bg=+3.153) mse=5.829(obj=2.762 bg=5.937)  lr=8.44e-04  tot=1.9min
10:28:10  [263/1000]  train nll=+3.314(obj=+2.594 bg=+3.337) mse=5.898(obj=3.006 bg=5.988)  val nll=+3.246(obj=+2.561 bg=+3.271) mse=5.994(obj=3.044 bg=6.099)  lr=8.43e-04  tot=1.9min
10:28:11  [264/1000]  train nll=+3.374(obj=+2.699 bg=+3.399) mse=6.455(obj=3.290 bg=6.570)  val nll=+3.165(obj=+2.456 bg=+3.190) mse=5.859(obj=2.881 bg=5.963)  lr=8.42e-04  tot=1.9min
10:28:11  [265/1000]  train nll=+3.233(obj=+2.590 bg=+3.255) mse=5.536(obj=3.188 bg=5.618)  val nll=+3.177(obj=+2.577 bg=+3.200) mse=5.587(obj=3.266 bg=5.673)  lr=8.41e-04  tot=1.9min
10:28:11  [266/1000]  train nll=+3.152(obj=+2.437 bg=+3.176) mse=5.878(obj=2.943 bg=5.976)  val nll=+3.102(obj=+2.325 bg=+3.131) mse=5.895(obj=2.849 bg=6.003)  lr=8.40e-04  tot=1.9min
10:28:12  [267/1000]  train nll=+3.396(obj=+2.720 bg=+3.420) mse=5.943(obj=2.904 bg=6.053)  val nll=+3.198(obj=+2.517 bg=+3.223) mse=5.853(obj=2.923 bg=5.949)  lr=8.39e-04  tot=1.9min
10:28:12  [268/1000]  train nll=+3.238(obj=+2.512 bg=+3.266) mse=6.166(obj=2.997 bg=6.281)  val nll=+3.073(obj=+2.357 bg=+3.098) mse=5.662(obj=2.857 bg=5.754)  lr=8.37e-04  tot=1.9min
10:28:13  [269/1000]  train nll=+3.297(obj=+2.694 bg=+3.320) mse=6.001(obj=3.226 bg=6.101)  val nll=+3.209(obj=+2.472 bg=+3.234) mse=5.745(obj=2.884 bg=5.843)  lr=8.36e-04  tot=1.9min
10:28:13  [270/1000]  train nll=+3.251(obj=+2.549 bg=+3.276) mse=6.131(obj=3.109 bg=6.227)  val nll=+3.229(obj=+2.393 bg=+3.258) mse=6.056(obj=2.798 bg=6.168)  lr=8.35e-04  tot=1.9min
10:28:14  [271/1000]  train nll=+3.128(obj=+2.463 bg=+3.151) mse=5.504(obj=2.928 bg=5.594)  val nll=+3.233(obj=+2.369 bg=+3.263) mse=5.914(obj=2.708 bg=6.023)  lr=8.34e-04  tot=1.9min
10:28:14  [272/1000]  train nll=+3.245(obj=+2.604 bg=+3.268) mse=5.600(obj=3.178 bg=5.681)  val nll=+3.165(obj=+2.390 bg=+3.193) mse=5.650(obj=2.887 bg=5.748)  lr=8.33e-04  tot=1.9min
10:28:14  [273/1000]  train nll=+3.210(obj=+2.580 bg=+3.232) mse=5.746(obj=3.140 bg=5.832)  val nll=+3.233(obj=+2.492 bg=+3.259) mse=5.781(obj=3.013 bg=5.877)  lr=8.32e-04  tot=1.9min
10:28:15  [274/1000]  train nll=+3.344(obj=+2.600 bg=+3.370) mse=6.111(obj=3.027 bg=6.211)  val nll=+3.218(obj=+2.523 bg=+3.242) mse=5.632(obj=3.027 bg=5.722)  lr=8.30e-04  tot=1.9min
10:28:15  [275/1000]  train nll=+3.218(obj=+2.535 bg=+3.242) mse=5.588(obj=2.958 bg=5.679)  val nll=+3.285(obj=+2.628 bg=+3.307) mse=6.292(obj=3.223 bg=6.398)  lr=8.29e-04  tot=2.0min
10:28:16  [276/1000]  train nll=+3.231(obj=+2.547 bg=+3.256) mse=5.741(obj=3.043 bg=5.836)  val nll=+3.244(obj=+2.475 bg=+3.271) mse=5.851(obj=2.909 bg=5.955)  lr=8.28e-04  tot=2.0min
10:28:16  [277/1000]  train nll=+3.242(obj=+2.518 bg=+3.269) mse=6.102(obj=2.999 bg=6.214)  val nll=+3.056(obj=+2.388 bg=+3.080) mse=5.267(obj=2.871 bg=5.350)  lr=8.27e-04  tot=2.0min
10:28:17  [278/1000]  train nll=+3.200(obj=+2.407 bg=+3.229) mse=5.842(obj=2.913 bg=5.943)  val nll=+3.678(obj=+2.858 bg=+3.708) mse=6.602(obj=3.190 bg=6.717)  lr=8.26e-04  tot=2.0min
10:28:17  [279/1000]  train nll=+3.283(obj=+2.628 bg=+3.307) mse=5.865(obj=3.041 bg=5.964)  val nll=+3.145(obj=+2.433 bg=+3.170) mse=5.501(obj=2.882 bg=5.589)  lr=8.24e-04  tot=2.0min
10:28:17  [280/1000]  train nll=+3.283(obj=+2.609 bg=+3.308) mse=5.680(obj=3.030 bg=5.777)  val nll=+3.395(obj=+2.555 bg=+3.424) mse=5.766(obj=2.958 bg=5.864)  lr=8.23e-04  tot=2.0min
10:28:18  [281/1000]  train nll=+3.346(obj=+2.576 bg=+3.372) mse=6.037(obj=2.868 bg=6.145)  val nll=+3.110(obj=+2.487 bg=+3.133) mse=5.628(obj=2.934 bg=5.725)  lr=8.22e-04  tot=2.0min
10:28:18  [282/1000]  train nll=+3.477(obj=+2.766 bg=+3.501) mse=6.123(obj=3.084 bg=6.221)  val nll=+3.448(obj=+2.686 bg=+3.476) mse=6.112(obj=3.058 bg=6.220)  lr=8.21e-04  tot=2.0min
10:28:19  [283/1000]  train nll=+3.278(obj=+2.774 bg=+3.296) mse=5.562(obj=3.312 bg=5.643)  val nll=+3.495(obj=+2.907 bg=+3.516) mse=6.324(obj=3.351 bg=6.420)  lr=8.20e-04  tot=2.0min
10:28:19  [284/1000]  train nll=+3.534(obj=+2.752 bg=+3.562) mse=7.195(obj=3.166 bg=7.333)  val nll=+3.154(obj=+2.645 bg=+3.173) mse=5.259(obj=3.318 bg=5.327)  lr=8.18e-04  tot=2.0min
10:28:20  [285/1000]  train nll=+3.302(obj=+2.566 bg=+3.329) mse=5.822(obj=3.097 bg=5.919)  val nll=+3.193(obj=+2.398 bg=+3.220) mse=6.532(obj=2.932 bg=6.649)  lr=8.17e-04  tot=2.0min
10:28:20  [286/1000]  train nll=+3.554(obj=+3.055 bg=+3.573) mse=6.686(obj=3.314 bg=6.804)  val nll=+3.312(obj=+2.589 bg=+3.337) mse=5.633(obj=2.959 bg=5.723)  lr=8.16e-04  tot=2.0min
10:28:21  [287/1000]  train nll=+3.317(obj=+2.464 bg=+3.347) mse=5.883(obj=2.939 bg=5.985)  val nll=+3.436(obj=+2.823 bg=+3.459) mse=6.517(obj=3.214 bg=6.636)  lr=8.15e-04  tot=2.0min
10:28:21  [288/1000]  train nll=+3.170(obj=+2.504 bg=+3.195) mse=5.661(obj=2.877 bg=5.760)  val nll=+3.199(obj=+2.437 bg=+3.225) mse=5.956(obj=2.781 bg=6.066)  lr=8.14e-04  tot=2.0min
10:28:21  [289/1000]  train nll=+3.412(obj=+2.744 bg=+3.436) mse=5.883(obj=3.126 bg=5.983)  val nll=+3.161(obj=+2.387 bg=+3.189) mse=5.660(obj=2.612 bg=5.767)  lr=8.12e-04  tot=2.1min
10:28:22  [290/1000]  train nll=+3.285(obj=+2.468 bg=+3.315) mse=5.774(obj=2.876 bg=5.874)  val nll=+3.207(obj=+2.679 bg=+3.226) mse=5.438(obj=3.186 bg=5.518)  lr=8.11e-04  tot=2.1min
10:28:22  [291/1000]  train nll=+3.230(obj=+2.573 bg=+3.255) mse=5.559(obj=3.006 bg=5.654)  val nll=+3.171(obj=+2.376 bg=+3.198) mse=5.779(obj=2.854 bg=5.874)  lr=8.10e-04  tot=2.1min
10:28:23  [292/1000]  train nll=+3.253(obj=+2.805 bg=+3.271) mse=5.566(obj=3.219 bg=5.655)  val nll=+3.325(obj=+2.527 bg=+3.356) mse=6.403(obj=3.070 bg=6.523)  lr=8.09e-04  tot=2.1min
10:28:23  [293/1000]  train nll=+3.270(obj=+2.673 bg=+3.291) mse=5.911(obj=3.067 bg=6.009)  val nll=+3.126(obj=+2.450 bg=+3.151) mse=5.620(obj=2.934 bg=5.718)  lr=8.07e-04  tot=2.1min
10:28:24  [294/1000]  train nll=+3.268(obj=+2.554 bg=+3.292) mse=5.653(obj=2.970 bg=5.744)  val nll=+3.066(obj=+2.420 bg=+3.088) mse=5.176(obj=2.897 bg=5.254)  lr=8.06e-04  tot=2.1min
10:28:24  [295/1000]  train nll=+3.135(obj=+2.528 bg=+3.155) mse=5.299(obj=2.899 bg=5.383)  val nll=+3.155(obj=+2.478 bg=+3.178) mse=6.004(obj=3.038 bg=6.107)  lr=8.05e-04  tot=2.1min
10:28:24  [296/1000]  train nll=+3.208(obj=+2.519 bg=+3.231) mse=5.613(obj=2.995 bg=5.702)  val nll=+3.039(obj=+2.303 bg=+3.064) mse=5.383(obj=2.703 bg=5.474)  lr=8.04e-04  tot=2.1min
10:28:24    ↳ saved (val_nll=3.0393)
10:28:25  [297/1000]  train nll=+3.340(obj=+2.698 bg=+3.363) mse=5.756(obj=3.055 bg=5.854)  val nll=+3.113(obj=+2.527 bg=+3.133) mse=5.436(obj=2.915 bg=5.519)  lr=8.02e-04  tot=2.1min
10:28:25  [298/1000]  train nll=+3.197(obj=+2.575 bg=+3.219) mse=5.712(obj=3.117 bg=5.802)  val nll=+3.029(obj=+2.429 bg=+3.050) mse=5.338(obj=2.962 bg=5.422)  lr=8.01e-04  tot=2.1min
10:28:25    ↳ saved (val_nll=3.0293)
10:28:26  [299/1000]  train nll=+3.361(obj=+2.572 bg=+3.389) mse=6.344(obj=3.047 bg=6.457)  val nll=+3.169(obj=+2.432 bg=+3.194) mse=5.470(obj=2.803 bg=5.561)  lr=8.00e-04  tot=2.1min
10:28:26  [300/1000]  train nll=+3.190(obj=+2.469 bg=+3.215) mse=5.488(obj=2.906 bg=5.581)  val nll=+3.142(obj=+2.510 bg=+3.166) mse=5.483(obj=3.021 bg=5.572)  lr=7.99e-04  tot=2.1min
10:28:26  [301/1000]  train nll=+3.235(obj=+2.527 bg=+3.262) mse=5.372(obj=3.030 bg=5.459)  val nll=+3.336(obj=+2.422 bg=+3.369) mse=6.055(obj=2.894 bg=6.169)  lr=7.97e-04  tot=2.1min
10:28:27  [302/1000]  train nll=+3.247(obj=+2.682 bg=+3.272) mse=5.448(obj=3.161 bg=5.539)  val nll=+3.055(obj=+2.390 bg=+3.080) mse=5.282(obj=2.779 bg=5.374)  lr=7.96e-04  tot=2.1min
10:28:27  [303/1000]  train nll=+3.258(obj=+2.726 bg=+3.280) mse=5.651(obj=3.130 bg=5.748)  val nll=+3.332(obj=+2.717 bg=+3.354) mse=5.951(obj=3.313 bg=6.039)  lr=7.95e-04  tot=2.2min
10:28:28  [304/1000]  train nll=+3.409(obj=+2.670 bg=+3.435) mse=6.207(obj=3.177 bg=6.310)  val nll=+3.312(obj=+2.525 bg=+3.340) mse=6.335(obj=2.913 bg=6.456)  lr=7.93e-04  tot=2.2min
10:28:28  [305/1000]  train nll=+3.239(obj=+2.646 bg=+3.262) mse=5.892(obj=3.194 bg=5.992)  val nll=+3.123(obj=+2.462 bg=+3.147) mse=5.605(obj=2.913 bg=5.701)  lr=7.92e-04  tot=2.2min
10:28:29  [306/1000]  train nll=+3.226(obj=+2.533 bg=+3.251) mse=5.857(obj=3.049 bg=5.959)  val nll=+3.198(obj=+2.425 bg=+3.225) mse=6.011(obj=2.957 bg=6.118)  lr=7.91e-04  tot=2.2min
10:28:29  [307/1000]  train nll=+3.145(obj=+2.436 bg=+3.169) mse=5.592(obj=2.951 bg=5.685)  val nll=+3.105(obj=+2.370 bg=+3.132) mse=5.438(obj=2.786 bg=5.536)  lr=7.90e-04  tot=2.2min
10:28:29  [308/1000]  train nll=+3.270(obj=+2.646 bg=+3.292) mse=5.897(obj=3.161 bg=5.993)  val nll=+3.229(obj=+2.431 bg=+3.257) mse=5.747(obj=2.841 bg=5.851)  lr=7.88e-04  tot=2.2min
10:28:30  [309/1000]  train nll=+3.253(obj=+2.570 bg=+3.278) mse=5.881(obj=2.984 bg=5.992)  val nll=+3.208(obj=+2.494 bg=+3.234) mse=5.719(obj=2.983 bg=5.817)  lr=7.87e-04  tot=2.2min
10:28:30  [310/1000]  train nll=+3.132(obj=+2.437 bg=+3.156) mse=5.579(obj=2.915 bg=5.673)  val nll=+3.127(obj=+2.323 bg=+3.156) mse=5.445(obj=2.757 bg=5.540)  lr=7.86e-04  tot=2.2min
10:28:31  [311/1000]  train nll=+3.140(obj=+2.492 bg=+3.163) mse=5.433(obj=2.948 bg=5.519)  val nll=+3.110(obj=+2.479 bg=+3.133) mse=5.707(obj=2.963 bg=5.801)  lr=7.84e-04  tot=2.2min
10:28:31  [312/1000]  train nll=+3.154(obj=+2.457 bg=+3.179) mse=5.442(obj=2.924 bg=5.531)  val nll=+3.049(obj=+2.406 bg=+3.074) mse=5.061(obj=2.816 bg=5.141)  lr=7.83e-04  tot=2.2min
10:28:32  [313/1000]  train nll=+3.328(obj=+2.701 bg=+3.352) mse=6.086(obj=3.237 bg=6.188)  val nll=+3.309(obj=+2.708 bg=+3.330) mse=5.424(obj=3.081 bg=5.504)  lr=7.82e-04  tot=2.2min
10:28:32  [314/1000]  train nll=+3.200(obj=+2.491 bg=+3.226) mse=5.419(obj=2.883 bg=5.507)  val nll=+3.077(obj=+2.320 bg=+3.104) mse=5.411(obj=2.733 bg=5.501)  lr=7.81e-04  tot=2.2min
10:28:32  [315/1000]  train nll=+3.168(obj=+2.596 bg=+3.189) mse=5.384(obj=3.058 bg=5.466)  val nll=+3.223(obj=+2.541 bg=+3.246) mse=5.864(obj=3.093 bg=5.956)  lr=7.79e-04  tot=2.2min
10:28:33  [316/1000]  train nll=+3.137(obj=+2.515 bg=+3.159) mse=5.111(obj=2.992 bg=5.183)  val nll=+3.201(obj=+2.600 bg=+3.223) mse=6.065(obj=3.114 bg=6.167)  lr=7.78e-04  tot=2.2min
10:28:33  [317/1000]  train nll=+3.226(obj=+2.605 bg=+3.250) mse=5.720(obj=3.137 bg=5.809)  val nll=+3.062(obj=+2.357 bg=+3.087) mse=5.272(obj=2.793 bg=5.357)  lr=7.77e-04  tot=2.3min
10:28:34  [318/1000]  train nll=+3.258(obj=+2.532 bg=+3.284) mse=6.244(obj=2.994 bg=6.362)  val nll=+3.442(obj=+2.707 bg=+3.468) mse=5.938(obj=3.144 bg=6.033)  lr=7.75e-04  tot=2.3min
10:28:34  [319/1000]  train nll=+3.189(obj=+2.488 bg=+3.215) mse=5.560(obj=2.835 bg=5.654)  val nll=+3.228(obj=+2.567 bg=+3.252) mse=5.685(obj=3.013 bg=5.778)  lr=7.74e-04  tot=2.3min
10:28:35  [320/1000]  train nll=+3.204(obj=+2.590 bg=+3.226) mse=5.495(obj=3.025 bg=5.578)  val nll=+3.107(obj=+2.532 bg=+3.127) mse=5.275(obj=2.948 bg=5.357)  lr=7.73e-04  tot=2.3min
10:28:35  [321/1000]  train nll=+3.276(obj=+2.639 bg=+3.300) mse=5.592(obj=3.098 bg=5.682)  val nll=+3.687(obj=+3.117 bg=+3.707) mse=6.060(obj=3.511 bg=6.156)  lr=7.71e-04  tot=2.3min
10:28:35  [322/1000]  train nll=+3.382(obj=+2.628 bg=+3.408) mse=6.172(obj=2.978 bg=6.279)  val nll=+3.255(obj=+2.688 bg=+3.274) mse=5.609(obj=3.165 bg=5.689)  lr=7.70e-04  tot=2.3min
10:28:36  [323/1000]  train nll=+3.143(obj=+2.473 bg=+3.167) mse=5.432(obj=2.901 bg=5.522)  val nll=+3.283(obj=+2.678 bg=+3.305) mse=5.892(obj=3.151 bg=5.989)  lr=7.69e-04  tot=2.3min
10:28:36  [324/1000]  train nll=+3.705(obj=+2.766 bg=+3.731) mse=5.628(obj=3.171 bg=5.708)  val nll=+3.362(obj=+2.673 bg=+3.390) mse=6.300(obj=3.058 bg=6.422)  lr=7.67e-04  tot=2.3min
10:28:37  [325/1000]  train nll=+3.273(obj=+2.554 bg=+3.297) mse=5.791(obj=2.987 bg=5.885)  val nll=+3.111(obj=+2.384 bg=+3.137) mse=5.521(obj=2.802 bg=5.613)  lr=7.66e-04  tot=2.3min
10:28:37  [326/1000]  train nll=+3.242(obj=+2.591 bg=+3.266) mse=5.939(obj=3.153 bg=6.039)  val nll=+3.136(obj=+2.442 bg=+3.159) mse=5.524(obj=2.927 bg=5.612)  lr=7.65e-04  tot=2.3min
10:28:38  [327/1000]  train nll=+3.413(obj=+2.593 bg=+3.442) mse=6.130(obj=3.008 bg=6.237)  val nll=+3.251(obj=+2.533 bg=+3.277) mse=6.038(obj=2.973 bg=6.142)  lr=7.63e-04  tot=2.3min
10:28:38  [328/1000]  train nll=+3.245(obj=+2.498 bg=+3.272) mse=5.661(obj=2.962 bg=5.755)  val nll=+3.115(obj=+2.435 bg=+3.139) mse=5.348(obj=2.939 bg=5.432)  lr=7.62e-04  tot=2.3min
10:28:39  [329/1000]  train nll=+3.287(obj=+2.582 bg=+3.314) mse=5.903(obj=3.055 bg=6.012)  val nll=+3.273(obj=+2.442 bg=+3.304) mse=6.359(obj=2.808 bg=6.487)  lr=7.61e-04  tot=2.3min
10:28:39  [330/1000]  train nll=+3.193(obj=+2.383 bg=+3.222) mse=6.047(obj=2.917 bg=6.156)  val nll=+3.110(obj=+2.371 bg=+3.137) mse=5.669(obj=2.771 bg=5.769)  lr=7.59e-04  tot=2.3min
10:28:39  [331/1000]  train nll=+3.261(obj=+2.569 bg=+3.286) mse=5.982(obj=3.088 bg=6.081)  val nll=+3.271(obj=+2.572 bg=+3.295) mse=5.896(obj=3.133 bg=5.991)  lr=7.58e-04  tot=2.4min
10:28:40  [332/1000]  train nll=+3.310(obj=+2.769 bg=+3.332) mse=5.811(obj=3.175 bg=5.908)  val nll=+3.723(obj=+2.975 bg=+3.750) mse=5.992(obj=3.186 bg=6.090)  lr=7.57e-04  tot=2.4min
10:28:40  [333/1000]  train nll=+3.375(obj=+2.624 bg=+3.401) mse=6.286(obj=3.197 bg=6.397)  val nll=+3.135(obj=+2.334 bg=+3.163) mse=5.614(obj=2.652 bg=5.713)  lr=7.55e-04  tot=2.4min
10:28:41  [334/1000]  train nll=+3.229(obj=+2.608 bg=+3.252) mse=6.167(obj=3.167 bg=6.270)  val nll=+3.121(obj=+2.437 bg=+3.146) mse=5.643(obj=2.905 bg=5.744)  lr=7.54e-04  tot=2.4min
10:28:41  [335/1000]  train nll=+3.211(obj=+2.365 bg=+3.241) mse=5.625(obj=2.779 bg=5.718)  val nll=+3.278(obj=+2.635 bg=+3.303) mse=5.675(obj=2.987 bg=5.774)  lr=7.53e-04  tot=2.4min
10:28:42  [336/1000]  train nll=+3.233(obj=+2.628 bg=+3.257) mse=5.726(obj=3.172 bg=5.821)  val nll=+3.052(obj=+2.545 bg=+3.072) mse=5.410(obj=3.110 bg=5.491)  lr=7.51e-04  tot=2.4min
10:28:42  [337/1000]  train nll=+3.238(obj=+2.678 bg=+3.259) mse=5.544(obj=3.178 bg=5.625)  val nll=+3.388(obj=+2.673 bg=+3.413) mse=5.917(obj=2.949 bg=6.016)  lr=7.50e-04  tot=2.4min
10:28:42  [338/1000]  train nll=+3.363(obj=+2.543 bg=+3.389) mse=6.166(obj=2.997 bg=6.263)  val nll=+3.224(obj=+2.568 bg=+3.248) mse=5.733(obj=3.011 bg=5.830)  lr=7.48e-04  tot=2.4min
10:28:43  [339/1000]  train nll=+3.231(obj=+2.543 bg=+3.256) mse=5.567(obj=3.133 bg=5.652)  val nll=+3.190(obj=+2.436 bg=+3.216) mse=5.894(obj=2.901 bg=5.994)  lr=7.47e-04  tot=2.4min
10:28:43  [340/1000]  train nll=+3.269(obj=+2.483 bg=+3.296) mse=6.103(obj=2.864 bg=6.211)  val nll=+3.223(obj=+2.564 bg=+3.247) mse=5.808(obj=2.988 bg=5.905)  lr=7.46e-04  tot=2.4min
10:28:44  [341/1000]  train nll=+3.318(obj=+2.575 bg=+3.344) mse=6.312(obj=3.154 bg=6.418)  val nll=+4.030(obj=+3.506 bg=+4.050) mse=6.298(obj=3.517 bg=6.397)  lr=7.44e-04  tot=2.4min
10:28:44  [342/1000]  train nll=+3.418(obj=+2.799 bg=+3.440) mse=5.898(obj=3.241 bg=5.993)  val nll=+3.274(obj=+2.632 bg=+3.297) mse=5.847(obj=3.075 bg=5.946)  lr=7.43e-04  tot=2.4min
10:28:45  [343/1000]  train nll=+3.193(obj=+2.539 bg=+3.216) mse=5.510(obj=3.060 bg=5.593)  val nll=+3.176(obj=+2.509 bg=+3.201) mse=5.792(obj=2.969 bg=5.892)  lr=7.42e-04  tot=2.4min
10:28:45  [344/1000]  train nll=+3.140(obj=+2.474 bg=+3.163) mse=5.464(obj=2.885 bg=5.556)  val nll=+3.031(obj=+2.315 bg=+3.056) mse=5.321(obj=2.772 bg=5.409)  lr=7.40e-04  tot=2.5min
10:28:46  [345/1000]  train nll=+3.184(obj=+2.379 bg=+3.212) mse=5.720(obj=2.708 bg=5.826)  val nll=+3.156(obj=+2.419 bg=+3.184) mse=5.197(obj=2.778 bg=5.289)  lr=7.39e-04  tot=2.5min
10:28:46  [346/1000]  train nll=+3.143(obj=+2.472 bg=+3.168) mse=5.221(obj=2.890 bg=5.307)  val nll=+3.204(obj=+2.636 bg=+3.224) mse=6.145(obj=3.067 bg=6.251)  lr=7.37e-04  tot=2.5min
10:28:47  [347/1000]  train nll=+3.441(obj=+2.779 bg=+3.465) mse=5.839(obj=3.220 bg=5.930)  val nll=+3.267(obj=+2.608 bg=+3.289) mse=5.515(obj=2.978 bg=5.603)  lr=7.36e-04  tot=2.5min
10:28:47  [348/1000]  train nll=+3.171(obj=+2.437 bg=+3.199) mse=6.151(obj=2.917 bg=6.261)  val nll=+3.199(obj=+2.503 bg=+3.225) mse=5.756(obj=3.022 bg=5.853)  lr=7.35e-04  tot=2.5min
10:28:48  [349/1000]  train nll=+3.341(obj=+2.608 bg=+3.365) mse=6.311(obj=3.112 bg=6.414)  val nll=+3.260(obj=+2.661 bg=+3.282) mse=5.591(obj=3.131 bg=5.677)  lr=7.33e-04  tot=2.5min
10:28:48  [350/1000]  train nll=+3.140(obj=+2.562 bg=+3.160) mse=5.581(obj=2.980 bg=5.673)  val nll=+3.081(obj=+2.365 bg=+3.106) mse=5.135(obj=2.771 bg=5.219)  lr=7.32e-04  tot=2.5min
10:28:49  [351/1000]  train nll=+3.182(obj=+2.554 bg=+3.204) mse=5.694(obj=3.002 bg=5.789)  val nll=+3.177(obj=+2.360 bg=+3.207) mse=6.227(obj=2.823 bg=6.347)  lr=7.30e-04  tot=2.5min
10:28:49  [352/1000]  train nll=+3.220(obj=+2.437 bg=+3.247) mse=5.695(obj=2.991 bg=5.789)  val nll=+3.160(obj=+2.482 bg=+3.184) mse=5.594(obj=2.938 bg=5.687)  lr=7.29e-04  tot=2.5min
10:28:49  [353/1000]  train nll=+3.173(obj=+2.519 bg=+3.198) mse=5.511(obj=3.009 bg=5.605)  val nll=+3.289(obj=+2.466 bg=+3.318) mse=6.585(obj=2.989 bg=6.711)  lr=7.28e-04  tot=2.5min
10:28:50  [354/1000]  train nll=+3.106(obj=+2.202 bg=+3.139) mse=5.565(obj=2.595 bg=5.673)  val nll=+2.993(obj=+2.356 bg=+3.017) mse=5.340(obj=2.835 bg=5.427)  lr=7.26e-04  tot=2.5min
10:28:50    ↳ saved (val_nll=2.9932)
10:28:50  [355/1000]  train nll=+3.264(obj=+2.603 bg=+3.289) mse=5.486(obj=3.069 bg=5.575)  val nll=+3.156(obj=+2.465 bg=+3.181) mse=5.796(obj=2.966 bg=5.896)  lr=7.25e-04  tot=2.5min
10:28:51  [356/1000]  train nll=+3.108(obj=+2.298 bg=+3.136) mse=5.561(obj=2.700 bg=5.657)  val nll=+3.182(obj=+2.302 bg=+3.212) mse=5.855(obj=2.867 bg=5.957)  lr=7.23e-04  tot=2.5min
10:28:51  [357/1000]  train nll=+3.203(obj=+2.548 bg=+3.228) mse=5.645(obj=3.071 bg=5.740)  val nll=+3.059(obj=+2.345 bg=+3.085) mse=5.359(obj=2.737 bg=5.453)  lr=7.22e-04  tot=2.5min
10:28:51  [358/1000]  train nll=+3.155(obj=+2.389 bg=+3.181) mse=5.739(obj=2.781 bg=5.838)  val nll=+3.175(obj=+2.393 bg=+3.202) mse=5.756(obj=2.833 bg=5.860)  lr=7.21e-04  tot=2.6min
10:28:52  [359/1000]  train nll=+3.274(obj=+2.596 bg=+3.299) mse=5.663(obj=3.037 bg=5.757)  val nll=+3.042(obj=+2.262 bg=+3.069) mse=5.543(obj=2.651 bg=5.639)  lr=7.19e-04  tot=2.6min
10:28:52  [360/1000]  train nll=+3.174(obj=+2.535 bg=+3.197) mse=5.376(obj=3.025 bg=5.457)  val nll=+3.031(obj=+2.394 bg=+3.053) mse=5.509(obj=2.957 bg=5.594)  lr=7.18e-04  tot=2.6min
10:28:53  [361/1000]  train nll=+3.188(obj=+2.418 bg=+3.218) mse=6.022(obj=2.905 bg=6.133)  val nll=+3.433(obj=+2.869 bg=+3.455) mse=5.649(obj=3.204 bg=5.737)  lr=7.16e-04  tot=2.6min
10:28:53  [362/1000]  train nll=+3.257(obj=+2.641 bg=+3.279) mse=5.490(obj=2.963 bg=5.580)  val nll=+3.416(obj=+2.958 bg=+3.432) mse=5.624(obj=3.236 bg=5.708)  lr=7.15e-04  tot=2.6min
10:28:53  [363/1000]  train nll=+3.217(obj=+2.575 bg=+3.241) mse=5.634(obj=3.055 bg=5.725)  val nll=+3.174(obj=+2.558 bg=+3.198) mse=5.714(obj=3.110 bg=5.811)  lr=7.13e-04  tot=2.6min
10:28:54  [364/1000]  train nll=+3.091(obj=+2.388 bg=+3.116) mse=5.082(obj=2.743 bg=5.167)  val nll=+3.137(obj=+2.521 bg=+3.159) mse=5.667(obj=3.024 bg=5.760)  lr=7.12e-04  tot=2.6min
10:28:54  [365/1000]  train nll=+3.211(obj=+2.604 bg=+3.232) mse=5.717(obj=3.123 bg=5.806)  val nll=+3.264(obj=+2.605 bg=+3.288) mse=5.805(obj=3.014 bg=5.902)  lr=7.11e-04  tot=2.6min
10:28:55  [366/1000]  train nll=+3.279(obj=+2.596 bg=+3.305) mse=5.896(obj=3.152 bg=6.000)  val nll=+2.994(obj=+2.332 bg=+3.017) mse=5.350(obj=2.795 bg=5.439)  lr=7.09e-04  tot=2.6min
10:28:55  [367/1000]  train nll=+3.219(obj=+2.586 bg=+3.241) mse=5.811(obj=2.972 bg=5.907)  val nll=+3.264(obj=+2.550 bg=+3.289) mse=5.982(obj=2.977 bg=6.091)  lr=7.08e-04  tot=2.6min
10:28:55  [368/1000]  train nll=+3.110(obj=+2.503 bg=+3.133) mse=5.134(obj=2.924 bg=5.218)  val nll=+3.130(obj=+2.449 bg=+3.155) mse=5.570(obj=3.003 bg=5.661)  lr=7.06e-04  tot=2.6min
10:28:56  [369/1000]  train nll=+3.092(obj=+2.511 bg=+3.112) mse=5.449(obj=3.051 bg=5.531)  val nll=+3.216(obj=+2.476 bg=+3.243) mse=6.160(obj=2.945 bg=6.273)  lr=7.05e-04  tot=2.6min
10:28:56  [370/1000]  train nll=+3.146(obj=+2.342 bg=+3.174) mse=5.862(obj=2.806 bg=5.963)  val nll=+3.112(obj=+2.415 bg=+3.137) mse=5.846(obj=2.806 bg=5.954)  lr=7.03e-04  tot=2.6min
10:28:57  [371/1000]  train nll=+3.313(obj=+2.553 bg=+3.340) mse=6.032(obj=3.075 bg=6.138)  val nll=+3.209(obj=+2.484 bg=+3.236) mse=6.067(obj=2.925 bg=6.183)  lr=7.02e-04  tot=2.6min
10:28:57  [372/1000]  train nll=+3.269(obj=+2.717 bg=+3.288) mse=5.943(obj=3.240 bg=6.035)  val nll=+3.158(obj=+2.498 bg=+3.185) mse=5.966(obj=3.089 bg=6.075)  lr=7.01e-04  tot=2.6min
10:28:57  [373/1000]  train nll=+3.224(obj=+2.512 bg=+3.252) mse=5.620(obj=2.924 bg=5.715)  val nll=+3.141(obj=+2.434 bg=+3.164) mse=5.993(obj=2.987 bg=6.096)  lr=6.99e-04  tot=2.7min
10:28:58  [374/1000]  train nll=+3.310(obj=+2.614 bg=+3.333) mse=5.878(obj=2.993 bg=5.972)  val nll=+3.086(obj=+2.401 bg=+3.112) mse=5.789(obj=2.867 bg=5.894)  lr=6.98e-04  tot=2.7min
10:28:58  [375/1000]  train nll=+3.147(obj=+2.365 bg=+3.175) mse=5.791(obj=2.781 bg=5.896)  val nll=+3.170(obj=+2.337 bg=+3.198) mse=6.174(obj=2.839 bg=6.284)  lr=6.96e-04  tot=2.7min
10:28:59  [376/1000]  train nll=+3.213(obj=+2.458 bg=+3.238) mse=6.033(obj=2.934 bg=6.134)  val nll=+3.204(obj=+2.540 bg=+3.228) mse=5.978(obj=2.930 bg=6.080)  lr=6.95e-04  tot=2.7min
10:28:59  [377/1000]  train nll=+3.193(obj=+2.515 bg=+3.217) mse=5.702(obj=3.016 bg=5.795)  val nll=+3.113(obj=+2.405 bg=+3.136) mse=5.634(obj=2.885 bg=5.724)  lr=6.93e-04  tot=2.7min
10:29:00  [378/1000]  train nll=+3.255(obj=+2.493 bg=+3.282) mse=5.929(obj=2.960 bg=6.031)  val nll=+3.505(obj=+3.093 bg=+3.521) mse=5.676(obj=3.360 bg=5.759)  lr=6.92e-04  tot=2.7min
10:29:00  [379/1000]  train nll=+3.282(obj=+2.550 bg=+3.306) mse=6.251(obj=3.119 bg=6.351)  val nll=+3.034(obj=+2.463 bg=+3.055) mse=5.327(obj=2.995 bg=5.412)  lr=6.90e-04  tot=2.7min
10:29:00  [380/1000]  train nll=+3.100(obj=+2.321 bg=+3.127) mse=5.623(obj=2.889 bg=5.717)  val nll=+3.490(obj=+2.958 bg=+3.509) mse=6.326(obj=3.268 bg=6.437)  lr=6.89e-04  tot=2.7min
10:29:01  [381/1000]  train nll=+3.204(obj=+2.459 bg=+3.231) mse=5.533(obj=2.890 bg=5.622)  val nll=+3.169(obj=+2.577 bg=+3.190) mse=5.915(obj=3.102 bg=6.011)  lr=6.87e-04  tot=2.7min
10:29:01  [382/1000]  train nll=+3.228(obj=+2.557 bg=+3.252) mse=5.533(obj=3.177 bg=5.616)  val nll=+3.304(obj=+2.581 bg=+3.331) mse=5.781(obj=3.104 bg=5.880)  lr=6.86e-04  tot=2.7min
10:29:02  [383/1000]  train nll=+3.260(obj=+2.490 bg=+3.289) mse=6.137(obj=2.879 bg=6.256)  val nll=+3.048(obj=+2.238 bg=+3.079) mse=5.723(obj=2.719 bg=5.829)  lr=6.85e-04  tot=2.7min
10:29:02  [384/1000]  train nll=+3.218(obj=+2.477 bg=+3.246) mse=5.826(obj=2.995 bg=5.924)  val nll=+3.094(obj=+2.501 bg=+3.115) mse=5.313(obj=3.095 bg=5.390)  lr=6.83e-04  tot=2.7min
10:29:02  [385/1000]  train nll=+3.106(obj=+2.475 bg=+3.128) mse=5.540(obj=3.027 bg=5.629)  val nll=+2.998(obj=+2.269 bg=+3.025) mse=5.356(obj=2.802 bg=5.445)  lr=6.82e-04  tot=2.7min
10:29:03  [386/1000]  train nll=+3.471(obj=+2.704 bg=+3.496) mse=5.743(obj=2.985 bg=5.839)  val nll=+3.148(obj=+2.355 bg=+3.174) mse=5.893(obj=2.875 bg=5.995)  lr=6.80e-04  tot=2.7min
10:29:03  [387/1000]  train nll=+3.104(obj=+2.503 bg=+3.125) mse=5.718(obj=2.873 bg=5.819)  val nll=+3.267(obj=+2.613 bg=+3.290) mse=5.839(obj=2.959 bg=5.938)  lr=6.79e-04  tot=2.8min
10:29:04  [388/1000]  train nll=+3.226(obj=+2.501 bg=+3.252) mse=5.448(obj=2.835 bg=5.545)  val nll=+3.498(obj=+2.781 bg=+3.522) mse=5.976(obj=3.063 bg=6.075)  lr=6.77e-04  tot=2.8min
10:29:04  [389/1000]  train nll=+3.199(obj=+2.488 bg=+3.224) mse=5.664(obj=2.917 bg=5.754)  val nll=+3.078(obj=+2.305 bg=+3.107) mse=5.632(obj=2.656 bg=5.744)  lr=6.76e-04  tot=2.8min
10:29:04  [390/1000]  train nll=+3.145(obj=+2.468 bg=+3.168) mse=5.080(obj=2.974 bg=5.153)  val nll=+3.312(obj=+2.626 bg=+3.336) mse=5.672(obj=3.075 bg=5.762)  lr=6.74e-04  tot=2.8min
10:29:05  [391/1000]  train nll=+3.215(obj=+2.464 bg=+3.243) mse=5.583(obj=2.906 bg=5.677)  val nll=+3.117(obj=+2.379 bg=+3.145) mse=5.611(obj=2.832 bg=5.707)  lr=6.73e-04  tot=2.8min
10:29:05  [392/1000]  train nll=+3.207(obj=+2.403 bg=+3.237) mse=6.385(obj=2.917 bg=6.505)  val nll=+3.120(obj=+2.352 bg=+3.147) mse=5.574(obj=2.682 bg=5.671)  lr=6.71e-04  tot=2.8min
10:29:06  [393/1000]  train nll=+3.237(obj=+2.384 bg=+3.270) mse=5.948(obj=2.691 bg=6.075)  val nll=+2.986(obj=+2.315 bg=+3.010) mse=5.058(obj=2.762 bg=5.139)  lr=6.70e-04  tot=2.8min
10:29:06    ↳ saved (val_nll=2.9856)
10:29:06  [394/1000]  train nll=+3.146(obj=+2.393 bg=+3.173) mse=5.305(obj=2.788 bg=5.393)  val nll=+3.368(obj=+2.734 bg=+3.390) mse=5.591(obj=2.982 bg=5.676)  lr=6.68e-04  tot=2.8min
10:29:07  [395/1000]  train nll=+3.259(obj=+2.600 bg=+3.283) mse=5.764(obj=3.159 bg=5.854)  val nll=+2.979(obj=+2.346 bg=+3.002) mse=5.269(obj=2.879 bg=5.354)  lr=6.67e-04  tot=2.8min
10:29:07    ↳ saved (val_nll=2.9791)
10:29:07  [396/1000]  train nll=+3.332(obj=+2.620 bg=+3.358) mse=6.178(obj=3.003 bg=6.293)  val nll=+3.239(obj=+2.504 bg=+3.266) mse=6.050(obj=2.908 bg=6.161)  lr=6.65e-04  tot=2.8min
10:29:07  [397/1000]  train nll=+3.269(obj=+2.575 bg=+3.295) mse=5.813(obj=3.016 bg=5.911)  val nll=+3.243(obj=+2.444 bg=+3.270) mse=5.648(obj=2.843 bg=5.742)  lr=6.64e-04  tot=2.8min
10:29:08  [398/1000]  train nll=+3.273(obj=+2.605 bg=+3.298) mse=6.051(obj=2.974 bg=6.154)  val nll=+3.134(obj=+2.493 bg=+3.157) mse=5.639(obj=2.922 bg=5.734)  lr=6.62e-04  tot=2.8min
10:29:08  [399/1000]  train nll=+3.268(obj=+2.559 bg=+3.294) mse=5.741(obj=2.959 bg=5.843)  val nll=+3.137(obj=+2.407 bg=+3.164) mse=5.790(obj=2.940 bg=5.892)  lr=6.61e-04  tot=2.8min
10:29:09  [400/1000]  train nll=+3.158(obj=+2.524 bg=+3.179) mse=5.937(obj=2.987 bg=6.037)  val nll=+3.150(obj=+2.582 bg=+3.169) mse=5.715(obj=3.001 bg=5.808)  lr=6.59e-04  tot=2.8min
10:29:09  [401/1000]  train nll=+3.259(obj=+2.524 bg=+3.285) mse=6.343(obj=3.029 bg=6.454)  val nll=+3.118(obj=+2.491 bg=+3.141) mse=5.839(obj=3.030 bg=5.940)  lr=6.58e-04  tot=2.8min
10:29:09  [402/1000]  train nll=+3.228(obj=+2.362 bg=+3.256) mse=6.070(obj=2.774 bg=6.173)  val nll=+3.185(obj=+2.320 bg=+3.216) mse=6.210(obj=2.672 bg=6.330)  lr=6.56e-04  tot=2.9min
10:29:10  [403/1000]  train nll=+3.206(obj=+2.397 bg=+3.235) mse=5.538(obj=2.761 bg=5.635)  val nll=+3.363(obj=+2.626 bg=+3.389) mse=6.074(obj=3.001 bg=6.183)  lr=6.55e-04  tot=2.9min
10:29:10  [404/1000]  train nll=+3.124(obj=+2.403 bg=+3.151) mse=5.674(obj=2.903 bg=5.772)  val nll=+3.404(obj=+2.537 bg=+3.436) mse=6.044(obj=2.975 bg=6.156)  lr=6.53e-04  tot=2.9min
10:29:11  [405/1000]  train nll=+3.278(obj=+2.532 bg=+3.307) mse=6.049(obj=2.955 bg=6.168)  val nll=+3.160(obj=+2.444 bg=+3.185) mse=5.613(obj=2.861 bg=5.708)  lr=6.52e-04  tot=2.9min
10:29:11  [406/1000]  train nll=+3.189(obj=+2.555 bg=+3.211) mse=6.023(obj=3.059 bg=6.123)  val nll=+3.207(obj=+2.547 bg=+3.231) mse=5.589(obj=2.921 bg=5.681)  lr=6.50e-04  tot=2.9min
10:29:12  [407/1000]  train nll=+3.165(obj=+2.418 bg=+3.192) mse=5.798(obj=2.831 bg=5.905)  val nll=+3.147(obj=+2.428 bg=+3.173) mse=5.763(obj=2.883 bg=5.864)  lr=6.49e-04  tot=2.9min
10:29:12  [408/1000]  train nll=+3.295(obj=+2.615 bg=+3.319) mse=5.862(obj=3.220 bg=5.952)  val nll=+3.015(obj=+2.455 bg=+3.035) mse=5.248(obj=2.963 bg=5.331)  lr=6.47e-04  tot=2.9min
10:29:13  [409/1000]  train nll=+3.188(obj=+2.422 bg=+3.215) mse=5.492(obj=2.796 bg=5.589)  val nll=+3.005(obj=+2.211 bg=+3.034) mse=5.676(obj=2.603 bg=5.789)  lr=6.46e-04  tot=2.9min
10:29:13  [410/1000]  train nll=+3.137(obj=+2.321 bg=+3.166) mse=5.708(obj=2.742 bg=5.806)  val nll=+3.094(obj=+2.388 bg=+3.120) mse=5.769(obj=2.770 bg=5.879)  lr=6.44e-04  tot=2.9min
10:29:13  [411/1000]  train nll=+3.148(obj=+2.491 bg=+3.172) mse=5.397(obj=2.941 bg=5.484)  val nll=+3.346(obj=+2.669 bg=+3.369) mse=6.242(obj=3.094 bg=6.345)  lr=6.43e-04  tot=2.9min
10:29:14  [412/1000]  train nll=+3.155(obj=+2.501 bg=+3.179) mse=5.483(obj=2.958 bg=5.570)  val nll=+3.015(obj=+2.247 bg=+3.042) mse=5.197(obj=2.710 bg=5.281)  lr=6.41e-04  tot=2.9min
10:29:14  [413/1000]  train nll=+3.160(obj=+2.444 bg=+3.188) mse=5.796(obj=2.886 bg=5.899)  val nll=+2.995(obj=+2.172 bg=+3.025) mse=5.478(obj=2.583 bg=5.579)  lr=6.40e-04  tot=2.9min
10:29:15  [414/1000]  train nll=+3.138(obj=+2.452 bg=+3.163) mse=5.446(obj=2.867 bg=5.541)  val nll=+2.990(obj=+2.223 bg=+3.017) mse=5.626(obj=2.622 bg=5.731)  lr=6.38e-04  tot=2.9min
10:29:15  [415/1000]  train nll=+3.161(obj=+2.350 bg=+3.189) mse=5.477(obj=2.839 bg=5.568)  val nll=+3.120(obj=+2.354 bg=+3.147) mse=6.191(obj=2.771 bg=6.305)  lr=6.37e-04  tot=2.9min
10:29:15  [416/1000]  train nll=+3.076(obj=+2.342 bg=+3.104) mse=5.345(obj=2.740 bg=5.442)  val nll=+3.134(obj=+2.513 bg=+3.154) mse=5.461(obj=2.971 bg=5.543)  lr=6.35e-04  tot=3.0min
10:29:16  [417/1000]  train nll=+3.200(obj=+2.466 bg=+3.226) mse=5.798(obj=2.899 bg=5.895)  val nll=+2.993(obj=+2.349 bg=+3.018) mse=5.276(obj=2.783 bg=5.366)  lr=6.34e-04  tot=3.0min
10:29:16  [418/1000]  train nll=+3.202(obj=+2.490 bg=+3.230) mse=5.710(obj=2.936 bg=5.806)  val nll=+3.060(obj=+2.331 bg=+3.085) mse=5.726(obj=2.950 bg=5.822)  lr=6.32e-04  tot=3.0min
10:29:17  [419/1000]  train nll=+3.105(obj=+2.412 bg=+3.129) mse=6.009(obj=2.946 bg=6.117)  val nll=+2.978(obj=+2.130 bg=+3.009) mse=5.483(obj=2.636 bg=5.584)  lr=6.31e-04  tot=3.0min
10:29:17    ↳ saved (val_nll=2.9782)
10:29:17  [420/1000]  train nll=+3.107(obj=+2.439 bg=+3.129) mse=5.423(obj=2.951 bg=5.502)  val nll=+3.017(obj=+2.294 bg=+3.042) mse=5.550(obj=2.767 bg=5.645)  lr=6.29e-04  tot=3.0min
10:29:18  [421/1000]  train nll=+3.144(obj=+2.368 bg=+3.171) mse=6.190(obj=2.830 bg=6.304)  val nll=+2.978(obj=+2.171 bg=+3.008) mse=5.419(obj=2.561 bg=5.521)  lr=6.28e-04  tot=3.0min
10:29:18  [422/1000]  train nll=+3.088(obj=+2.385 bg=+3.111) mse=5.873(obj=2.835 bg=5.976)  val nll=+3.622(obj=+3.206 bg=+3.637) mse=5.939(obj=3.612 bg=6.019)  lr=6.26e-04  tot=3.0min
10:29:18  [423/1000]  train nll=+3.470(obj=+2.873 bg=+3.493) mse=6.214(obj=3.184 bg=6.329)  val nll=+3.036(obj=+2.278 bg=+3.063) mse=5.451(obj=2.661 bg=5.555)  lr=6.25e-04  tot=3.0min
10:29:19  [424/1000]  train nll=+3.119(obj=+2.345 bg=+3.147) mse=5.719(obj=2.785 bg=5.819)  val nll=+2.914(obj=+2.331 bg=+2.936) mse=5.017(obj=2.839 bg=5.097)  lr=6.23e-04  tot=3.0min
10:29:19    ↳ saved (val_nll=2.9143)
10:29:19  [425/1000]  train nll=+3.053(obj=+2.461 bg=+3.074) mse=5.270(obj=3.011 bg=5.346)  val nll=+2.974(obj=+2.325 bg=+2.996) mse=5.322(obj=2.857 bg=5.402)  lr=6.22e-04  tot=3.0min
10:29:20  [426/1000]  train nll=+3.231(obj=+2.409 bg=+3.258) mse=5.476(obj=2.862 bg=5.569)  val nll=+3.133(obj=+2.324 bg=+3.162) mse=5.904(obj=2.732 bg=6.019)  lr=6.20e-04  tot=3.0min
10:29:20  [427/1000]  train nll=+3.065(obj=+2.521 bg=+3.087) mse=4.865(obj=2.998 bg=4.935)  val nll=+3.252(obj=+2.622 bg=+3.274) mse=5.955(obj=3.100 bg=6.050)  lr=6.18e-04  tot=3.0min
10:29:21  [428/1000]  train nll=+3.123(obj=+2.368 bg=+3.150) mse=5.723(obj=2.764 bg=5.829)  val nll=+3.028(obj=+2.249 bg=+3.056) mse=5.414(obj=2.657 bg=5.511)  lr=6.17e-04  tot=3.0min
10:29:21  [429/1000]  train nll=+3.137(obj=+2.495 bg=+3.161) mse=5.595(obj=3.033 bg=5.687)  val nll=+3.116(obj=+2.520 bg=+3.139) mse=5.108(obj=2.889 bg=5.190)  lr=6.15e-04  tot=3.0min
10:29:21  [430/1000]  train nll=+3.088(obj=+2.408 bg=+3.113) mse=5.361(obj=2.825 bg=5.453)  val nll=+3.285(obj=+2.769 bg=+3.304) mse=5.782(obj=3.217 bg=5.871)  lr=6.14e-04  tot=3.1min
10:29:22  [431/1000]  train nll=+3.325(obj=+2.744 bg=+3.348) mse=5.708(obj=3.067 bg=5.798)  val nll=+3.151(obj=+2.405 bg=+3.177) mse=5.478(obj=2.780 bg=5.574)  lr=6.12e-04  tot=3.1min
10:29:22  [432/1000]  train nll=+3.110(obj=+2.343 bg=+3.138) mse=5.368(obj=2.854 bg=5.457)  val nll=+3.078(obj=+2.554 bg=+3.096) mse=5.149(obj=2.950 bg=5.226)  lr=6.11e-04  tot=3.1min
10:29:23  [433/1000]  train nll=+3.234(obj=+2.534 bg=+3.260) mse=5.380(obj=2.903 bg=5.473)  val nll=+3.026(obj=+2.381 bg=+3.050) mse=5.391(obj=2.776 bg=5.489)  lr=6.09e-04  tot=3.1min
10:29:23  [434/1000]  train nll=+3.153(obj=+2.539 bg=+3.176) mse=5.849(obj=2.965 bg=5.952)  val nll=+3.089(obj=+2.362 bg=+3.118) mse=5.731(obj=2.825 bg=5.832)  lr=6.08e-04  tot=3.1min
10:29:24  [435/1000]  train nll=+3.088(obj=+2.550 bg=+3.107) mse=5.503(obj=2.940 bg=5.592)  val nll=+3.019(obj=+2.318 bg=+3.045) mse=5.501(obj=2.801 bg=5.596)  lr=6.06e-04  tot=3.1min
10:29:24  [436/1000]  train nll=+3.201(obj=+2.426 bg=+3.225) mse=5.921(obj=2.887 bg=6.011)  val nll=+3.393(obj=+2.888 bg=+3.413) mse=5.722(obj=3.376 bg=5.806)  lr=6.05e-04  tot=3.1min
10:29:24  [437/1000]  train nll=+3.295(obj=+2.621 bg=+3.319) mse=5.969(obj=3.113 bg=6.064)  val nll=+3.337(obj=+2.728 bg=+3.358) mse=5.723(obj=3.168 bg=5.815)  lr=6.03e-04  tot=3.1min
10:29:25  [438/1000]  train nll=+3.167(obj=+2.478 bg=+3.194) mse=6.023(obj=2.999 bg=6.132)  val nll=+3.278(obj=+2.660 bg=+3.301) mse=5.527(obj=2.993 bg=5.620)  lr=6.02e-04  tot=3.1min
10:29:25  [439/1000]  train nll=+3.361(obj=+2.711 bg=+3.385) mse=5.952(obj=3.093 bg=6.051)  val nll=+3.029(obj=+2.349 bg=+3.055) mse=5.541(obj=2.946 bg=5.639)  lr=6.00e-04  tot=3.1min
10:29:26  [440/1000]  train nll=+3.178(obj=+2.403 bg=+3.203) mse=5.812(obj=2.832 bg=5.908)  val nll=+3.027(obj=+2.308 bg=+3.051) mse=5.337(obj=2.705 bg=5.423)  lr=5.98e-04  tot=3.1min
10:29:26  [441/1000]  train nll=+3.208(obj=+2.469 bg=+3.235) mse=5.589(obj=3.018 bg=5.674)  val nll=+3.808(obj=+3.152 bg=+3.829) mse=6.542(obj=3.510 bg=6.643)  lr=5.97e-04  tot=3.1min
10:29:27  [442/1000]  train nll=+3.244(obj=+2.551 bg=+3.269) mse=5.791(obj=3.029 bg=5.883)  val nll=+3.135(obj=+2.456 bg=+3.160) mse=5.417(obj=2.941 bg=5.505)  lr=5.95e-04  tot=3.1min
10:29:27  [443/1000]  train nll=+3.098(obj=+2.406 bg=+3.123) mse=5.551(obj=2.999 bg=5.643)  val nll=+3.080(obj=+2.404 bg=+3.103) mse=5.736(obj=2.953 bg=5.826)  lr=5.94e-04  tot=3.1min
10:29:27  [444/1000]  train nll=+3.102(obj=+2.318 bg=+3.130) mse=5.651(obj=2.858 bg=5.747)  val nll=+3.080(obj=+2.516 bg=+3.099) mse=5.250(obj=2.982 bg=5.328)  lr=5.92e-04  tot=3.2min
10:29:28  [445/1000]  train nll=+3.033(obj=+2.360 bg=+3.058) mse=5.366(obj=2.894 bg=5.457)  val nll=+3.159(obj=+2.410 bg=+3.185) mse=5.723(obj=2.851 bg=5.825)  lr=5.91e-04  tot=3.2min
10:29:28  [446/1000]  train nll=+3.174(obj=+2.346 bg=+3.204) mse=5.776(obj=2.831 bg=5.886)  val nll=+2.986(obj=+2.399 bg=+3.008) mse=5.482(obj=2.923 bg=5.575)  lr=5.89e-04  tot=3.2min
10:29:29  [447/1000]  train nll=+3.250(obj=+2.431 bg=+3.280) mse=6.393(obj=2.977 bg=6.515)  val nll=+3.101(obj=+2.470 bg=+3.122) mse=5.455(obj=2.912 bg=5.539)  lr=5.88e-04  tot=3.2min
10:29:29  [448/1000]  train nll=+3.168(obj=+2.411 bg=+3.193) mse=5.996(obj=2.779 bg=6.100)  val nll=+3.091(obj=+2.427 bg=+3.114) mse=5.507(obj=2.871 bg=5.589)  lr=5.86e-04  tot=3.2min
10:29:29  [449/1000]  train nll=+2.982(obj=+2.282 bg=+3.008) mse=5.265(obj=2.725 bg=5.355)  val nll=+2.984(obj=+2.216 bg=+3.010) mse=5.281(obj=2.787 bg=5.367)  lr=5.84e-04  tot=3.2min
10:29:30  [450/1000]  train nll=+3.041(obj=+2.317 bg=+3.067) mse=5.311(obj=2.876 bg=5.401)  val nll=+3.242(obj=+2.475 bg=+3.269) mse=5.559(obj=2.820 bg=5.656)  lr=5.83e-04  tot=3.2min
10:29:30  [451/1000]  train nll=+3.276(obj=+2.579 bg=+3.302) mse=5.745(obj=3.022 bg=5.845)  val nll=+3.080(obj=+2.501 bg=+3.101) mse=5.577(obj=2.971 bg=5.671)  lr=5.81e-04  tot=3.2min
10:29:31  [452/1000]  train nll=+3.094(obj=+2.496 bg=+3.114) mse=5.310(obj=2.987 bg=5.384)  val nll=+3.044(obj=+2.331 bg=+3.070) mse=5.492(obj=2.804 bg=5.589)  lr=5.80e-04  tot=3.2min
10:29:31  [453/1000]  train nll=+3.009(obj=+2.388 bg=+3.031) mse=5.334(obj=2.904 bg=5.414)  val nll=+3.048(obj=+2.335 bg=+3.073) mse=5.590(obj=2.841 bg=5.678)  lr=5.78e-04  tot=3.2min
10:29:32  [454/1000]  train nll=+3.158(obj=+2.460 bg=+3.182) mse=5.730(obj=2.934 bg=5.825)  val nll=+3.145(obj=+2.435 bg=+3.170) mse=5.650(obj=2.863 bg=5.747)  lr=5.77e-04  tot=3.2min
10:29:32  [455/1000]  train nll=+3.141(obj=+2.293 bg=+3.171) mse=5.961(obj=2.712 bg=6.073)  val nll=+3.015(obj=+2.370 bg=+3.039) mse=5.691(obj=2.716 bg=5.792)  lr=5.75e-04  tot=3.2min
10:29:33  [456/1000]  train nll=+3.162(obj=+2.489 bg=+3.188) mse=5.406(obj=2.998 bg=5.493)  val nll=+2.995(obj=+2.314 bg=+3.020) mse=5.178(obj=2.733 bg=5.269)  lr=5.74e-04  tot=3.2min
10:29:33  [457/1000]  train nll=+3.153(obj=+2.328 bg=+3.184) mse=5.485(obj=2.795 bg=5.590)  val nll=+3.032(obj=+2.321 bg=+3.057) mse=5.258(obj=2.743 bg=5.347)  lr=5.72e-04  tot=3.2min
10:29:33  [458/1000]  train nll=+3.231(obj=+2.555 bg=+3.256) mse=5.670(obj=3.040 bg=5.759)  val nll=+3.172(obj=+2.508 bg=+3.196) mse=5.301(obj=3.040 bg=5.384)  lr=5.70e-04  tot=3.3min
10:29:34  [459/1000]  train nll=+3.191(obj=+2.451 bg=+3.219) mse=5.567(obj=2.839 bg=5.668)  val nll=+3.450(obj=+2.731 bg=+3.477) mse=6.304(obj=3.131 bg=6.416)  lr=5.69e-04  tot=3.3min
10:29:34  [460/1000]  train nll=+3.322(obj=+2.599 bg=+3.348) mse=5.869(obj=3.019 bg=5.967)  val nll=+3.146(obj=+2.374 bg=+3.175) mse=5.683(obj=2.788 bg=5.791)  lr=5.67e-04  tot=3.3min
10:29:35  [461/1000]  train nll=+3.105(obj=+2.373 bg=+3.132) mse=5.644(obj=2.850 bg=5.743)  val nll=+3.391(obj=+2.678 bg=+3.415) mse=5.603(obj=2.954 bg=5.696)  lr=5.66e-04  tot=3.3min
10:29:35  [462/1000]  train nll=+3.076(obj=+2.429 bg=+3.100) mse=5.537(obj=2.836 bg=5.633)  val nll=+3.088(obj=+2.384 bg=+3.113) mse=5.805(obj=2.863 bg=5.908)  lr=5.64e-04  tot=3.3min
10:29:35  [463/1000]  train nll=+3.072(obj=+2.389 bg=+3.098) mse=5.388(obj=2.862 bg=5.480)  val nll=+3.112(obj=+2.510 bg=+3.132) mse=5.413(obj=3.001 bg=5.500)  lr=5.63e-04  tot=3.3min
10:29:36  [464/1000]  train nll=+3.198(obj=+2.533 bg=+3.221) mse=6.206(obj=3.145 bg=6.302)  val nll=+3.014(obj=+2.259 bg=+3.041) mse=5.192(obj=2.666 bg=5.284)  lr=5.61e-04  tot=3.3min
10:29:36  [465/1000]  train nll=+3.097(obj=+2.384 bg=+3.122) mse=5.719(obj=2.946 bg=5.814)  val nll=+2.973(obj=+2.240 bg=+2.999) mse=5.467(obj=2.812 bg=5.558)  lr=5.60e-04  tot=3.3min
10:29:37  [466/1000]  train nll=+3.094(obj=+2.367 bg=+3.120) mse=5.433(obj=2.821 bg=5.531)  val nll=+3.248(obj=+2.623 bg=+3.270) mse=5.197(obj=2.888 bg=5.276)  lr=5.58e-04  tot=3.3min
10:29:37  [467/1000]  train nll=+3.066(obj=+2.459 bg=+3.087) mse=5.209(obj=2.935 bg=5.289)  val nll=+2.872(obj=+2.226 bg=+2.896) mse=5.047(obj=2.761 bg=5.128)  lr=5.56e-04  tot=3.3min
10:29:37    ↳ saved (val_nll=2.8720)
10:29:38  [468/1000]  train nll=+3.212(obj=+2.623 bg=+3.233) mse=5.742(obj=3.146 bg=5.830)  val nll=+3.222(obj=+2.557 bg=+3.245) mse=5.572(obj=2.979 bg=5.657)  lr=5.55e-04  tot=3.3min
10:29:38  [469/1000]  train nll=+3.017(obj=+2.366 bg=+3.041) mse=5.198(obj=2.801 bg=5.286)  val nll=+3.148(obj=+2.410 bg=+3.174) mse=5.691(obj=2.866 bg=5.792)  lr=5.53e-04  tot=3.3min
10:29:39  [470/1000]  train nll=+3.123(obj=+2.424 bg=+3.147) mse=5.556(obj=3.031 bg=5.642)  val nll=+3.072(obj=+2.267 bg=+3.101) mse=5.995(obj=2.668 bg=6.111)  lr=5.52e-04  tot=3.3min
10:29:39  [471/1000]  train nll=+3.093(obj=+2.454 bg=+3.115) mse=5.695(obj=3.001 bg=5.788)  val nll=+3.019(obj=+2.295 bg=+3.045) mse=5.497(obj=2.697 bg=5.596)  lr=5.50e-04  tot=3.4min
10:29:40  [472/1000]  train nll=+3.106(obj=+2.345 bg=+3.135) mse=6.059(obj=2.745 bg=6.174)  val nll=+3.829(obj=+2.936 bg=+3.859) mse=7.323(obj=3.180 bg=7.465)  lr=5.49e-04  tot=3.4min
10:29:40  [473/1000]  train nll=+3.293(obj=+2.601 bg=+3.318) mse=6.031(obj=3.030 bg=6.133)  val nll=+3.094(obj=+2.494 bg=+3.116) mse=5.232(obj=3.009 bg=5.307)  lr=5.47e-04  tot=3.4min
10:29:41  [474/1000]  train nll=+3.138(obj=+2.374 bg=+3.164) mse=5.801(obj=2.775 bg=5.897)  val nll=+3.040(obj=+2.402 bg=+3.062) mse=5.288(obj=3.086 bg=5.364)  lr=5.45e-04  tot=3.4min
10:29:41  [475/1000]  train nll=+3.073(obj=+2.383 bg=+3.096) mse=5.360(obj=2.812 bg=5.444)  val nll=+3.089(obj=+2.286 bg=+3.118) mse=5.618(obj=2.758 bg=5.716)  lr=5.44e-04  tot=3.4min
10:29:42  [476/1000]  train nll=+3.120(obj=+2.479 bg=+3.144) mse=5.387(obj=2.858 bg=5.476)  val nll=+3.253(obj=+2.477 bg=+3.279) mse=5.663(obj=2.801 bg=5.758)  lr=5.42e-04  tot=3.4min
10:29:42  [477/1000]  train nll=+3.158(obj=+2.395 bg=+3.187) mse=5.924(obj=2.920 bg=6.033)  val nll=+3.355(obj=+2.897 bg=+3.372) mse=5.901(obj=3.428 bg=5.986)  lr=5.41e-04  tot=3.4min
10:29:42  [478/1000]  train nll=+3.091(obj=+2.502 bg=+3.112) mse=5.545(obj=3.021 bg=5.628)  val nll=+2.957(obj=+2.189 bg=+2.985) mse=5.685(obj=2.682 bg=5.793)  lr=5.39e-04  tot=3.4min
10:29:43  [479/1000]  train nll=+3.059(obj=+2.335 bg=+3.085) mse=5.481(obj=2.824 bg=5.578)  val nll=+2.956(obj=+2.237 bg=+2.982) mse=5.109(obj=2.617 bg=5.195)  lr=5.38e-04  tot=3.4min
10:29:43  [480/1000]  train nll=+3.127(obj=+2.356 bg=+3.154) mse=5.911(obj=2.778 bg=6.017)  val nll=+3.041(obj=+2.369 bg=+3.066) mse=5.640(obj=2.829 bg=5.742)  lr=5.36e-04  tot=3.4min
10:29:44  [481/1000]  train nll=+3.142(obj=+2.515 bg=+3.165) mse=5.582(obj=2.928 bg=5.677)  val nll=+3.156(obj=+2.465 bg=+3.180) mse=5.668(obj=2.940 bg=5.760)  lr=5.34e-04  tot=3.4min
10:29:44  [482/1000]  train nll=+3.110(obj=+2.316 bg=+3.137) mse=5.685(obj=2.754 bg=5.784)  val nll=+2.958(obj=+2.393 bg=+2.978) mse=5.109(obj=2.865 bg=5.191)  lr=5.33e-04  tot=3.4min
10:29:44  [483/1000]  train nll=+3.106(obj=+2.348 bg=+3.132) mse=5.812(obj=2.816 bg=5.913)  val nll=+3.249(obj=+2.591 bg=+3.274) mse=5.480(obj=3.048 bg=5.570)  lr=5.31e-04  tot=3.4min
10:29:45  [484/1000]  train nll=+3.330(obj=+2.617 bg=+3.355) mse=6.510(obj=3.070 bg=6.621)  val nll=+3.041(obj=+2.274 bg=+3.067) mse=5.502(obj=2.629 bg=5.597)  lr=5.30e-04  tot=3.4min
10:29:45  [485/1000]  train nll=+3.032(obj=+2.328 bg=+3.058) mse=5.177(obj=2.821 bg=5.261)  val nll=+3.217(obj=+2.584 bg=+3.241) mse=5.857(obj=2.968 bg=5.960)  lr=5.28e-04  tot=3.5min
10:29:46  [486/1000]  train nll=+3.191(obj=+2.400 bg=+3.219) mse=5.751(obj=2.831 bg=5.849)  val nll=+3.095(obj=+2.353 bg=+3.121) mse=5.542(obj=2.751 bg=5.636)  lr=5.27e-04  tot=3.5min
10:29:46  [487/1000]  train nll=+3.149(obj=+2.492 bg=+3.173) mse=5.359(obj=2.904 bg=5.448)  val nll=+2.984(obj=+2.333 bg=+3.006) mse=5.539(obj=2.708 bg=5.634)  lr=5.25e-04  tot=3.5min
10:29:46  [488/1000]  train nll=+3.131(obj=+2.405 bg=+3.156) mse=5.784(obj=2.867 bg=5.883)  val nll=+3.011(obj=+2.208 bg=+3.041) mse=5.448(obj=2.705 bg=5.547)  lr=5.23e-04  tot=3.5min
10:29:47  [489/1000]  train nll=+3.014(obj=+2.297 bg=+3.041) mse=5.584(obj=2.705 bg=5.685)  val nll=+3.023(obj=+2.213 bg=+3.052) mse=5.595(obj=2.766 bg=5.692)  lr=5.22e-04  tot=3.5min
10:29:47  [490/1000]  train nll=+3.101(obj=+2.386 bg=+3.124) mse=5.932(obj=2.920 bg=6.028)  val nll=+3.018(obj=+2.309 bg=+3.045) mse=5.266(obj=2.755 bg=5.359)  lr=5.20e-04  tot=3.5min
10:29:48  [491/1000]  train nll=+3.091(obj=+2.372 bg=+3.118) mse=5.415(obj=2.762 bg=5.512)  val nll=+2.989(obj=+2.332 bg=+3.014) mse=5.389(obj=2.774 bg=5.485)  lr=5.19e-04  tot=3.5min
10:29:48  [492/1000]  train nll=+3.104(obj=+2.310 bg=+3.132) mse=6.210(obj=2.803 bg=6.324)  val nll=+2.942(obj=+2.245 bg=+2.967) mse=5.372(obj=2.700 bg=5.467)  lr=5.17e-04  tot=3.5min
10:29:49  [493/1000]  train nll=+2.997(obj=+2.274 bg=+3.022) mse=5.627(obj=2.738 bg=5.727)  val nll=+2.942(obj=+2.255 bg=+2.966) mse=4.920(obj=2.760 bg=4.996)  lr=5.15e-04  tot=3.5min
10:29:49  [494/1000]  train nll=+3.050(obj=+2.413 bg=+3.072) mse=5.724(obj=2.852 bg=5.824)  val nll=+3.137(obj=+2.383 bg=+3.164) mse=5.548(obj=2.711 bg=5.648)  lr=5.14e-04  tot=3.5min
10:29:49  [495/1000]  train nll=+2.991(obj=+2.361 bg=+3.015) mse=4.982(obj=2.848 bg=5.060)  val nll=+3.131(obj=+2.378 bg=+3.157) mse=5.808(obj=2.906 bg=5.906)  lr=5.12e-04  tot=3.5min
10:29:50  [496/1000]  train nll=+3.265(obj=+2.589 bg=+3.289) mse=5.850(obj=3.216 bg=5.943)  val nll=+3.179(obj=+2.456 bg=+3.205) mse=5.603(obj=2.934 bg=5.696)  lr=5.11e-04  tot=3.5min
10:29:50  [497/1000]  train nll=+3.192(obj=+2.805 bg=+3.208) mse=5.514(obj=3.331 bg=5.598)  val nll=+3.038(obj=+2.314 bg=+3.063) mse=5.379(obj=2.796 bg=5.460)  lr=5.09e-04  tot=3.5min
10:29:51  [498/1000]  train nll=+3.258(obj=+2.592 bg=+3.280) mse=6.120(obj=3.127 bg=6.215)  val nll=+3.108(obj=+2.387 bg=+3.132) mse=5.479(obj=2.831 bg=5.570)  lr=5.08e-04  tot=3.5min
10:29:51  [499/1000]  train nll=+3.183(obj=+2.527 bg=+3.208) mse=6.046(obj=2.966 bg=6.156)  val nll=+3.302(obj=+2.657 bg=+3.325) mse=5.829(obj=3.035 bg=5.926)  lr=5.06e-04  tot=3.5min
10:29:51  [500/1000]  train nll=+3.100(obj=+2.514 bg=+3.122) mse=5.188(obj=3.022 bg=5.262)  val nll=+2.923(obj=+2.258 bg=+2.948) mse=5.272(obj=2.825 bg=5.363)  lr=5.04e-04  tot=3.6min
10:29:52  [501/1000]  train nll=+3.035(obj=+2.320 bg=+3.058) mse=5.806(obj=2.840 bg=5.897)  val nll=+3.025(obj=+2.204 bg=+3.053) mse=6.050(obj=2.685 bg=6.165)  lr=5.03e-04  tot=3.6min
10:29:52  [502/1000]  train nll=+3.293(obj=+2.478 bg=+3.321) mse=6.284(obj=2.964 bg=6.391)  val nll=+3.174(obj=+2.424 bg=+3.202) mse=5.653(obj=2.787 bg=5.760)  lr=5.01e-04  tot=3.6min
10:29:53  [503/1000]  train nll=+3.083(obj=+2.418 bg=+3.106) mse=5.296(obj=2.893 bg=5.375)  val nll=+2.919(obj=+2.419 bg=+2.936) mse=4.876(obj=2.832 bg=4.944)  lr=5.00e-04  tot=3.6min
10:29:53  [504/1000]  train nll=+3.079(obj=+2.396 bg=+3.105) mse=5.578(obj=2.886 bg=5.675)  val nll=+2.956(obj=+2.071 bg=+2.989) mse=5.251(obj=2.422 bg=5.352)  lr=4.98e-04  tot=3.6min
10:29:54  [505/1000]  train nll=+3.060(obj=+2.476 bg=+3.080) mse=5.608(obj=3.027 bg=5.696)  val nll=+2.938(obj=+2.252 bg=+2.963) mse=5.324(obj=2.625 bg=5.422)  lr=4.97e-04  tot=3.6min
10:29:54  [506/1000]  train nll=+2.905(obj=+2.294 bg=+2.928) mse=5.054(obj=2.805 bg=5.132)  val nll=+3.029(obj=+2.418 bg=+3.051) mse=4.926(obj=2.992 bg=4.995)  lr=4.95e-04  tot=3.6min
10:29:54  [507/1000]  train nll=+3.150(obj=+2.336 bg=+3.180) mse=5.922(obj=2.772 bg=6.036)  val nll=+3.302(obj=+2.428 bg=+3.333) mse=5.753(obj=2.905 bg=5.854)  lr=4.93e-04  tot=3.6min
10:29:55  [508/1000]  train nll=+3.204(obj=+2.432 bg=+3.232) mse=5.588(obj=2.803 bg=5.686)  val nll=+3.134(obj=+2.365 bg=+3.161) mse=5.802(obj=2.874 bg=5.903)  lr=4.92e-04  tot=3.6min
10:29:55  [509/1000]  train nll=+3.158(obj=+2.320 bg=+3.190) mse=5.485(obj=2.783 bg=5.584)  val nll=+2.950(obj=+2.254 bg=+2.976) mse=5.114(obj=2.675 bg=5.201)  lr=4.90e-04  tot=3.6min
10:29:56  [510/1000]  train nll=+3.129(obj=+2.322 bg=+3.157) mse=6.044(obj=2.809 bg=6.157)  val nll=+2.967(obj=+2.318 bg=+2.991) mse=5.230(obj=2.867 bg=5.317)  lr=4.89e-04  tot=3.6min
10:29:56  [511/1000]  train nll=+3.088(obj=+2.220 bg=+3.120) mse=5.555(obj=2.596 bg=5.661)  val nll=+2.995(obj=+2.115 bg=+3.026) mse=5.867(obj=2.581 bg=5.980)  lr=4.87e-04  tot=3.6min
10:29:56  [512/1000]  train nll=+3.323(obj=+2.666 bg=+3.347) mse=5.943(obj=2.980 bg=6.052)  val nll=+3.236(obj=+2.672 bg=+3.257) mse=5.804(obj=3.038 bg=5.904)  lr=4.86e-04  tot=3.6min
10:29:57  [513/1000]  train nll=+3.104(obj=+2.345 bg=+3.133) mse=5.494(obj=2.731 bg=5.588)  val nll=+3.249(obj=+2.666 bg=+3.268) mse=5.362(obj=3.020 bg=5.441)  lr=4.84e-04  tot=3.6min
10:29:57  [514/1000]  train nll=+3.054(obj=+2.434 bg=+3.077) mse=5.220(obj=2.900 bg=5.300)  val nll=+3.029(obj=+2.374 bg=+3.053) mse=5.565(obj=2.943 bg=5.661)  lr=4.82e-04  tot=3.7min
10:29:58  [515/1000]  train nll=+2.983(obj=+2.241 bg=+3.009) mse=5.381(obj=2.702 bg=5.479)  val nll=+2.951(obj=+2.354 bg=+2.974) mse=5.574(obj=2.915 bg=5.672)  lr=4.81e-04  tot=3.7min
10:29:58  [516/1000]  train nll=+3.029(obj=+2.368 bg=+3.054) mse=5.023(obj=2.883 bg=5.106)  val nll=+2.897(obj=+2.217 bg=+2.922) mse=5.336(obj=2.748 bg=5.430)  lr=4.79e-04  tot=3.7min
10:29:58  [517/1000]  train nll=+3.245(obj=+2.548 bg=+3.269) mse=5.879(obj=2.956 bg=5.978)  val nll=+3.028(obj=+2.372 bg=+3.051) mse=5.659(obj=2.877 bg=5.755)  lr=4.78e-04  tot=3.7min
10:29:59  [518/1000]  train nll=+3.030(obj=+2.437 bg=+3.051) mse=5.438(obj=3.030 bg=5.523)  val nll=+2.922(obj=+2.371 bg=+2.943) mse=5.425(obj=2.948 bg=5.511)  lr=4.76e-04  tot=3.7min
10:29:59  [519/1000]  train nll=+3.035(obj=+2.284 bg=+3.064) mse=5.348(obj=2.736 bg=5.445)  val nll=+3.054(obj=+2.286 bg=+3.082) mse=5.532(obj=2.707 bg=5.635)  lr=4.74e-04  tot=3.7min
10:30:00  [520/1000]  train nll=+3.102(obj=+2.371 bg=+3.129) mse=5.383(obj=2.835 bg=5.473)  val nll=+2.905(obj=+2.227 bg=+2.929) mse=4.980(obj=2.673 bg=5.060)  lr=4.73e-04  tot=3.7min
10:30:00  [521/1000]  train nll=+3.087(obj=+2.343 bg=+3.113) mse=5.829(obj=2.832 bg=5.933)  val nll=+2.910(obj=+2.179 bg=+2.937) mse=5.427(obj=2.550 bg=5.529)  lr=4.71e-04  tot=3.7min
10:30:00  [522/1000]  train nll=+3.041(obj=+2.328 bg=+3.068) mse=5.335(obj=2.814 bg=5.422)  val nll=+3.401(obj=+3.064 bg=+3.413) mse=5.657(obj=3.301 bg=5.739)  lr=4.70e-04  tot=3.7min
10:30:01  [523/1000]  train nll=+3.239(obj=+2.628 bg=+3.263) mse=5.927(obj=2.973 bg=6.036)  val nll=+3.024(obj=+2.232 bg=+3.053) mse=5.523(obj=2.660 bg=5.623)  lr=4.68e-04  tot=3.7min
10:30:01  [524/1000]  train nll=+3.047(obj=+2.310 bg=+3.072) mse=5.337(obj=2.636 bg=5.430)  val nll=+3.040(obj=+2.220 bg=+3.069) mse=5.540(obj=2.651 bg=5.644)  lr=4.67e-04  tot=3.7min
10:30:02  [525/1000]  train nll=+3.120(obj=+2.348 bg=+3.148) mse=5.933(obj=2.835 bg=6.042)  val nll=+3.016(obj=+2.252 bg=+3.043) mse=5.413(obj=2.671 bg=5.511)  lr=4.65e-04  tot=3.7min
10:30:02  [526/1000]  train nll=+3.025(obj=+2.295 bg=+3.051) mse=5.362(obj=2.784 bg=5.450)  val nll=+2.868(obj=+2.170 bg=+2.892) mse=5.130(obj=2.634 bg=5.213)  lr=4.63e-04  tot=3.7min
10:30:02    ↳ saved (val_nll=2.8681)
10:30:03  [527/1000]  train nll=+3.076(obj=+2.173 bg=+3.107) mse=5.740(obj=2.643 bg=5.848)  val nll=+3.063(obj=+2.445 bg=+3.084) mse=4.938(obj=2.926 bg=5.009)  lr=4.62e-04  tot=3.7min
10:30:03  [528/1000]  train nll=+3.206(obj=+2.513 bg=+3.229) mse=5.669(obj=3.025 bg=5.759)  val nll=+3.001(obj=+2.399 bg=+3.022) mse=5.113(obj=2.805 bg=5.192)  lr=4.60e-04  tot=3.7min
10:30:03  [529/1000]  train nll=+3.068(obj=+2.408 bg=+3.091) mse=5.558(obj=2.932 bg=5.654)  val nll=+3.004(obj=+2.214 bg=+3.029) mse=5.441(obj=2.617 bg=5.531)  lr=4.59e-04  tot=3.8min
10:30:04  [530/1000]  train nll=+2.915(obj=+2.302 bg=+2.937) mse=4.990(obj=2.744 bg=5.064)  val nll=+2.926(obj=+2.218 bg=+2.950) mse=5.172(obj=2.571 bg=5.261)  lr=4.57e-04  tot=3.8min
10:30:04  [531/1000]  train nll=+3.052(obj=+2.229 bg=+3.081) mse=5.912(obj=2.691 bg=6.023)  val nll=+2.911(obj=+2.136 bg=+2.939) mse=5.472(obj=2.538 bg=5.577)  lr=4.56e-04  tot=3.8min
10:30:05  [532/1000]  train nll=+3.097(obj=+2.515 bg=+3.119) mse=5.495(obj=3.047 bg=5.582)  val nll=+3.027(obj=+2.312 bg=+3.052) mse=5.513(obj=2.876 bg=5.605)  lr=4.54e-04  tot=3.8min
10:30:05  [533/1000]  train nll=+3.004(obj=+2.322 bg=+3.030) mse=5.494(obj=2.758 bg=5.599)  val nll=+2.909(obj=+2.124 bg=+2.936) mse=5.308(obj=2.433 bg=5.408)  lr=4.52e-04  tot=3.8min
10:30:06  [534/1000]  train nll=+3.042(obj=+2.345 bg=+3.068) mse=5.494(obj=2.841 bg=5.593)  val nll=+3.101(obj=+2.319 bg=+3.128) mse=5.802(obj=2.704 bg=5.911)  lr=4.51e-04  tot=3.8min
10:30:06  [535/1000]  train nll=+3.166(obj=+2.454 bg=+3.191) mse=5.660(obj=2.995 bg=5.750)  val nll=+2.992(obj=+2.248 bg=+3.018) mse=5.430(obj=2.752 bg=5.519)  lr=4.49e-04  tot=3.8min
10:30:06  [536/1000]  train nll=+3.039(obj=+2.224 bg=+3.069) mse=5.548(obj=2.610 bg=5.656)  val nll=+3.107(obj=+2.329 bg=+3.136) mse=6.130(obj=2.865 bg=6.246)  lr=4.48e-04  tot=3.8min
10:30:07  [537/1000]  train nll=+3.126(obj=+2.347 bg=+3.152) mse=5.771(obj=2.892 bg=5.873)  val nll=+2.960(obj=+2.369 bg=+2.982) mse=5.052(obj=2.844 bg=5.131)  lr=4.46e-04  tot=3.8min
10:30:07  [538/1000]  train nll=+3.059(obj=+2.400 bg=+3.082) mse=5.406(obj=2.872 bg=5.493)  val nll=+2.871(obj=+2.278 bg=+2.893) mse=5.153(obj=2.916 bg=5.231)  lr=4.45e-04  tot=3.8min
10:30:08  [539/1000]  train nll=+3.086(obj=+2.409 bg=+3.111) mse=5.651(obj=2.973 bg=5.744)  val nll=+2.946(obj=+2.305 bg=+2.969) mse=5.548(obj=2.852 bg=5.640)  lr=4.43e-04  tot=3.8min
10:30:08  [540/1000]  train nll=+3.030(obj=+2.385 bg=+3.054) mse=5.307(obj=2.942 bg=5.391)  val nll=+3.127(obj=+2.398 bg=+3.154) mse=5.884(obj=2.817 bg=5.995)  lr=4.41e-04  tot=3.8min
10:30:08  [541/1000]  train nll=+3.088(obj=+2.487 bg=+3.111) mse=5.743(obj=2.989 bg=5.849)  val nll=+2.921(obj=+2.170 bg=+2.947) mse=5.351(obj=2.653 bg=5.442)  lr=4.40e-04  tot=3.8min
10:30:09  [542/1000]  train nll=+3.117(obj=+2.394 bg=+3.144) mse=5.533(obj=2.773 bg=5.631)  val nll=+3.075(obj=+2.359 bg=+3.101) mse=5.441(obj=2.803 bg=5.533)  lr=4.38e-04  tot=3.8min
10:30:09  [543/1000]  train nll=+2.979(obj=+2.378 bg=+3.001) mse=4.830(obj=3.004 bg=4.894)  val nll=+3.079(obj=+2.322 bg=+3.106) mse=5.933(obj=2.802 bg=6.041)  lr=4.37e-04  tot=3.9min
10:30:10  [544/1000]  train nll=+3.092(obj=+2.359 bg=+3.123) mse=5.497(obj=2.683 bg=5.608)  val nll=+3.343(obj=+2.742 bg=+3.364) mse=6.525(obj=3.239 bg=6.633)  lr=4.35e-04  tot=3.9min
10:30:10  [545/1000]  train nll=+3.135(obj=+2.519 bg=+3.158) mse=5.561(obj=2.894 bg=5.657)  val nll=+3.079(obj=+2.413 bg=+3.104) mse=5.305(obj=2.846 bg=5.390)  lr=4.34e-04  tot=3.9min
10:30:11  [546/1000]  train nll=+3.082(obj=+2.478 bg=+3.106) mse=5.628(obj=2.967 bg=5.722)  val nll=+3.190(obj=+2.530 bg=+3.213) mse=5.745(obj=2.936 bg=5.841)  lr=4.32e-04  tot=3.9min
10:30:11  [547/1000]  train nll=+3.039(obj=+2.361 bg=+3.063) mse=5.365(obj=2.864 bg=5.452)  val nll=+2.951(obj=+2.325 bg=+2.973) mse=5.746(obj=2.922 bg=5.842)  lr=4.31e-04  tot=3.9min
10:30:12  [548/1000]  train nll=+2.992(obj=+2.339 bg=+3.015) mse=5.302(obj=2.781 bg=5.390)  val nll=+3.095(obj=+2.536 bg=+3.117) mse=5.354(obj=2.880 bg=5.446)  lr=4.29e-04  tot=3.9min
10:30:12  [549/1000]  train nll=+2.954(obj=+2.337 bg=+2.977) mse=5.086(obj=2.789 bg=5.164)  val nll=+3.395(obj=+2.696 bg=+3.421) mse=5.806(obj=3.071 bg=5.902)  lr=4.27e-04  tot=3.9min
10:30:13  [550/1000]  train nll=+3.038(obj=+2.282 bg=+3.064) mse=5.450(obj=2.685 bg=5.548)  val nll=+2.892(obj=+2.271 bg=+2.914) mse=5.277(obj=2.825 bg=5.364)  lr=4.26e-04  tot=3.9min
10:30:13  [551/1000]  train nll=+3.009(obj=+2.224 bg=+3.035) mse=5.569(obj=2.642 bg=5.669)  val nll=+3.102(obj=+2.299 bg=+3.130) mse=5.731(obj=2.757 bg=5.832)  lr=4.24e-04  tot=3.9min
10:30:14  [552/1000]  train nll=+3.124(obj=+2.449 bg=+3.148) mse=5.617(obj=2.994 bg=5.711)  val nll=+2.931(obj=+2.204 bg=+2.956) mse=5.251(obj=2.647 bg=5.339)  lr=4.23e-04  tot=3.9min
10:30:14  [553/1000]  train nll=+2.903(obj=+2.204 bg=+2.927) mse=4.930(obj=2.598 bg=5.011)  val nll=+3.335(obj=+2.880 bg=+3.350) mse=5.159(obj=3.220 bg=5.225)  lr=4.21e-04  tot=3.9min
10:30:15  [554/1000]  train nll=+3.185(obj=+2.439 bg=+3.213) mse=5.209(obj=2.767 bg=5.298)  val nll=+2.887(obj=+2.235 bg=+2.910) mse=4.999(obj=2.648 bg=5.079)  lr=4.20e-04  tot=3.9min
10:30:15  [555/1000]  train nll=+3.264(obj=+2.454 bg=+3.292) mse=5.529(obj=2.809 bg=5.618)  val nll=+3.608(obj=+3.019 bg=+3.629) mse=5.434(obj=2.978 bg=5.523)  lr=4.18e-04  tot=3.9min
10:30:15  [556/1000]  train nll=+3.100(obj=+2.387 bg=+3.127) mse=5.510(obj=2.978 bg=5.596)  val nll=+3.225(obj=+2.379 bg=+3.255) mse=6.608(obj=2.889 bg=6.739)  lr=4.17e-04  tot=4.0min
10:30:16  [557/1000]  train nll=+3.070(obj=+2.383 bg=+3.094) mse=5.787(obj=2.894 bg=5.885)  val nll=+3.026(obj=+2.167 bg=+3.058) mse=5.451(obj=2.690 bg=5.549)  lr=4.15e-04  tot=4.0min
10:30:16  [558/1000]  train nll=+2.937(obj=+2.358 bg=+2.959) mse=4.792(obj=2.831 bg=4.862)  val nll=+2.870(obj=+2.111 bg=+2.897) mse=5.108(obj=2.482 bg=5.197)  lr=4.13e-04  tot=4.0min
10:30:17  [559/1000]  train nll=+3.120(obj=+2.392 bg=+3.145) mse=5.797(obj=2.793 bg=5.899)  val nll=+3.004(obj=+2.241 bg=+3.031) mse=5.561(obj=2.605 bg=5.660)  lr=4.12e-04  tot=4.0min
10:30:17  [560/1000]  train nll=+2.987(obj=+2.300 bg=+3.014) mse=5.295(obj=2.769 bg=5.387)  val nll=+2.880(obj=+2.193 bg=+2.903) mse=5.121(obj=2.610 bg=5.203)  lr=4.10e-04  tot=4.0min
10:30:17  [561/1000]  train nll=+3.065(obj=+2.426 bg=+3.086) mse=5.283(obj=2.807 bg=5.368)  val nll=+2.940(obj=+2.383 bg=+2.959) mse=5.118(obj=2.874 bg=5.193)  lr=4.09e-04  tot=4.0min
10:30:18  [562/1000]  train nll=+3.139(obj=+2.504 bg=+3.162) mse=5.654(obj=2.871 bg=5.757)  val nll=+2.942(obj=+2.245 bg=+2.966) mse=5.005(obj=2.669 bg=5.083)  lr=4.07e-04  tot=4.0min
10:30:18  [563/1000]  train nll=+2.905(obj=+2.345 bg=+2.925) mse=4.964(obj=2.803 bg=5.039)  val nll=+3.022(obj=+2.364 bg=+3.046) mse=5.498(obj=2.780 bg=5.594)  lr=4.06e-04  tot=4.0min
10:30:19  [564/1000]  train nll=+3.062(obj=+2.448 bg=+3.082) mse=5.023(obj=2.850 bg=5.095)  val nll=+2.861(obj=+2.145 bg=+2.885) mse=4.982(obj=2.502 bg=5.065)  lr=4.04e-04  tot=4.0min
10:30:19    ↳ saved (val_nll=2.8608)
10:30:19  [565/1000]  train nll=+3.088(obj=+2.423 bg=+3.112) mse=5.553(obj=2.954 bg=5.651)  val nll=+3.010(obj=+2.296 bg=+3.036) mse=5.112(obj=2.709 bg=5.202)  lr=4.03e-04  tot=4.0min
10:30:20  [566/1000]  train nll=+3.055(obj=+2.318 bg=+3.082) mse=4.964(obj=2.706 bg=5.046)  val nll=+2.902(obj=+2.199 bg=+2.929) mse=5.396(obj=2.652 bg=5.496)  lr=4.01e-04  tot=4.0min
10:30:20  [567/1000]  train nll=+3.020(obj=+2.329 bg=+3.044) mse=5.407(obj=2.975 bg=5.493)  val nll=+2.867(obj=+2.152 bg=+2.893) mse=5.015(obj=2.655 bg=5.098)  lr=3.99e-04  tot=4.0min
10:30:20  [568/1000]  train nll=+2.916(obj=+2.228 bg=+2.941) mse=4.973(obj=2.639 bg=5.056)  val nll=+3.336(obj=+2.821 bg=+3.353) mse=6.138(obj=2.840 bg=6.246)  lr=3.98e-04  tot=4.0min
10:30:21  [569/1000]  train nll=+3.088(obj=+2.421 bg=+3.111) mse=5.146(obj=2.809 bg=5.228)  val nll=+2.883(obj=+2.200 bg=+2.908) mse=5.104(obj=2.680 bg=5.189)  lr=3.96e-04  tot=4.0min
10:30:21  [570/1000]  train nll=+2.981(obj=+2.292 bg=+3.005) mse=5.851(obj=2.829 bg=5.951)  val nll=+2.972(obj=+2.231 bg=+3.000) mse=5.342(obj=2.827 bg=5.430)  lr=3.95e-04  tot=4.1min
10:30:22  [571/1000]  train nll=+3.027(obj=+2.249 bg=+3.056) mse=5.500(obj=2.559 bg=5.607)  val nll=+3.241(obj=+2.550 bg=+3.267) mse=5.651(obj=2.955 bg=5.752)  lr=3.93e-04  tot=4.1min
10:30:22  [572/1000]  train nll=+3.039(obj=+2.356 bg=+3.064) mse=5.360(obj=2.857 bg=5.453)  val nll=+2.897(obj=+2.174 bg=+2.924) mse=5.320(obj=2.612 bg=5.413)  lr=3.92e-04  tot=4.1min
10:30:22  [573/1000]  train nll=+3.029(obj=+2.372 bg=+3.054) mse=5.280(obj=2.807 bg=5.369)  val nll=+3.134(obj=+2.528 bg=+3.159) mse=5.511(obj=2.809 bg=5.605)  lr=3.90e-04  tot=4.1min
10:30:23  [574/1000]  train nll=+2.990(obj=+2.234 bg=+3.015) mse=5.359(obj=2.623 bg=5.452)  val nll=+2.934(obj=+2.049 bg=+2.965) mse=5.558(obj=2.524 bg=5.662)  lr=3.89e-04  tot=4.1min
10:30:23  [575/1000]  train nll=+2.921(obj=+2.362 bg=+2.941) mse=5.364(obj=2.740 bg=5.457)  val nll=+2.838(obj=+2.162 bg=+2.862) mse=5.242(obj=2.730 bg=5.331)  lr=3.87e-04  tot=4.1min
10:30:23    ↳ saved (val_nll=2.8381)
10:30:24  [576/1000]  train nll=+2.994(obj=+2.255 bg=+3.022) mse=5.683(obj=2.677 bg=5.788)  val nll=+2.878(obj=+2.123 bg=+2.905) mse=5.212(obj=2.697 bg=5.300)  lr=3.86e-04  tot=4.1min
10:30:24  [577/1000]  train nll=+2.962(obj=+2.292 bg=+2.986) mse=5.342(obj=2.800 bg=5.437)  val nll=+2.935(obj=+2.139 bg=+2.963) mse=5.446(obj=2.610 bg=5.542)  lr=3.84e-04  tot=4.1min
10:30:25  [578/1000]  train nll=+2.899(obj=+2.146 bg=+2.926) mse=5.349(obj=2.641 bg=5.442)  val nll=+2.952(obj=+2.223 bg=+2.979) mse=5.687(obj=2.738 bg=5.790)  lr=3.83e-04  tot=4.1min
10:30:25  [579/1000]  train nll=+2.934(obj=+2.323 bg=+2.957) mse=5.092(obj=2.782 bg=5.175)  val nll=+2.949(obj=+2.354 bg=+2.969) mse=5.274(obj=2.922 bg=5.355)  lr=3.81e-04  tot=4.1min
10:30:26  [580/1000]  train nll=+3.037(obj=+2.419 bg=+3.060) mse=5.430(obj=2.979 bg=5.516)  val nll=+2.955(obj=+2.238 bg=+2.981) mse=5.232(obj=2.709 bg=5.320)  lr=3.79e-04  tot=4.1min
10:30:26  [581/1000]  train nll=+2.908(obj=+2.204 bg=+2.933) mse=5.065(obj=2.731 bg=5.148)  val nll=+3.005(obj=+2.464 bg=+3.024) mse=5.145(obj=2.948 bg=5.223)  lr=3.78e-04  tot=4.1min
10:30:26  [582/1000]  train nll=+2.938(obj=+2.194 bg=+2.966) mse=5.249(obj=2.620 bg=5.344)  val nll=+2.843(obj=+2.225 bg=+2.866) mse=5.003(obj=2.716 bg=5.084)  lr=3.76e-04  tot=4.1min
10:30:27  [583/1000]  train nll=+2.994(obj=+2.395 bg=+3.014) mse=5.114(obj=2.919 bg=5.192)  val nll=+2.836(obj=+2.211 bg=+2.857) mse=4.816(obj=2.764 bg=4.884)  lr=3.75e-04  tot=4.1min
10:30:27    ↳ saved (val_nll=2.8362)
10:30:27  [584/1000]  train nll=+2.965(obj=+2.280 bg=+2.988) mse=5.516(obj=2.695 bg=5.610)  val nll=+2.797(obj=+2.123 bg=+2.821) mse=5.218(obj=2.653 bg=5.307)  lr=3.73e-04  tot=4.2min
10:30:27    ↳ saved (val_nll=2.7971)
10:30:28  [585/1000]  train nll=+2.891(obj=+2.250 bg=+2.913) mse=4.993(obj=2.716 bg=5.071)  val nll=+2.728(obj=+2.108 bg=+2.750) mse=4.571(obj=2.546 bg=4.643)  lr=3.72e-04  tot=4.2min
10:30:28    ↳ saved (val_nll=2.7277)
10:30:28  [586/1000]  train nll=+2.932(obj=+2.185 bg=+2.958) mse=5.379(obj=2.604 bg=5.474)  val nll=+3.045(obj=+2.492 bg=+3.064) mse=5.501(obj=2.881 bg=5.590)  lr=3.70e-04  tot=4.2min
10:30:29  [587/1000]  train nll=+3.183(obj=+2.634 bg=+3.203) mse=5.512(obj=3.064 bg=5.598)  val nll=+3.039(obj=+2.336 bg=+3.063) mse=5.738(obj=2.742 bg=5.842)  lr=3.69e-04  tot=4.2min
10:30:29  [588/1000]  train nll=+3.040(obj=+2.399 bg=+3.063) mse=5.178(obj=2.801 bg=5.259)  val nll=+2.853(obj=+2.243 bg=+2.875) mse=4.912(obj=2.643 bg=4.991)  lr=3.67e-04  tot=4.2min
10:30:30  [589/1000]  train nll=+3.085(obj=+2.348 bg=+3.111) mse=6.035(obj=2.995 bg=6.136)  val nll=+2.913(obj=+2.102 bg=+2.943) mse=5.496(obj=2.579 bg=5.598)  lr=3.66e-04  tot=4.2min
10:30:30  [590/1000]  train nll=+2.904(obj=+2.318 bg=+2.925) mse=5.127(obj=2.939 bg=5.204)  val nll=+2.886(obj=+2.139 bg=+2.912) mse=5.249(obj=2.614 bg=5.341)  lr=3.64e-04  tot=4.2min
10:30:30  [591/1000]  train nll=+3.005(obj=+2.312 bg=+3.029) mse=5.766(obj=2.972 bg=5.862)  val nll=+3.025(obj=+2.338 bg=+3.048) mse=5.516(obj=2.628 bg=5.615)  lr=3.63e-04  tot=4.2min
10:30:31  [592/1000]  train nll=+3.152(obj=+2.538 bg=+3.173) mse=5.577(obj=2.786 bg=5.678)  val nll=+3.035(obj=+2.333 bg=+3.061) mse=5.344(obj=2.825 bg=5.433)  lr=3.61e-04  tot=4.2min
10:30:31  [593/1000]  train nll=+3.075(obj=+2.401 bg=+3.099) mse=5.637(obj=2.840 bg=5.733)  val nll=+2.863(obj=+2.197 bg=+2.887) mse=5.280(obj=2.593 bg=5.373)  lr=3.60e-04  tot=4.2min
10:30:32  [594/1000]  train nll=+2.895(obj=+2.323 bg=+2.916) mse=5.037(obj=2.883 bg=5.116)  val nll=+2.833(obj=+2.057 bg=+2.861) mse=4.777(obj=2.439 bg=4.860)  lr=3.58e-04  tot=4.2min
10:30:32  [595/1000]  train nll=+2.918(obj=+2.389 bg=+2.938) mse=5.230(obj=2.858 bg=5.312)  val nll=+2.963(obj=+2.274 bg=+2.989) mse=5.827(obj=2.854 bg=5.936)  lr=3.57e-04  tot=4.2min
10:30:32  [596/1000]  train nll=+2.967(obj=+2.204 bg=+2.994) mse=5.253(obj=2.639 bg=5.344)  val nll=+2.939(obj=+2.246 bg=+2.965) mse=5.399(obj=2.874 bg=5.485)  lr=3.55e-04  tot=4.2min
10:30:33  [597/1000]  train nll=+2.849(obj=+1.982 bg=+2.882) mse=5.410(obj=2.476 bg=5.516)  val nll=+2.714(obj=+2.040 bg=+2.741) mse=4.596(obj=2.463 bg=4.673)  lr=3.54e-04  tot=4.2min
10:30:33    ↳ saved (val_nll=2.7143)
10:30:33  [598/1000]  train nll=+2.948(obj=+2.119 bg=+2.977) mse=5.317(obj=2.529 bg=5.416)  val nll=+2.772(obj=+2.026 bg=+2.801) mse=5.182(obj=2.510 bg=5.280)  lr=3.52e-04  tot=4.3min
10:30:34  [599/1000]  train nll=+2.859(obj=+2.133 bg=+2.886) mse=5.345(obj=2.623 bg=5.442)  val nll=+2.851(obj=+2.229 bg=+2.874) mse=5.025(obj=2.726 bg=5.108)  lr=3.51e-04  tot=4.3min
10:30:34  [600/1000]  train nll=+2.888(obj=+2.081 bg=+2.917) mse=5.286(obj=2.505 bg=5.387)  val nll=+2.746(obj=+2.030 bg=+2.771) mse=4.979(obj=2.579 bg=5.066)  lr=3.49e-04  tot=4.3min
10:30:34  [601/1000]  train nll=+2.888(obj=+2.232 bg=+2.912) mse=5.037(obj=2.685 bg=5.118)  val nll=+2.873(obj=+2.141 bg=+2.899) mse=5.271(obj=2.641 bg=5.361)  lr=3.48e-04  tot=4.3min
10:30:35  [602/1000]  train nll=+2.942(obj=+2.153 bg=+2.971) mse=5.576(obj=2.697 bg=5.678)  val nll=+3.179(obj=+2.595 bg=+3.199) mse=4.857(obj=2.717 bg=4.933)  lr=3.46e-04  tot=4.3min
10:30:35  [603/1000]  train nll=+3.035(obj=+2.423 bg=+3.057) mse=5.401(obj=2.941 bg=5.492)  val nll=+2.975(obj=+2.139 bg=+3.007) mse=5.470(obj=2.544 bg=5.574)  lr=3.45e-04  tot=4.3min
10:30:36  [604/1000]  train nll=+2.971(obj=+2.258 bg=+2.995) mse=5.143(obj=2.716 bg=5.225)  val nll=+2.773(obj=+2.269 bg=+2.791) mse=4.866(obj=2.676 bg=4.940)  lr=3.43e-04  tot=4.3min
10:30:36  [605/1000]  train nll=+2.949(obj=+2.207 bg=+2.974) mse=5.561(obj=2.778 bg=5.656)  val nll=+3.007(obj=+2.263 bg=+3.034) mse=5.122(obj=2.765 bg=5.204)  lr=3.42e-04  tot=4.3min
10:30:36  [606/1000]  train nll=+3.701(obj=+3.443 bg=+3.709) mse=5.306(obj=3.239 bg=5.374)  val nll=+2.905(obj=+2.167 bg=+2.932) mse=5.327(obj=2.585 bg=5.425)  lr=3.40e-04  tot=4.3min
10:30:37  [607/1000]  train nll=+2.972(obj=+2.320 bg=+2.998) mse=5.528(obj=2.979 bg=5.625)  val nll=+2.807(obj=+2.158 bg=+2.830) mse=5.148(obj=2.614 bg=5.245)  lr=3.39e-04  tot=4.3min
10:30:37  [608/1000]  train nll=+2.969(obj=+2.206 bg=+2.995) mse=5.640(obj=2.660 bg=5.744)  val nll=+2.841(obj=+2.104 bg=+2.868) mse=5.157(obj=2.457 bg=5.254)  lr=3.37e-04  tot=4.3min
10:30:38  [609/1000]  train nll=+2.830(obj=+2.027 bg=+2.856) mse=5.144(obj=2.607 bg=5.230)  val nll=+2.849(obj=+2.157 bg=+2.873) mse=5.143(obj=2.774 bg=5.221)  lr=3.36e-04  tot=4.3min
10:30:38  [610/1000]  train nll=+2.894(obj=+2.233 bg=+2.918) mse=5.335(obj=2.726 bg=5.434)  val nll=+2.796(obj=+2.023 bg=+2.824) mse=5.348(obj=2.546 bg=5.446)  lr=3.34e-04  tot=4.3min
10:30:39  [611/1000]  train nll=+2.977(obj=+2.279 bg=+3.002) mse=5.431(obj=2.843 bg=5.522)  val nll=+2.812(obj=+2.003 bg=+2.841) mse=5.150(obj=2.521 bg=5.246)  lr=3.33e-04  tot=4.3min
10:30:39  [612/1000]  train nll=+2.928(obj=+2.064 bg=+2.957) mse=5.547(obj=2.519 bg=5.650)  val nll=+2.845(obj=+2.133 bg=+2.869) mse=5.383(obj=2.666 bg=5.476)  lr=3.31e-04  tot=4.3min
10:30:39  [613/1000]  train nll=+2.938(obj=+2.305 bg=+2.961) mse=5.295(obj=2.856 bg=5.379)  val nll=+2.801(obj=+2.034 bg=+2.828) mse=5.309(obj=2.466 bg=5.406)  lr=3.30e-04  tot=4.4min
10:30:40  [614/1000]  train nll=+2.953(obj=+2.211 bg=+2.980) mse=5.393(obj=2.761 bg=5.484)  val nll=+2.861(obj=+2.042 bg=+2.890) mse=5.312(obj=2.516 bg=5.410)  lr=3.28e-04  tot=4.4min
10:30:40  [615/1000]  train nll=+2.939(obj=+2.126 bg=+2.965) mse=5.240(obj=2.547 bg=5.326)  val nll=+2.761(obj=+2.034 bg=+2.787) mse=4.652(obj=2.434 bg=4.732)  lr=3.27e-04  tot=4.4min
10:30:41  [616/1000]  train nll=+2.906(obj=+2.137 bg=+2.935) mse=4.926(obj=2.651 bg=5.011)  val nll=+2.705(obj=+1.961 bg=+2.730) mse=4.980(obj=2.509 bg=5.060)  lr=3.25e-04  tot=4.4min
10:30:41    ↳ saved (val_nll=2.7045)
10:30:41  [617/1000]  train nll=+2.803(obj=+2.156 bg=+2.827) mse=5.163(obj=2.701 bg=5.249)  val nll=+2.786(obj=+2.119 bg=+2.810) mse=4.869(obj=2.600 bg=4.955)  lr=3.24e-04  tot=4.4min
10:30:42  [618/1000]  train nll=+2.775(obj=+2.137 bg=+2.796) mse=4.873(obj=2.666 bg=4.942)  val nll=+2.744(obj=+1.953 bg=+2.772) mse=5.413(obj=2.444 bg=5.517)  lr=3.22e-04  tot=4.4min
10:30:42  [619/1000]  train nll=+2.882(obj=+2.199 bg=+2.908) mse=5.387(obj=2.724 bg=5.491)  val nll=+3.082(obj=+2.392 bg=+3.107) mse=5.034(obj=2.660 bg=5.125)  lr=3.21e-04  tot=4.4min
10:30:43  [620/1000]  train nll=+2.885(obj=+1.957 bg=+2.916) mse=5.302(obj=2.291 bg=5.400)  val nll=+3.102(obj=+2.266 bg=+3.133) mse=5.136(obj=2.608 bg=5.224)  lr=3.19e-04  tot=4.4min
10:30:43  [621/1000]  train nll=+3.033(obj=+2.280 bg=+3.061) mse=5.398(obj=2.732 bg=5.493)  val nll=+2.826(obj=+2.050 bg=+2.853) mse=5.059(obj=2.472 bg=5.150)  lr=3.18e-04  tot=4.4min
10:30:44  [622/1000]  train nll=+2.982(obj=+2.231 bg=+3.008) mse=5.749(obj=2.767 bg=5.847)  val nll=+2.911(obj=+2.106 bg=+2.939) mse=5.449(obj=2.429 bg=5.549)  lr=3.16e-04  tot=4.4min
10:30:44  [623/1000]  train nll=+3.011(obj=+2.368 bg=+3.033) mse=5.671(obj=2.802 bg=5.771)  val nll=+2.792(obj=+2.007 bg=+2.820) mse=5.059(obj=2.433 bg=5.153)  lr=3.15e-04  tot=4.4min
10:30:45  [624/1000]  train nll=+2.802(obj=+2.085 bg=+2.827) mse=4.794(obj=2.537 bg=4.873)  val nll=+2.824(obj=+2.029 bg=+2.852) mse=5.122(obj=2.568 bg=5.212)  lr=3.14e-04  tot=4.4min
10:30:45  [625/1000]  train nll=+2.797(obj=+2.003 bg=+2.826) mse=5.278(obj=2.561 bg=5.376)  val nll=+2.846(obj=+1.912 bg=+2.877) mse=5.754(obj=2.452 bg=5.861)  lr=3.12e-04  tot=4.4min
10:30:46  [626/1000]  train nll=+2.951(obj=+2.248 bg=+2.976) mse=5.358(obj=2.734 bg=5.449)  val nll=+2.892(obj=+2.006 bg=+2.923) mse=5.415(obj=2.516 bg=5.518)  lr=3.11e-04  tot=4.5min
10:30:46  [627/1000]  train nll=+2.842(obj=+2.095 bg=+2.868) mse=5.375(obj=2.472 bg=5.472)  val nll=+2.901(obj=+2.161 bg=+2.927) mse=5.436(obj=2.646 bg=5.533)  lr=3.09e-04  tot=4.5min
10:30:46  [628/1000]  train nll=+2.851(obj=+2.069 bg=+2.881) mse=5.066(obj=2.623 bg=5.158)  val nll=+2.832(obj=+2.047 bg=+2.862) mse=5.363(obj=2.498 bg=5.468)  lr=3.08e-04  tot=4.5min
10:30:47  [629/1000]  train nll=+2.851(obj=+2.086 bg=+2.880) mse=5.276(obj=2.713 bg=5.366)  val nll=+2.755(obj=+1.965 bg=+2.784) mse=5.154(obj=2.322 bg=5.256)  lr=3.06e-04  tot=4.5min
10:30:47  [630/1000]  train nll=+2.762(obj=+1.979 bg=+2.791) mse=5.069(obj=2.442 bg=5.165)  val nll=+2.823(obj=+2.009 bg=+2.851) mse=5.631(obj=2.496 bg=5.736)  lr=3.05e-04  tot=4.5min
10:30:48  [631/1000]  train nll=+2.883(obj=+2.005 bg=+2.914) mse=5.681(obj=2.431 bg=5.798)  val nll=+2.877(obj=+2.092 bg=+2.905) mse=5.381(obj=2.726 bg=5.476)  lr=3.03e-04  tot=4.5min
10:30:48  [632/1000]  train nll=+2.799(obj=+2.060 bg=+2.826) mse=4.923(obj=2.569 bg=5.006)  val nll=+2.862(obj=+2.242 bg=+2.884) mse=5.126(obj=2.736 bg=5.210)  lr=3.02e-04  tot=4.5min
10:30:48  [633/1000]  train nll=+2.864(obj=+2.125 bg=+2.889) mse=5.386(obj=2.723 bg=5.474)  val nll=+2.768(obj=+2.078 bg=+2.792) mse=4.792(obj=2.484 bg=4.871)  lr=3.00e-04  tot=4.5min
10:30:49  [634/1000]  train nll=+2.934(obj=+2.163 bg=+2.961) mse=5.358(obj=2.662 bg=5.457)  val nll=+2.747(obj=+1.930 bg=+2.775) mse=5.077(obj=2.445 bg=5.168)  lr=2.99e-04  tot=4.5min
10:30:49  [635/1000]  train nll=+2.795(obj=+2.020 bg=+2.823) mse=5.028(obj=2.629 bg=5.116)  val nll=+2.734(obj=+1.944 bg=+2.761) mse=4.932(obj=2.509 bg=5.018)  lr=2.98e-04  tot=4.5min
10:30:50  [636/1000]  train nll=+2.751(obj=+2.016 bg=+2.778) mse=4.828(obj=2.420 bg=4.909)  val nll=+2.912(obj=+2.233 bg=+2.938) mse=5.608(obj=2.707 bg=5.712)  lr=2.96e-04  tot=4.5min
10:30:50  [637/1000]  train nll=+2.921(obj=+2.180 bg=+2.946) mse=5.423(obj=2.654 bg=5.520)  val nll=+2.867(obj=+2.309 bg=+2.888) mse=5.422(obj=2.879 bg=5.510)  lr=2.95e-04  tot=4.5min
10:30:51  [638/1000]  train nll=+2.733(obj=+1.985 bg=+2.761) mse=4.950(obj=2.643 bg=5.033)  val nll=+2.953(obj=+2.294 bg=+2.978) mse=5.688(obj=2.967 bg=5.785)  lr=2.93e-04  tot=4.5min
10:30:51  [639/1000]  train nll=+2.910(obj=+2.357 bg=+2.931) mse=5.189(obj=2.688 bg=5.279)  val nll=+2.746(obj=+2.030 bg=+2.773) mse=4.808(obj=2.518 bg=4.892)  lr=2.92e-04  tot=4.6min
10:30:52  [640/1000]  train nll=+2.919(obj=+2.263 bg=+2.939) mse=5.458(obj=2.837 bg=5.546)  val nll=+2.732(obj=+2.049 bg=+2.755) mse=5.075(obj=2.604 bg=5.161)  lr=2.90e-04  tot=4.6min
10:30:52  [641/1000]  train nll=+2.784(obj=+2.141 bg=+2.810) mse=5.133(obj=2.636 bg=5.225)  val nll=+2.710(obj=+1.945 bg=+2.736) mse=4.965(obj=2.444 bg=5.051)  lr=2.89e-04  tot=4.6min
10:30:53  [642/1000]  train nll=+2.952(obj=+2.074 bg=+2.979) mse=5.673(obj=2.533 bg=5.768)  val nll=+2.864(obj=+2.304 bg=+2.885) mse=5.309(obj=2.711 bg=5.404)  lr=2.88e-04  tot=4.6min
10:30:53  [643/1000]  train nll=+3.081(obj=+2.551 bg=+3.101) mse=5.341(obj=2.731 bg=5.434)  val nll=+2.878(obj=+2.068 bg=+2.907) mse=5.215(obj=2.498 bg=5.309)  lr=2.86e-04  tot=4.6min
10:30:53  [644/1000]  train nll=+2.878(obj=+2.211 bg=+2.906) mse=5.226(obj=2.730 bg=5.323)  val nll=+2.821(obj=+1.922 bg=+2.852) mse=5.558(obj=2.436 bg=5.665)  lr=2.85e-04  tot=4.6min
10:30:54  [645/1000]  train nll=+2.853(obj=+2.052 bg=+2.882) mse=5.575(obj=2.671 bg=5.679)  val nll=+2.759(obj=+1.913 bg=+2.788) mse=4.957(obj=2.416 bg=5.040)  lr=2.83e-04  tot=4.6min
10:30:54  [646/1000]  train nll=+2.911(obj=+2.035 bg=+2.939) mse=5.402(obj=2.577 bg=5.493)  val nll=+2.777(obj=+2.076 bg=+2.802) mse=4.953(obj=2.608 bg=5.033)  lr=2.82e-04  tot=4.6min
10:30:55  [647/1000]  train nll=+2.898(obj=+2.083 bg=+2.928) mse=5.623(obj=2.599 bg=5.733)  val nll=+2.830(obj=+1.920 bg=+2.860) mse=5.224(obj=2.498 bg=5.316)  lr=2.80e-04  tot=4.6min
10:30:55  [648/1000]  train nll=+2.880(obj=+2.210 bg=+2.903) mse=4.894(obj=2.768 bg=4.966)  val nll=+2.802(obj=+2.037 bg=+2.830) mse=4.852(obj=2.457 bg=4.938)  lr=2.79e-04  tot=4.6min
10:30:56  [649/1000]  train nll=+2.834(obj=+2.100 bg=+2.861) mse=5.209(obj=2.453 bg=5.309)  val nll=+2.743(obj=+1.923 bg=+2.771) mse=4.915(obj=2.401 bg=5.005)  lr=2.78e-04  tot=4.6min
10:30:56  [650/1000]  train nll=+2.915(obj=+2.281 bg=+2.936) mse=5.416(obj=2.793 bg=5.505)  val nll=+2.866(obj=+2.096 bg=+2.894) mse=5.093(obj=2.613 bg=5.179)  lr=2.76e-04  tot=4.6min
10:30:56  [651/1000]  train nll=+2.891(obj=+2.121 bg=+2.915) mse=5.706(obj=2.660 bg=5.804)  val nll=+2.846(obj=+1.988 bg=+2.877) mse=5.503(obj=2.583 bg=5.604)  lr=2.75e-04  tot=4.6min
10:30:57  [652/1000]  train nll=+2.778(obj=+1.998 bg=+2.805) mse=4.871(obj=2.496 bg=4.951)  val nll=+2.734(obj=+1.991 bg=+2.762) mse=4.735(obj=2.459 bg=4.817)  lr=2.73e-04  tot=4.6min
10:30:57  [653/1000]  train nll=+2.841(obj=+2.051 bg=+2.869) mse=5.138(obj=2.584 bg=5.229)  val nll=+2.701(obj=+1.903 bg=+2.729) mse=5.041(obj=2.445 bg=5.133)  lr=2.72e-04  tot=4.7min
10:30:57    ↳ saved (val_nll=2.7007)
10:30:58  [654/1000]  train nll=+2.912(obj=+2.150 bg=+2.940) mse=5.482(obj=2.589 bg=5.582)  val nll=+2.868(obj=+2.117 bg=+2.894) mse=4.809(obj=2.441 bg=4.891)  lr=2.71e-04  tot=4.7min
10:30:58  [655/1000]  train nll=+3.064(obj=+2.356 bg=+3.091) mse=5.433(obj=2.710 bg=5.528)  val nll=+2.787(obj=+1.941 bg=+2.816) mse=5.720(obj=2.408 bg=5.833)  lr=2.69e-04  tot=4.7min
10:30:59  [656/1000]  train nll=+2.806(obj=+2.031 bg=+2.834) mse=5.266(obj=2.606 bg=5.358)  val nll=+2.706(obj=+1.899 bg=+2.735) mse=4.873(obj=2.435 bg=4.960)  lr=2.68e-04  tot=4.7min
10:30:59  [657/1000]  train nll=+2.825(obj=+2.097 bg=+2.851) mse=5.295(obj=2.514 bg=5.387)  val nll=+2.757(obj=+2.027 bg=+2.782) mse=5.100(obj=2.531 bg=5.188)  lr=2.66e-04  tot=4.7min
10:31:00  [658/1000]  train nll=+2.878(obj=+2.165 bg=+2.902) mse=5.318(obj=2.804 bg=5.406)  val nll=+2.764(obj=+1.978 bg=+2.792) mse=4.838(obj=2.421 bg=4.922)  lr=2.65e-04  tot=4.7min
10:31:00  [659/1000]  train nll=+2.764(obj=+1.932 bg=+2.795) mse=5.056(obj=2.357 bg=5.153)  val nll=+2.736(obj=+1.916 bg=+2.765) mse=5.238(obj=2.452 bg=5.338)  lr=2.64e-04  tot=4.7min
10:31:01  [660/1000]  train nll=+2.869(obj=+2.126 bg=+2.894) mse=5.387(obj=2.686 bg=5.476)  val nll=+2.874(obj=+2.205 bg=+2.898) mse=5.535(obj=2.646 bg=5.635)  lr=2.62e-04  tot=4.7min
10:31:01  [661/1000]  train nll=+2.830(obj=+2.167 bg=+2.854) mse=5.518(obj=2.729 bg=5.615)  val nll=+2.751(obj=+1.956 bg=+2.780) mse=5.321(obj=2.472 bg=5.428)  lr=2.61e-04  tot=4.7min
10:31:01  [662/1000]  train nll=+2.802(obj=+2.079 bg=+2.828) mse=5.215(obj=2.641 bg=5.302)  val nll=+2.782(obj=+1.984 bg=+2.810) mse=5.325(obj=2.612 bg=5.418)  lr=2.59e-04  tot=4.7min
10:31:02  [663/1000]  train nll=+2.777(obj=+2.050 bg=+2.803) mse=4.991(obj=2.523 bg=5.075)  val nll=+2.703(obj=+1.896 bg=+2.731) mse=4.832(obj=2.301 bg=4.920)  lr=2.58e-04  tot=4.7min
10:31:02  [664/1000]  train nll=+2.718(obj=+2.016 bg=+2.744) mse=4.824(obj=2.615 bg=4.902)  val nll=+3.079(obj=+2.443 bg=+3.101) mse=5.317(obj=2.830 bg=5.405)  lr=2.57e-04  tot=4.7min
10:31:03  [665/1000]  train nll=+2.895(obj=+2.169 bg=+2.924) mse=5.202(obj=2.728 bg=5.292)  val nll=+2.735(obj=+1.904 bg=+2.765) mse=5.417(obj=2.577 bg=5.513)  lr=2.55e-04  tot=4.7min
10:31:03  [666/1000]  train nll=+2.720(obj=+1.955 bg=+2.748) mse=4.793(obj=2.385 bg=4.878)  val nll=+2.684(obj=+1.763 bg=+2.716) mse=5.450(obj=2.180 bg=5.563)  lr=2.54e-04  tot=4.8min
10:31:03    ↳ saved (val_nll=2.6843)
10:31:04  [667/1000]  train nll=+3.063(obj=+1.941 bg=+3.099) mse=5.716(obj=2.501 bg=5.819)  val nll=+3.032(obj=+2.259 bg=+3.060) mse=5.740(obj=2.759 bg=5.840)  lr=2.53e-04  tot=4.8min
10:31:04  [668/1000]  train nll=+2.725(obj=+1.836 bg=+2.757) mse=4.992(obj=2.249 bg=5.086)  val nll=+2.811(obj=+2.158 bg=+2.834) mse=4.956(obj=2.636 bg=5.040)  lr=2.51e-04  tot=4.8min
10:31:05  [669/1000]  train nll=+2.899(obj=+2.286 bg=+2.921) mse=5.151(obj=2.747 bg=5.234)  val nll=+2.848(obj=+2.071 bg=+2.874) mse=5.240(obj=2.510 bg=5.331)  lr=2.50e-04  tot=4.8min
10:31:05  [670/1000]  train nll=+2.756(obj=+2.019 bg=+2.781) mse=4.679(obj=2.557 bg=4.753)  val nll=+2.774(obj=+2.025 bg=+2.801) mse=4.967(obj=2.699 bg=5.047)  lr=2.48e-04  tot=4.8min
10:31:06  [671/1000]  train nll=+2.822(obj=+2.123 bg=+2.848) mse=5.195(obj=2.640 bg=5.285)  val nll=+2.783(obj=+1.949 bg=+2.810) mse=5.086(obj=2.392 bg=5.172)  lr=2.47e-04  tot=4.8min
10:31:06  [672/1000]  train nll=+2.973(obj=+2.252 bg=+2.996) mse=5.655(obj=2.649 bg=5.750)  val nll=+2.778(obj=+2.151 bg=+2.800) mse=5.096(obj=2.681 bg=5.181)  lr=2.46e-04  tot=4.8min
10:31:07  [673/1000]  train nll=+2.973(obj=+2.174 bg=+3.002) mse=5.608(obj=2.681 bg=5.710)  val nll=+2.864(obj=+2.116 bg=+2.892) mse=4.659(obj=2.503 bg=4.737)  lr=2.44e-04  tot=4.8min
10:31:07  [674/1000]  train nll=+2.732(obj=+2.004 bg=+2.758) mse=4.817(obj=2.439 bg=4.900)  val nll=+2.818(obj=+2.134 bg=+2.845) mse=5.530(obj=2.656 bg=5.632)  lr=2.43e-04  tot=4.8min
10:31:08  [675/1000]  train nll=+2.847(obj=+2.075 bg=+2.874) mse=5.064(obj=2.663 bg=5.149)  val nll=+2.701(obj=+2.001 bg=+2.727) mse=4.884(obj=2.461 bg=4.969)  lr=2.42e-04  tot=4.8min
10:31:08  [676/1000]  train nll=+2.822(obj=+1.970 bg=+2.852) mse=5.584(obj=2.669 bg=5.686)  val nll=+2.822(obj=+2.110 bg=+2.850) mse=4.918(obj=2.680 bg=4.997)  lr=2.40e-04  tot=4.8min
10:31:09  [677/1000]  train nll=+2.736(obj=+1.980 bg=+2.764) mse=4.960(obj=2.538 bg=5.046)  val nll=+2.807(obj=+2.000 bg=+2.837) mse=5.021(obj=2.546 bg=5.111)  lr=2.39e-04  tot=4.8min
10:31:09  [678/1000]  train nll=+2.930(obj=+2.253 bg=+2.954) mse=5.229(obj=2.750 bg=5.316)  val nll=+2.700(obj=+2.015 bg=+2.725) mse=5.076(obj=2.537 bg=5.166)  lr=2.38e-04  tot=4.8min
10:31:10  [679/1000]  train nll=+2.774(obj=+2.010 bg=+2.800) mse=4.772(obj=2.614 bg=4.845)  val nll=+2.903(obj=+2.261 bg=+2.928) mse=5.083(obj=2.691 bg=5.166)  lr=2.36e-04  tot=4.9min
10:31:10  [680/1000]  train nll=+2.829(obj=+2.256 bg=+2.851) mse=5.187(obj=2.757 bg=5.273)  val nll=+2.742(obj=+1.930 bg=+2.771) mse=5.262(obj=2.466 bg=5.356)  lr=2.35e-04  tot=4.9min
10:31:11  [681/1000]  train nll=+2.838(obj=+2.056 bg=+2.863) mse=5.638(obj=2.761 bg=5.727)  val nll=+2.700(obj=+2.014 bg=+2.726) mse=5.334(obj=2.584 bg=5.434)  lr=2.34e-04  tot=4.9min
10:31:11  [682/1000]  train nll=+2.761(obj=+2.185 bg=+2.782) mse=4.992(obj=2.699 bg=5.077)  val nll=+2.670(obj=+1.916 bg=+2.698) mse=5.063(obj=2.614 bg=5.150)  lr=2.32e-04  tot=4.9min
10:31:11    ↳ saved (val_nll=2.6699)
10:31:12  [683/1000]  train nll=+2.710(obj=+2.117 bg=+2.731) mse=5.146(obj=2.839 bg=5.221)  val nll=+2.608(obj=+1.884 bg=+2.634) mse=4.842(obj=2.417 bg=4.927)  lr=2.31e-04  tot=4.9min
10:31:12    ↳ saved (val_nll=2.6077)
10:31:12  [684/1000]  train nll=+2.752(obj=+2.016 bg=+2.778) mse=4.869(obj=2.534 bg=4.952)  val nll=+2.685(obj=+1.951 bg=+2.710) mse=4.915(obj=2.557 bg=4.996)  lr=2.30e-04  tot=4.9min
10:31:13  [685/1000]  train nll=+2.796(obj=+1.925 bg=+2.827) mse=5.197(obj=2.373 bg=5.296)  val nll=+3.006(obj=+2.477 bg=+3.025) mse=5.257(obj=2.616 bg=5.349)  lr=2.28e-04  tot=4.9min
10:31:13  [686/1000]  train nll=+2.760(obj=+2.007 bg=+2.788) mse=5.074(obj=2.327 bg=5.167)  val nll=+2.638(obj=+1.865 bg=+2.664) mse=4.975(obj=2.515 bg=5.057)  lr=2.27e-04  tot=4.9min
10:31:14  [687/1000]  train nll=+2.832(obj=+2.121 bg=+2.857) mse=5.477(obj=2.748 bg=5.573)  val nll=+2.739(obj=+1.975 bg=+2.767) mse=5.013(obj=2.466 bg=5.105)  lr=2.26e-04  tot=4.9min
10:31:14  [688/1000]  train nll=+3.001(obj=+2.300 bg=+3.024) mse=5.248(obj=2.641 bg=5.337)  val nll=+2.763(obj=+2.032 bg=+2.789) mse=4.787(obj=2.640 bg=4.861)  lr=2.24e-04  tot=4.9min
10:31:14  [689/1000]  train nll=+2.801(obj=+1.976 bg=+2.831) mse=5.007(obj=2.461 bg=5.095)  val nll=+2.676(obj=+2.058 bg=+2.698) mse=4.795(obj=2.602 bg=4.874)  lr=2.23e-04  tot=4.9min
10:31:15  [690/1000]  train nll=+2.844(obj=+2.003 bg=+2.874) mse=5.290(obj=2.543 bg=5.390)  val nll=+2.685(obj=+1.884 bg=+2.715) mse=5.005(obj=2.412 bg=5.097)  lr=2.22e-04  tot=4.9min
10:31:15  [691/1000]  train nll=+2.896(obj=+2.161 bg=+2.922) mse=5.658(obj=2.637 bg=5.765)  val nll=+2.695(obj=+2.110 bg=+2.719) mse=5.182(obj=2.448 bg=5.279)  lr=2.20e-04  tot=5.0min
10:31:16  [692/1000]  train nll=+2.849(obj=+2.075 bg=+2.877) mse=5.302(obj=2.577 bg=5.399)  val nll=+2.759(obj=+2.170 bg=+2.778) mse=4.912(obj=2.653 bg=4.989)  lr=2.19e-04  tot=5.0min
10:31:16  [693/1000]  train nll=+2.733(obj=+1.874 bg=+2.766) mse=5.138(obj=2.387 bg=5.238)  val nll=+2.864(obj=+2.563 bg=+2.877) mse=4.467(obj=2.695 bg=4.533)  lr=2.18e-04  tot=5.0min
10:31:17  [694/1000]  train nll=+2.661(obj=+1.847 bg=+2.692) mse=4.906(obj=2.327 bg=5.000)  val nll=+2.689(obj=+2.008 bg=+2.714) mse=4.987(obj=2.607 bg=5.081)  lr=2.17e-04  tot=5.0min
10:31:17  [695/1000]  train nll=+2.719(obj=+1.911 bg=+2.750) mse=4.825(obj=2.354 bg=4.913)  val nll=+2.747(obj=+2.007 bg=+2.775) mse=5.381(obj=2.562 bg=5.483)  lr=2.15e-04  tot=5.0min
10:31:17  [696/1000]  train nll=+2.766(obj=+2.008 bg=+2.794) mse=5.096(obj=2.562 bg=5.188)  val nll=+2.806(obj=+2.104 bg=+2.830) mse=4.750(obj=2.521 bg=4.828)  lr=2.14e-04  tot=5.0min
10:31:18  [697/1000]  train nll=+2.874(obj=+2.267 bg=+2.898) mse=5.207(obj=2.750 bg=5.298)  val nll=+2.732(obj=+1.937 bg=+2.759) mse=5.073(obj=2.466 bg=5.159)  lr=2.13e-04  tot=5.0min
10:31:18  [698/1000]  train nll=+2.696(obj=+2.008 bg=+2.722) mse=4.937(obj=2.533 bg=5.024)  val nll=+2.639(obj=+1.925 bg=+2.665) mse=4.971(obj=2.468 bg=5.065)  lr=2.11e-04  tot=5.0min
10:31:19  [699/1000]  train nll=+2.729(obj=+1.914 bg=+2.756) mse=5.027(obj=2.595 bg=5.107)  val nll=+2.606(obj=+1.948 bg=+2.630) mse=4.547(obj=2.522 bg=4.619)  lr=2.10e-04  tot=5.0min
10:31:19    ↳ saved (val_nll=2.6058)
10:31:19  [700/1000]  train nll=+2.778(obj=+2.001 bg=+2.806) mse=4.735(obj=2.461 bg=4.813)  val nll=+2.663(obj=+1.906 bg=+2.691) mse=5.288(obj=2.342 bg=5.397)  lr=2.09e-04  tot=5.0min
10:31:20  [701/1000]  train nll=+2.869(obj=+2.152 bg=+2.894) mse=5.072(obj=2.709 bg=5.153)  val nll=+2.659(obj=+1.872 bg=+2.686) mse=4.678(obj=2.366 bg=4.761)  lr=2.08e-04  tot=5.0min
10:31:20  [702/1000]  train nll=+2.841(obj=+1.964 bg=+2.872) mse=5.826(obj=2.466 bg=5.943)  val nll=+2.531(obj=+1.812 bg=+2.558) mse=4.630(obj=2.319 bg=4.711)  lr=2.06e-04  tot=5.0min
10:31:20    ↳ saved (val_nll=2.5312)
10:31:20  [703/1000]  train nll=+2.746(obj=+2.126 bg=+2.771) mse=5.141(obj=2.681 bg=5.230)  val nll=+2.835(obj=+1.974 bg=+2.866) mse=5.513(obj=2.427 bg=5.622)  lr=2.05e-04  tot=5.0min
10:31:21  [704/1000]  train nll=+2.679(obj=+1.903 bg=+2.706) mse=5.175(obj=2.442 bg=5.270)  val nll=+2.752(obj=+1.821 bg=+2.786) mse=5.062(obj=2.269 bg=5.159)  lr=2.04e-04  tot=5.0min
10:31:21  [705/1000]  train nll=+2.906(obj=+2.121 bg=+2.935) mse=5.236(obj=2.556 bg=5.334)  val nll=+2.571(obj=+1.828 bg=+2.597) mse=4.961(obj=2.488 bg=5.043)  lr=2.02e-04  tot=5.1min
10:31:22  [706/1000]  train nll=+2.710(obj=+1.886 bg=+2.739) mse=4.991(obj=2.472 bg=5.081)  val nll=+2.707(obj=+1.895 bg=+2.736) mse=5.637(obj=2.532 bg=5.749)  lr=2.01e-04  tot=5.1min
10:31:22  [707/1000]  train nll=+2.737(obj=+1.929 bg=+2.765) mse=5.291(obj=2.443 bg=5.387)  val nll=+2.645(obj=+1.979 bg=+2.669) mse=4.735(obj=2.541 bg=4.811)  lr=2.00e-04  tot=5.1min
10:31:22  [708/1000]  train nll=+2.732(obj=+2.329 bg=+2.744) mse=5.309(obj=2.489 bg=5.408)  val nll=+2.567(obj=+1.663 bg=+2.598) mse=4.557(obj=2.128 bg=4.640)  lr=1.99e-04  tot=5.1min
10:31:23  [709/1000]  train nll=+2.809(obj=+1.977 bg=+2.840) mse=5.032(obj=2.574 bg=5.120)  val nll=+2.719(obj=+1.932 bg=+2.746) mse=5.274(obj=2.407 bg=5.372)  lr=1.97e-04  tot=5.1min
10:31:23  [710/1000]  train nll=+2.710(obj=+2.042 bg=+2.735) mse=4.662(obj=2.516 bg=4.741)  val nll=+2.627(obj=+1.979 bg=+2.651) mse=4.615(obj=2.593 bg=4.684)  lr=1.96e-04  tot=5.1min
10:31:24  [711/1000]  train nll=+2.723(obj=+1.974 bg=+2.749) mse=4.823(obj=2.521 bg=4.902)  val nll=+2.608(obj=+1.797 bg=+2.636) mse=4.958(obj=2.254 bg=5.045)  lr=1.95e-04  tot=5.1min
10:31:24  [712/1000]  train nll=+2.740(obj=+1.968 bg=+2.766) mse=5.133(obj=2.416 bg=5.226)  val nll=+2.699(obj=+1.998 bg=+2.724) mse=4.972(obj=2.393 bg=5.061)  lr=1.94e-04  tot=5.1min
10:31:24  [713/1000]  train nll=+2.737(obj=+1.957 bg=+2.766) mse=5.514(obj=2.524 bg=5.626)  val nll=+2.751(obj=+1.885 bg=+2.782) mse=5.226(obj=2.312 bg=5.329)  lr=1.92e-04  tot=5.1min
10:31:25  [714/1000]  train nll=+2.884(obj=+2.029 bg=+2.915) mse=5.389(obj=2.587 bg=5.489)  val nll=+2.613(obj=+1.868 bg=+2.640) mse=4.984(obj=2.466 bg=5.075)  lr=1.91e-04  tot=5.1min
10:31:25  [715/1000]  train nll=+2.665(obj=+1.774 bg=+2.696) mse=5.225(obj=2.267 bg=5.330)  val nll=+2.680(obj=+1.854 bg=+2.709) mse=5.412(obj=2.346 bg=5.523)  lr=1.90e-04  tot=5.1min
10:31:26  [716/1000]  train nll=+2.631(obj=+1.971 bg=+2.655) mse=4.821(obj=2.483 bg=4.905)  val nll=+2.683(obj=+1.963 bg=+2.709) mse=4.895(obj=2.410 bg=4.980)  lr=1.89e-04  tot=5.1min
10:31:26  [717/1000]  train nll=+2.717(obj=+1.843 bg=+2.748) mse=4.833(obj=2.291 bg=4.923)  val nll=+2.801(obj=+1.913 bg=+2.833) mse=5.379(obj=2.484 bg=5.481)  lr=1.87e-04  tot=5.1min
10:31:27  [718/1000]  train nll=+2.774(obj=+1.944 bg=+2.804) mse=4.888(obj=2.354 bg=4.978)  val nll=+2.719(obj=+1.927 bg=+2.748) mse=5.386(obj=2.511 bg=5.488)  lr=1.86e-04  tot=5.1min
10:31:27  [719/1000]  train nll=+2.755(obj=+1.988 bg=+2.782) mse=5.017(obj=2.544 bg=5.102)  val nll=+2.591(obj=+1.816 bg=+2.619) mse=4.692(obj=2.450 bg=4.771)  lr=1.85e-04  tot=5.1min
10:31:27  [720/1000]  train nll=+2.739(obj=+2.034 bg=+2.764) mse=5.249(obj=2.503 bg=5.346)  val nll=+3.037(obj=+2.408 bg=+3.060) mse=4.975(obj=2.611 bg=5.056)  lr=1.84e-04  tot=5.2min
10:31:28  [721/1000]  train nll=+2.918(obj=+2.143 bg=+2.943) mse=4.910(obj=2.673 bg=4.985)  val nll=+2.640(obj=+1.751 bg=+2.672) mse=5.187(obj=2.303 bg=5.290)  lr=1.83e-04  tot=5.2min
10:31:28  [722/1000]  train nll=+2.793(obj=+1.958 bg=+2.823) mse=5.311(obj=2.496 bg=5.411)  val nll=+2.868(obj=+2.177 bg=+2.892) mse=5.171(obj=2.453 bg=5.265)  lr=1.81e-04  tot=5.2min
10:31:29  [723/1000]  train nll=+2.728(obj=+2.057 bg=+2.751) mse=5.012(obj=2.674 bg=5.095)  val nll=+2.508(obj=+1.732 bg=+2.536) mse=4.510(obj=2.322 bg=4.588)  lr=1.80e-04  tot=5.2min
10:31:29    ↳ saved (val_nll=2.5079)
10:31:29  [724/1000]  train nll=+2.697(obj=+1.948 bg=+2.726) mse=5.105(obj=2.418 bg=5.201)  val nll=+2.825(obj=+2.145 bg=+2.847) mse=4.990(obj=2.578 bg=5.073)  lr=1.79e-04  tot=5.2min
10:31:30  [725/1000]  train nll=+2.732(obj=+1.958 bg=+2.760) mse=5.106(obj=2.483 bg=5.202)  val nll=+2.654(obj=+1.855 bg=+2.683) mse=5.493(obj=2.483 bg=5.601)  lr=1.78e-04  tot=5.2min
10:31:30  [726/1000]  train nll=+2.744(obj=+1.839 bg=+2.778) mse=5.135(obj=2.260 bg=5.237)  val nll=+2.690(obj=+2.012 bg=+2.715) mse=4.643(obj=2.497 bg=4.721)  lr=1.77e-04  tot=5.2min
10:31:30  [727/1000]  train nll=+2.730(obj=+1.972 bg=+2.756) mse=5.462(obj=2.619 bg=5.557)  val nll=+2.783(obj=+2.071 bg=+2.807) mse=4.957(obj=2.626 bg=5.036)  lr=1.75e-04  tot=5.2min
10:31:31  [728/1000]  train nll=+2.795(obj=+2.088 bg=+2.821) mse=5.627(obj=2.728 bg=5.722)  val nll=+2.569(obj=+1.840 bg=+2.595) mse=4.474(obj=2.409 bg=4.545)  lr=1.74e-04  tot=5.2min
10:31:31  [729/1000]  train nll=+2.975(obj=+2.300 bg=+2.999) mse=4.979(obj=2.419 bg=5.068)  val nll=+2.604(obj=+1.689 bg=+2.635) mse=5.392(obj=2.176 bg=5.499)  lr=1.73e-04  tot=5.2min
10:31:32  [730/1000]  train nll=+2.743(obj=+2.075 bg=+2.768) mse=5.012(obj=2.534 bg=5.105)  val nll=+2.592(obj=+1.856 bg=+2.619) mse=4.868(obj=2.485 bg=4.953)  lr=1.72e-04  tot=5.2min
10:31:32  [731/1000]  train nll=+2.631(obj=+1.871 bg=+2.658) mse=4.918(obj=2.423 bg=5.004)  val nll=+2.597(obj=+1.810 bg=+2.623) mse=4.908(obj=2.412 bg=4.990)  lr=1.71e-04  tot=5.2min
10:31:33  [732/1000]  train nll=+2.647(obj=+1.795 bg=+2.679) mse=5.074(obj=2.453 bg=5.169)  val nll=+2.560(obj=+1.845 bg=+2.586) mse=4.611(obj=2.511 bg=4.684)  lr=1.69e-04  tot=5.2min
10:31:33  [733/1000]  train nll=+2.756(obj=+2.094 bg=+2.776) mse=5.073(obj=2.530 bg=5.157)  val nll=+2.791(obj=+1.888 bg=+2.823) mse=5.216(obj=2.315 bg=5.313)  lr=1.68e-04  tot=5.2min
10:31:34  [734/1000]  train nll=+2.746(obj=+1.982 bg=+2.773) mse=4.959(obj=2.440 bg=5.043)  val nll=+2.589(obj=+1.827 bg=+2.616) mse=4.841(obj=2.374 bg=4.930)  lr=1.67e-04  tot=5.3min
10:31:34  [735/1000]  train nll=+2.641(obj=+1.773 bg=+2.673) mse=5.043(obj=2.244 bg=5.146)  val nll=+2.581(obj=+1.776 bg=+2.610) mse=4.753(obj=2.331 bg=4.842)  lr=1.66e-04  tot=5.3min
10:31:35  [736/1000]  train nll=+2.584(obj=+1.742 bg=+2.614) mse=4.821(obj=2.334 bg=4.908)  val nll=+2.616(obj=+1.832 bg=+2.643) mse=4.701(obj=2.348 bg=4.782)  lr=1.65e-04  tot=5.3min
10:31:35  [737/1000]  train nll=+2.754(obj=+2.041 bg=+2.781) mse=5.449(obj=2.507 bg=5.561)  val nll=+2.556(obj=+1.835 bg=+2.582) mse=4.637(obj=2.411 bg=4.714)  lr=1.64e-04  tot=5.3min
10:31:35  [738/1000]  train nll=+2.731(obj=+2.024 bg=+2.757) mse=5.187(obj=2.555 bg=5.275)  val nll=+2.658(obj=+1.831 bg=+2.686) mse=5.186(obj=2.502 bg=5.276)  lr=1.62e-04  tot=5.3min
10:31:36  [739/1000]  train nll=+2.714(obj=+1.949 bg=+2.740) mse=5.030(obj=2.386 bg=5.121)  val nll=+2.994(obj=+2.444 bg=+3.014) mse=5.204(obj=2.537 bg=5.298)  lr=1.61e-04  tot=5.3min
10:31:36  [740/1000]  train nll=+2.794(obj=+2.066 bg=+2.819) mse=4.751(obj=2.551 bg=4.827)  val nll=+2.711(obj=+1.907 bg=+2.739) mse=4.946(obj=2.543 bg=5.029)  lr=1.60e-04  tot=5.3min
10:31:37  [741/1000]  train nll=+2.572(obj=+1.892 bg=+2.596) mse=4.452(obj=2.470 bg=4.520)  val nll=+2.789(obj=+2.199 bg=+2.809) mse=4.756(obj=2.690 bg=4.827)  lr=1.59e-04  tot=5.3min
10:31:37  [742/1000]  train nll=+2.733(obj=+1.967 bg=+2.761) mse=5.424(obj=2.470 bg=5.529)  val nll=+2.558(obj=+1.719 bg=+2.588) mse=4.729(obj=2.240 bg=4.819)  lr=1.58e-04  tot=5.3min
10:31:37  [743/1000]  train nll=+2.645(obj=+1.737 bg=+2.677) mse=5.095(obj=2.246 bg=5.196)  val nll=+2.667(obj=+1.791 bg=+2.699) mse=5.156(obj=2.378 bg=5.254)  lr=1.57e-04  tot=5.3min
10:31:38  [744/1000]  train nll=+2.659(obj=+1.826 bg=+2.687) mse=4.679(obj=2.473 bg=4.754)  val nll=+2.586(obj=+1.835 bg=+2.613) mse=5.230(obj=2.518 bg=5.320)  lr=1.55e-04  tot=5.3min
10:31:38  [745/1000]  train nll=+2.669(obj=+1.833 bg=+2.699) mse=5.001(obj=2.459 bg=5.089)  val nll=+2.563(obj=+1.856 bg=+2.589) mse=4.927(obj=2.598 bg=5.007)  lr=1.54e-04  tot=5.3min
10:31:39  [746/1000]  train nll=+2.756(obj=+1.965 bg=+2.785) mse=4.983(obj=2.574 bg=5.068)  val nll=+2.633(obj=+1.949 bg=+2.658) mse=4.801(obj=2.570 bg=4.879)  lr=1.53e-04  tot=5.3min
10:31:39  [747/1000]  train nll=+2.760(obj=+1.946 bg=+2.790) mse=5.152(obj=2.542 bg=5.245)  val nll=+2.638(obj=+1.841 bg=+2.666) mse=4.983(obj=2.449 bg=5.072)  lr=1.52e-04  tot=5.3min
10:31:39  [748/1000]  train nll=+2.716(obj=+1.832 bg=+2.746) mse=5.293(obj=2.345 bg=5.392)  val nll=+2.656(obj=+1.899 bg=+2.682) mse=5.175(obj=2.439 bg=5.269)  lr=1.51e-04  tot=5.4min
10:31:40  [749/1000]  train nll=+2.680(obj=+1.911 bg=+2.711) mse=4.659(obj=2.477 bg=4.743)  val nll=+2.700(obj=+1.904 bg=+2.726) mse=5.005(obj=2.463 bg=5.090)  lr=1.50e-04  tot=5.4min
10:31:40  [750/1000]  train nll=+2.628(obj=+1.903 bg=+2.654) mse=4.922(obj=2.508 bg=5.009)  val nll=+2.616(obj=+1.799 bg=+2.645) mse=4.863(obj=2.453 bg=4.952)  lr=1.49e-04  tot=5.4min
10:31:41  [751/1000]  train nll=+2.578(obj=+1.696 bg=+2.611) mse=5.017(obj=2.265 bg=5.119)  val nll=+2.609(obj=+1.770 bg=+2.639) mse=5.316(obj=2.425 bg=5.419)  lr=1.48e-04  tot=5.4min
10:31:41  [752/1000]  train nll=+2.655(obj=+1.837 bg=+2.684) mse=5.375(obj=2.459 bg=5.470)  val nll=+2.664(obj=+1.808 bg=+2.693) mse=5.308(obj=2.383 bg=5.408)  lr=1.46e-04  tot=5.4min
10:31:41  [753/1000]  train nll=+2.747(obj=+1.901 bg=+2.778) mse=5.334(obj=2.493 bg=5.437)  val nll=+2.611(obj=+1.925 bg=+2.636) mse=4.895(obj=2.442 bg=4.978)  lr=1.45e-04  tot=5.4min
10:31:42  [754/1000]  train nll=+2.735(obj=+1.938 bg=+2.764) mse=5.138(obj=2.440 bg=5.235)  val nll=+2.504(obj=+1.651 bg=+2.534) mse=4.867(obj=2.193 bg=4.960)  lr=1.44e-04  tot=5.4min
10:31:42    ↳ saved (val_nll=2.5038)
10:31:42  [755/1000]  train nll=+2.652(obj=+1.897 bg=+2.681) mse=4.709(obj=2.464 bg=4.793)  val nll=+2.599(obj=+1.912 bg=+2.623) mse=4.968(obj=2.491 bg=5.051)  lr=1.43e-04  tot=5.4min
10:31:43  [756/1000]  train nll=+2.681(obj=+1.957 bg=+2.707) mse=5.121(obj=2.519 bg=5.211)  val nll=+2.643(obj=+1.969 bg=+2.667) mse=5.147(obj=2.600 bg=5.234)  lr=1.42e-04  tot=5.4min
10:31:43  [757/1000]  train nll=+2.627(obj=+1.848 bg=+2.652) mse=4.879(obj=2.354 bg=4.967)  val nll=+2.524(obj=+1.798 bg=+2.550) mse=4.920(obj=2.457 bg=5.004)  lr=1.41e-04  tot=5.4min
10:31:43  [758/1000]  train nll=+2.645(obj=+2.007 bg=+2.668) mse=4.438(obj=2.722 bg=4.502)  val nll=+2.644(obj=+1.935 bg=+2.670) mse=5.121(obj=2.501 bg=5.215)  lr=1.40e-04  tot=5.4min
10:31:44  [759/1000]  train nll=+2.567(obj=+1.945 bg=+2.587) mse=4.846(obj=2.533 bg=4.919)  val nll=+2.603(obj=+1.832 bg=+2.630) mse=5.125(obj=2.564 bg=5.209)  lr=1.39e-04  tot=5.4min
10:31:44  [760/1000]  train nll=+2.619(obj=+1.961 bg=+2.643) mse=4.650(obj=2.713 bg=4.718)  val nll=+2.519(obj=+1.802 bg=+2.546) mse=4.478(obj=2.522 bg=4.549)  lr=1.38e-04  tot=5.4min
10:31:45  [761/1000]  train nll=+2.606(obj=+1.754 bg=+2.637) mse=4.679(obj=2.313 bg=4.761)  val nll=+2.678(obj=+1.871 bg=+2.705) mse=5.152(obj=2.511 bg=5.245)  lr=1.37e-04  tot=5.4min
10:31:45  [762/1000]  train nll=+2.637(obj=+1.914 bg=+2.662) mse=4.883(obj=2.521 bg=4.965)  val nll=+2.610(obj=+1.888 bg=+2.636) mse=4.878(obj=2.454 bg=4.960)  lr=1.36e-04  tot=5.4min
10:31:45  [763/1000]  train nll=+2.604(obj=+1.831 bg=+2.632) mse=5.262(obj=2.453 bg=5.364)  val nll=+2.483(obj=+1.843 bg=+2.507) mse=4.466(obj=2.462 bg=4.539)  lr=1.34e-04  tot=5.5min
10:31:45    ↳ saved (val_nll=2.4832)
10:31:46  [764/1000]  train nll=+2.684(obj=+2.026 bg=+2.707) mse=4.832(obj=2.545 bg=4.910)  val nll=+2.528(obj=+1.736 bg=+2.557) mse=4.703(obj=2.248 bg=4.789)  lr=1.33e-04  tot=5.5min
10:31:46  [765/1000]  train nll=+2.730(obj=+1.831 bg=+2.762) mse=5.654(obj=2.342 bg=5.772)  val nll=+2.607(obj=+1.813 bg=+2.634) mse=4.640(obj=2.420 bg=4.718)  lr=1.32e-04  tot=5.5min
10:31:47  [766/1000]  train nll=+2.744(obj=+2.020 bg=+2.770) mse=5.605(obj=2.726 bg=5.709)  val nll=+2.695(obj=+1.872 bg=+2.724) mse=4.709(obj=2.326 bg=4.793)  lr=1.31e-04  tot=5.5min
10:31:47  [767/1000]  train nll=+2.644(obj=+1.927 bg=+2.669) mse=4.793(obj=2.530 bg=4.871)  val nll=+2.704(obj=+2.058 bg=+2.727) mse=4.783(obj=2.453 bg=4.860)  lr=1.30e-04  tot=5.5min
10:31:47  [768/1000]  train nll=+2.725(obj=+1.902 bg=+2.756) mse=4.956(obj=2.370 bg=5.047)  val nll=+2.551(obj=+1.813 bg=+2.576) mse=4.823(obj=2.506 bg=4.903)  lr=1.29e-04  tot=5.5min
10:31:48  [769/1000]  train nll=+2.705(obj=+2.031 bg=+2.730) mse=4.978(obj=2.546 bg=5.066)  val nll=+2.608(obj=+1.899 bg=+2.634) mse=4.811(obj=2.420 bg=4.894)  lr=1.28e-04  tot=5.5min
10:31:48  [770/1000]  train nll=+2.696(obj=+1.917 bg=+2.722) mse=5.205(obj=2.546 bg=5.296)  val nll=+2.517(obj=+1.755 bg=+2.545) mse=4.839(obj=2.317 bg=4.928)  lr=1.27e-04  tot=5.5min
10:31:49  [771/1000]  train nll=+2.564(obj=+1.876 bg=+2.588) mse=4.941(obj=2.523 bg=5.024)  val nll=+2.572(obj=+1.787 bg=+2.599) mse=4.950(obj=2.372 bg=5.040)  lr=1.26e-04  tot=5.5min
10:31:49  [772/1000]  train nll=+2.738(obj=+1.930 bg=+2.768) mse=5.652(obj=2.486 bg=5.765)  val nll=+2.520(obj=+1.592 bg=+2.553) mse=5.074(obj=2.199 bg=5.175)  lr=1.25e-04  tot=5.5min
10:31:50  [773/1000]  train nll=+2.633(obj=+2.021 bg=+2.655) mse=4.959(obj=2.599 bg=5.040)  val nll=+2.527(obj=+1.696 bg=+2.558) mse=4.906(obj=2.340 bg=5.000)  lr=1.24e-04  tot=5.5min
10:31:50  [774/1000]  train nll=+2.588(obj=+1.793 bg=+2.616) mse=4.481(obj=2.334 bg=4.556)  val nll=+2.666(obj=+2.072 bg=+2.687) mse=4.744(obj=2.521 bg=4.821)  lr=1.23e-04  tot=5.5min
10:31:50  [775/1000]  train nll=+2.622(obj=+1.873 bg=+2.650) mse=4.893(obj=2.402 bg=4.979)  val nll=+2.597(obj=+1.829 bg=+2.624) mse=4.804(obj=2.264 bg=4.892)  lr=1.22e-04  tot=5.5min
10:31:51  [776/1000]  train nll=+2.631(obj=+1.831 bg=+2.660) mse=4.864(obj=2.508 bg=4.946)  val nll=+2.502(obj=+1.674 bg=+2.532) mse=4.996(obj=2.433 bg=5.087)  lr=1.21e-04  tot=5.5min
10:31:51  [777/1000]  train nll=+2.600(obj=+1.758 bg=+2.628) mse=5.191(obj=2.314 bg=5.281)  val nll=+2.560(obj=+1.716 bg=+2.591) mse=4.854(obj=2.478 bg=4.940)  lr=1.20e-04  tot=5.6min
10:31:52  [778/1000]  train nll=+2.578(obj=+1.916 bg=+2.601) mse=4.901(obj=2.414 bg=4.987)  val nll=+2.519(obj=+1.623 bg=+2.550) mse=4.873(obj=2.325 bg=4.958)  lr=1.19e-04  tot=5.6min
10:31:52  [779/1000]  train nll=+2.697(obj=+1.836 bg=+2.726) mse=4.957(obj=2.364 bg=5.045)  val nll=+2.528(obj=+1.805 bg=+2.556) mse=4.658(obj=2.416 bg=4.736)  lr=1.18e-04  tot=5.6min
10:31:52  [780/1000]  train nll=+2.661(obj=+1.819 bg=+2.692) mse=5.564(obj=2.475 bg=5.671)  val nll=+2.612(obj=+1.671 bg=+2.646) mse=5.215(obj=2.263 bg=5.318)  lr=1.17e-04  tot=5.6min
10:31:53  [781/1000]  train nll=+2.620(obj=+1.719 bg=+2.653) mse=5.092(obj=2.333 bg=5.194)  val nll=+2.414(obj=+1.709 bg=+2.441) mse=4.394(obj=2.341 bg=4.467)  lr=1.16e-04  tot=5.6min
10:31:53    ↳ saved (val_nll=2.4143)
10:31:53  [782/1000]  train nll=+2.700(obj=+1.843 bg=+2.732) mse=4.996(obj=2.525 bg=5.083)  val nll=+2.542(obj=+1.781 bg=+2.570) mse=4.684(obj=2.307 bg=4.764)  lr=1.15e-04  tot=5.6min
10:31:54  [783/1000]  train nll=+2.549(obj=+1.764 bg=+2.578) mse=4.913(obj=2.366 bg=5.006)  val nll=+2.528(obj=+1.735 bg=+2.556) mse=5.096(obj=2.363 bg=5.189)  lr=1.14e-04  tot=5.6min
10:31:54  [784/1000]  train nll=+2.769(obj=+2.019 bg=+2.794) mse=5.106(obj=2.558 bg=5.190)  val nll=+2.503(obj=+1.776 bg=+2.530) mse=4.706(obj=2.442 bg=4.784)  lr=1.13e-04  tot=5.6min
10:31:55  [785/1000]  train nll=+2.592(obj=+1.770 bg=+2.621) mse=4.993(obj=2.342 bg=5.084)  val nll=+2.464(obj=+1.856 bg=+2.486) mse=4.519(obj=2.392 bg=4.594)  lr=1.12e-04  tot=5.6min
10:31:55  [786/1000]  train nll=+2.663(obj=+1.913 bg=+2.689) mse=4.869(obj=2.491 bg=4.951)  val nll=+2.451(obj=+1.716 bg=+2.478) mse=4.669(obj=2.402 bg=4.749)  lr=1.11e-04  tot=5.6min
10:31:56  [787/1000]  train nll=+2.592(obj=+1.791 bg=+2.623) mse=5.270(obj=2.404 bg=5.379)  val nll=+2.548(obj=+1.763 bg=+2.576) mse=4.637(obj=2.398 bg=4.717)  lr=1.10e-04  tot=5.6min
10:31:56  [788/1000]  train nll=+2.589(obj=+1.848 bg=+2.617) mse=5.070(obj=2.537 bg=5.161)  val nll=+2.522(obj=+1.744 bg=+2.550) mse=4.535(obj=2.364 bg=4.612)  lr=1.09e-04  tot=5.6min
10:31:57  [789/1000]  train nll=+2.660(obj=+1.740 bg=+2.693) mse=5.447(obj=2.304 bg=5.558)  val nll=+2.525(obj=+1.846 bg=+2.550) mse=4.882(obj=2.688 bg=4.959)  lr=1.08e-04  tot=5.6min
10:31:57  [790/1000]  train nll=+2.572(obj=+1.893 bg=+2.597) mse=4.864(obj=2.468 bg=4.949)  val nll=+2.457(obj=+1.732 bg=+2.480) mse=4.658(obj=2.308 bg=4.736)  lr=1.07e-04  tot=5.7min
10:31:58  [791/1000]  train nll=+2.522(obj=+1.669 bg=+2.552) mse=4.828(obj=2.199 bg=4.920)  val nll=+2.747(obj=+1.990 bg=+2.772) mse=5.065(obj=2.463 bg=5.151)  lr=1.06e-04  tot=5.7min
10:31:58  [792/1000]  train nll=+2.680(obj=+1.906 bg=+2.707) mse=5.127(obj=2.506 bg=5.217)  val nll=+2.683(obj=+2.269 bg=+2.695) mse=4.915(obj=2.814 bg=4.989)  lr=1.05e-04  tot=5.7min
10:31:59  [793/1000]  train nll=+2.593(obj=+1.887 bg=+2.616) mse=4.916(obj=2.489 bg=4.994)  val nll=+2.479(obj=+1.665 bg=+2.507) mse=4.601(obj=2.262 bg=4.679)  lr=1.04e-04  tot=5.7min
10:31:59  [794/1000]  train nll=+2.602(obj=+1.811 bg=+2.632) mse=4.741(obj=2.456 bg=4.827)  val nll=+2.540(obj=+1.791 bg=+2.566) mse=4.923(obj=2.452 bg=5.009)  lr=1.03e-04  tot=5.7min
10:32:00  [795/1000]  train nll=+2.632(obj=+1.925 bg=+2.655) mse=5.070(obj=2.556 bg=5.152)  val nll=+2.458(obj=+1.620 bg=+2.487) mse=4.390(obj=2.108 bg=4.469)  lr=1.02e-04  tot=5.7min
10:32:00  [796/1000]  train nll=+2.621(obj=+1.831 bg=+2.649) mse=5.019(obj=2.472 bg=5.108)  val nll=+2.633(obj=+1.905 bg=+2.658) mse=4.972(obj=2.449 bg=5.057)  lr=1.01e-04  tot=5.7min
10:32:00  [797/1000]  train nll=+2.625(obj=+1.735 bg=+2.659) mse=4.653(obj=2.160 bg=4.749)  val nll=+2.756(obj=+1.981 bg=+2.783) mse=4.991(obj=2.590 bg=5.075)  lr=1.00e-04  tot=5.7min
10:32:01  [798/1000]  train nll=+2.685(obj=+2.074 bg=+2.708) mse=4.951(obj=2.608 bg=5.035)  val nll=+2.536(obj=+1.659 bg=+2.566) mse=5.081(obj=2.291 bg=5.176)  lr=9.92e-05  tot=5.7min
10:32:01  [799/1000]  train nll=+2.612(obj=+1.800 bg=+2.643) mse=4.808(obj=2.329 bg=4.896)  val nll=+2.469(obj=+1.825 bg=+2.491) mse=4.663(obj=2.565 bg=4.738)  lr=9.83e-05  tot=5.7min
10:32:02  [800/1000]  train nll=+2.658(obj=+1.903 bg=+2.684) mse=5.481(obj=2.469 bg=5.581)  val nll=+2.619(obj=+2.017 bg=+2.642) mse=4.798(obj=2.636 bg=4.874)  lr=9.73e-05  tot=5.7min
10:32:02  [801/1000]  train nll=+2.533(obj=+1.780 bg=+2.559) mse=4.933(obj=2.376 bg=5.022)  val nll=+2.615(obj=+1.951 bg=+2.639) mse=4.500(obj=2.469 bg=4.571)  lr=9.64e-05  tot=5.7min
10:32:03  [802/1000]  train nll=+2.679(obj=+1.858 bg=+2.709) mse=5.076(obj=2.458 bg=5.165)  val nll=+2.491(obj=+1.680 bg=+2.519) mse=4.970(obj=2.313 bg=5.062)  lr=9.55e-05  tot=5.7min
10:32:03  [803/1000]  train nll=+2.589(obj=+1.780 bg=+2.619) mse=5.107(obj=2.453 bg=5.196)  val nll=+2.537(obj=+1.731 bg=+2.565) mse=4.771(obj=2.327 bg=4.857)  lr=9.46e-05  tot=5.7min
10:32:03  [804/1000]  train nll=+2.592(obj=+1.869 bg=+2.618) mse=5.020(obj=2.492 bg=5.106)  val nll=+2.522(obj=+1.605 bg=+2.555) mse=4.844(obj=2.211 bg=4.937)  lr=9.36e-05  tot=5.8min
10:32:04  [805/1000]  train nll=+2.621(obj=+1.939 bg=+2.647) mse=4.599(obj=2.710 bg=4.668)  val nll=+2.727(obj=+1.620 bg=+2.766) mse=5.364(obj=2.141 bg=5.475)  lr=9.27e-05  tot=5.8min
10:32:04  [806/1000]  train nll=+2.617(obj=+1.838 bg=+2.647) mse=4.975(obj=2.498 bg=5.062)  val nll=+2.528(obj=+1.624 bg=+2.559) mse=4.933(obj=2.382 bg=5.021)  lr=9.18e-05  tot=5.8min
10:32:05  [807/1000]  train nll=+2.552(obj=+1.809 bg=+2.578) mse=5.102(obj=2.488 bg=5.193)  val nll=+2.464(obj=+1.708 bg=+2.491) mse=4.871(obj=2.559 bg=4.957)  lr=9.09e-05  tot=5.8min
10:32:05  [808/1000]  train nll=+2.545(obj=+1.664 bg=+2.578) mse=5.049(obj=2.398 bg=5.147)  val nll=+2.356(obj=+1.597 bg=+2.383) mse=4.570(obj=2.223 bg=4.652)  lr=9.00e-05  tot=5.8min
10:32:05    ↳ saved (val_nll=2.3557)
10:32:06  [809/1000]  train nll=+2.744(obj=+1.745 bg=+2.780) mse=4.904(obj=2.314 bg=4.998)  val nll=+2.622(obj=+1.880 bg=+2.647) mse=4.753(obj=2.356 bg=4.836)  lr=8.91e-05  tot=5.8min
10:32:06  [810/1000]  train nll=+2.585(obj=+1.883 bg=+2.611) mse=4.470(obj=2.411 bg=4.545)  val nll=+2.499(obj=+1.744 bg=+2.527) mse=5.038(obj=2.412 bg=5.134)  lr=8.82e-05  tot=5.8min
10:32:07  [811/1000]  train nll=+2.555(obj=+1.692 bg=+2.584) mse=4.774(obj=2.248 bg=4.860)  val nll=+2.386(obj=+1.572 bg=+2.413) mse=4.654(obj=2.275 bg=4.733)  lr=8.73e-05  tot=5.8min
10:32:07  [812/1000]  train nll=+2.535(obj=+1.792 bg=+2.562) mse=4.747(obj=2.273 bg=4.835)  val nll=+2.487(obj=+1.908 bg=+2.509) mse=4.309(obj=2.253 bg=4.382)  lr=8.64e-05  tot=5.8min
10:32:07  [813/1000]  train nll=+2.757(obj=+1.896 bg=+2.787) mse=5.797(obj=2.523 bg=5.907)  val nll=+2.395(obj=+1.620 bg=+2.422) mse=4.697(obj=2.378 bg=4.777)  lr=8.56e-05  tot=5.8min
10:32:08  [814/1000]  train nll=+2.618(obj=+1.839 bg=+2.645) mse=4.944(obj=2.297 bg=5.030)  val nll=+2.663(obj=+2.043 bg=+2.683) mse=4.841(obj=2.479 bg=4.928)  lr=8.47e-05  tot=5.8min
10:32:08  [815/1000]  train nll=+2.583(obj=+1.730 bg=+2.610) mse=4.798(obj=2.414 bg=4.875)  val nll=+2.462(obj=+1.871 bg=+2.485) mse=4.458(obj=2.461 bg=4.530)  lr=8.38e-05  tot=5.8min
10:32:09  [816/1000]  train nll=+2.493(obj=+1.783 bg=+2.519) mse=4.819(obj=2.416 bg=4.907)  val nll=+2.783(obj=+2.094 bg=+2.805) mse=4.960(obj=2.360 bg=5.044)  lr=8.29e-05  tot=5.8min
10:32:09  [817/1000]  train nll=+2.699(obj=+1.943 bg=+2.726) mse=5.613(obj=2.430 bg=5.722)  val nll=+2.455(obj=+1.506 bg=+2.487) mse=5.149(obj=2.159 bg=5.250)  lr=8.21e-05  tot=5.8min
10:32:09  [818/1000]  train nll=+2.549(obj=+1.829 bg=+2.573) mse=4.366(obj=2.514 bg=4.427)  val nll=+2.478(obj=+1.743 bg=+2.506) mse=4.768(obj=2.363 bg=4.854)  lr=8.12e-05  tot=5.9min
10:32:10  [819/1000]  train nll=+2.590(obj=+1.819 bg=+2.614) mse=4.927(obj=2.446 bg=5.004)  val nll=+2.586(obj=+1.809 bg=+2.612) mse=5.366(obj=2.476 bg=5.466)  lr=8.04e-05  tot=5.9min
10:32:10  [820/1000]  train nll=+2.566(obj=+2.003 bg=+2.587) mse=4.589(obj=2.447 bg=4.668)  val nll=+2.453(obj=+1.835 bg=+2.475) mse=4.943(obj=2.535 bg=5.026)  lr=7.95e-05  tot=5.9min
10:32:11  [821/1000]  train nll=+2.663(obj=+1.890 bg=+2.690) mse=4.934(obj=2.485 bg=5.013)  val nll=+2.403(obj=+1.664 bg=+2.429) mse=4.808(obj=2.367 bg=4.891)  lr=7.87e-05  tot=5.9min
10:32:11  [822/1000]  train nll=+2.589(obj=+1.802 bg=+2.615) mse=5.087(obj=2.453 bg=5.172)  val nll=+2.344(obj=+1.566 bg=+2.372) mse=4.330(obj=2.322 bg=4.398)  lr=7.78e-05  tot=5.9min
10:32:11    ↳ saved (val_nll=2.3438)
10:32:12  [823/1000]  train nll=+2.447(obj=+1.705 bg=+2.472) mse=4.568(obj=2.282 bg=4.645)  val nll=+2.555(obj=+1.822 bg=+2.582) mse=4.740(obj=2.404 bg=4.823)  lr=7.70e-05  tot=5.9min
10:32:12  [824/1000]  train nll=+2.462(obj=+1.761 bg=+2.489) mse=4.836(obj=2.507 bg=4.919)  val nll=+2.413(obj=+1.653 bg=+2.440) mse=4.842(obj=2.368 bg=4.932)  lr=7.62e-05  tot=5.9min
10:32:12  [825/1000]  train nll=+2.524(obj=+1.652 bg=+2.555) mse=4.758(obj=2.241 bg=4.845)  val nll=+2.449(obj=+1.596 bg=+2.479) mse=4.604(obj=2.321 bg=4.684)  lr=7.53e-05  tot=5.9min
10:32:13  [826/1000]  train nll=+2.611(obj=+1.655 bg=+2.645) mse=5.091(obj=2.298 bg=5.187)  val nll=+2.505(obj=+1.591 bg=+2.537) mse=5.461(obj=2.184 bg=5.569)  lr=7.45e-05  tot=5.9min
10:32:13  [827/1000]  train nll=+2.491(obj=+1.722 bg=+2.519) mse=4.847(obj=2.367 bg=4.936)  val nll=+2.494(obj=+1.746 bg=+2.522) mse=4.896(obj=2.396 bg=4.982)  lr=7.37e-05  tot=5.9min
10:32:14  [828/1000]  train nll=+2.524(obj=+1.697 bg=+2.553) mse=4.810(obj=2.235 bg=4.900)  val nll=+2.308(obj=+1.566 bg=+2.334) mse=4.224(obj=2.156 bg=4.295)  lr=7.29e-05  tot=5.9min
10:32:14    ↳ saved (val_nll=2.3080)
10:32:14  [829/1000]  train nll=+2.508(obj=+1.651 bg=+2.538) mse=4.963(obj=2.277 bg=5.057)  val nll=+2.464(obj=+1.678 bg=+2.491) mse=4.985(obj=2.422 bg=5.076)  lr=7.21e-05  tot=5.9min
10:32:15  [830/1000]  train nll=+2.527(obj=+1.921 bg=+2.549) mse=4.330(obj=2.546 bg=4.393)  val nll=+2.422(obj=+1.658 bg=+2.448) mse=4.608(obj=2.302 bg=4.692)  lr=7.12e-05  tot=5.9min
10:32:15  [831/1000]  train nll=+2.619(obj=+1.943 bg=+2.643) mse=5.456(obj=2.607 bg=5.552)  val nll=+2.462(obj=+1.597 bg=+2.492) mse=4.943(obj=2.217 bg=5.040)  lr=7.04e-05  tot=5.9min
10:32:15  [832/1000]  train nll=+2.543(obj=+1.750 bg=+2.575) mse=4.758(obj=2.319 bg=4.854)  val nll=+2.428(obj=+1.537 bg=+2.459) mse=4.749(obj=2.125 bg=4.835)  lr=6.96e-05  tot=6.0min
10:32:16  [833/1000]  train nll=+2.425(obj=+1.748 bg=+2.450) mse=4.406(obj=2.429 bg=4.482)  val nll=+2.338(obj=+1.536 bg=+2.366) mse=4.554(obj=2.300 bg=4.634)  lr=6.88e-05  tot=6.0min
10:32:16  [834/1000]  train nll=+2.429(obj=+1.768 bg=+2.451) mse=4.451(obj=2.377 bg=4.519)  val nll=+2.524(obj=+1.785 bg=+2.550) mse=4.605(obj=2.494 bg=4.680)  lr=6.81e-05  tot=6.0min
10:32:17  [835/1000]  train nll=+2.564(obj=+1.928 bg=+2.587) mse=4.879(obj=2.446 bg=4.965)  val nll=+2.442(obj=+1.520 bg=+2.474) mse=4.798(obj=2.151 bg=4.892)  lr=6.73e-05  tot=6.0min
10:32:17  [836/1000]  train nll=+2.561(obj=+1.947 bg=+2.585) mse=4.604(obj=2.359 bg=4.684)  val nll=+2.464(obj=+1.735 bg=+2.489) mse=4.612(obj=2.295 bg=4.693)  lr=6.65e-05  tot=6.0min
10:32:17  [837/1000]  train nll=+2.464(obj=+1.749 bg=+2.491) mse=4.680(obj=2.386 bg=4.762)  val nll=+2.468(obj=+1.663 bg=+2.497) mse=4.670(obj=2.345 bg=4.754)  lr=6.57e-05  tot=6.0min
10:32:18  [838/1000]  train nll=+2.448(obj=+1.634 bg=+2.478) mse=4.706(obj=2.229 bg=4.789)  val nll=+2.421(obj=+1.689 bg=+2.447) mse=5.049(obj=2.361 bg=5.143)  lr=6.49e-05  tot=6.0min
10:32:18  [839/1000]  train nll=+2.582(obj=+1.729 bg=+2.612) mse=5.100(obj=2.311 bg=5.192)  val nll=+2.759(obj=+2.028 bg=+2.785) mse=4.794(obj=2.472 bg=4.874)  lr=6.42e-05  tot=6.0min
10:32:19  [840/1000]  train nll=+2.626(obj=+1.916 bg=+2.651) mse=4.736(obj=2.526 bg=4.813)  val nll=+2.446(obj=+1.721 bg=+2.472) mse=4.516(obj=2.297 bg=4.595)  lr=6.34e-05  tot=6.0min
10:32:19  [841/1000]  train nll=+2.641(obj=+2.096 bg=+2.658) mse=5.210(obj=2.460 bg=5.304)  val nll=+2.571(obj=+1.700 bg=+2.602) mse=5.446(obj=2.262 bg=5.554)  lr=6.26e-05  tot=6.0min
10:32:20  [842/1000]  train nll=+2.624(obj=+2.004 bg=+2.650) mse=5.210(obj=2.508 bg=5.312)  val nll=+2.515(obj=+1.649 bg=+2.546) mse=4.786(obj=2.362 bg=4.868)  lr=6.19e-05  tot=6.0min
10:32:20  [843/1000]  train nll=+2.609(obj=+1.893 bg=+2.635) mse=5.107(obj=2.564 bg=5.196)  val nll=+2.429(obj=+1.585 bg=+2.459) mse=4.718(obj=2.211 bg=4.805)  lr=6.11e-05  tot=6.0min
10:32:21  [844/1000]  train nll=+2.551(obj=+1.845 bg=+2.577) mse=4.339(obj=2.289 bg=4.413)  val nll=+2.451(obj=+1.697 bg=+2.479) mse=4.776(obj=2.366 bg=4.860)  lr=6.04e-05  tot=6.0min
10:32:21  [845/1000]  train nll=+2.514(obj=+1.671 bg=+2.542) mse=4.918(obj=2.319 bg=5.005)  val nll=+2.434(obj=+1.592 bg=+2.464) mse=4.917(obj=2.345 bg=5.007)  lr=5.96e-05  tot=6.0min
10:32:22  [846/1000]  train nll=+2.572(obj=+1.812 bg=+2.600) mse=4.918(obj=2.457 bg=5.003)  val nll=+2.464(obj=+1.836 bg=+2.487) mse=4.467(obj=2.432 bg=4.542)  lr=5.89e-05  tot=6.1min
10:32:22  [847/1000]  train nll=+2.409(obj=+1.624 bg=+2.438) mse=4.340(obj=2.344 bg=4.412)  val nll=+2.522(obj=+1.842 bg=+2.546) mse=4.924(obj=2.404 bg=5.010)  lr=5.82e-05  tot=6.1min
10:32:22  [848/1000]  train nll=+2.579(obj=+1.857 bg=+2.604) mse=5.019(obj=2.289 bg=5.110)  val nll=+2.406(obj=+1.603 bg=+2.437) mse=4.732(obj=2.309 bg=4.815)  lr=5.74e-05  tot=6.1min
10:32:23  [849/1000]  train nll=+2.535(obj=+1.627 bg=+2.568) mse=4.596(obj=2.213 bg=4.682)  val nll=+2.317(obj=+1.646 bg=+2.340) mse=4.521(obj=2.225 bg=4.599)  lr=5.67e-05  tot=6.1min
10:32:23  [850/1000]  train nll=+2.521(obj=+1.698 bg=+2.551) mse=5.109(obj=2.316 bg=5.209)  val nll=+2.370(obj=+1.399 bg=+2.404) mse=4.967(obj=2.174 bg=5.068)  lr=5.60e-05  tot=6.1min
10:32:24  [851/1000]  train nll=+2.579(obj=+1.928 bg=+2.600) mse=5.461(obj=2.518 bg=5.556)  val nll=+2.577(obj=+1.810 bg=+2.604) mse=4.767(obj=2.316 bg=4.857)  lr=5.53e-05  tot=6.1min
10:32:24  [852/1000]  train nll=+2.526(obj=+1.805 bg=+2.553) mse=4.417(obj=2.431 bg=4.488)  val nll=+2.561(obj=+1.958 bg=+2.583) mse=4.556(obj=2.569 bg=4.627)  lr=5.46e-05  tot=6.1min
10:32:24  [853/1000]  train nll=+2.425(obj=+1.677 bg=+2.453) mse=4.252(obj=2.357 bg=4.320)  val nll=+2.718(obj=+2.118 bg=+2.739) mse=4.822(obj=2.407 bg=4.906)  lr=5.38e-05  tot=6.1min
10:32:25  [854/1000]  train nll=+2.578(obj=+1.853 bg=+2.603) mse=4.838(obj=2.330 bg=4.921)  val nll=+2.498(obj=+1.910 bg=+2.521) mse=4.825(obj=2.314 bg=4.915)  lr=5.31e-05  tot=6.1min
10:32:25  [855/1000]  train nll=+2.429(obj=+1.703 bg=+2.454) mse=4.239(obj=2.216 bg=4.310)  val nll=+2.363(obj=+1.518 bg=+2.394) mse=4.518(obj=2.279 bg=4.598)  lr=5.24e-05  tot=6.1min
10:32:26  [856/1000]  train nll=+2.444(obj=+1.710 bg=+2.470) mse=4.518(obj=2.322 bg=4.595)  val nll=+2.386(obj=+1.709 bg=+2.412) mse=4.507(obj=2.328 bg=4.584)  lr=5.17e-05  tot=6.1min
10:32:26  [857/1000]  train nll=+2.473(obj=+1.788 bg=+2.498) mse=4.742(obj=2.381 bg=4.828)  val nll=+2.562(obj=+1.740 bg=+2.589) mse=4.948(obj=2.362 bg=5.038)  lr=5.11e-05  tot=6.1min
10:32:26  [858/1000]  train nll=+2.607(obj=+1.957 bg=+2.630) mse=4.795(obj=2.643 bg=4.873)  val nll=+2.572(obj=+1.759 bg=+2.603) mse=5.158(obj=2.284 bg=5.261)  lr=5.04e-05  tot=6.1min
10:32:27  [859/1000]  train nll=+2.621(obj=+1.784 bg=+2.654) mse=4.698(obj=2.323 bg=4.784)  val nll=+2.375(obj=+1.574 bg=+2.404) mse=4.595(obj=2.291 bg=4.677)  lr=4.97e-05  tot=6.1min
10:32:27  [860/1000]  train nll=+2.531(obj=+1.829 bg=+2.556) mse=5.044(obj=2.579 bg=5.128)  val nll=+2.308(obj=+1.509 bg=+2.337) mse=4.600(obj=2.179 bg=4.687)  lr=4.90e-05  tot=6.2min
10:32:28  [861/1000]  train nll=+2.520(obj=+1.693 bg=+2.551) mse=5.055(obj=2.372 bg=5.148)  val nll=+2.418(obj=+1.827 bg=+2.440) mse=4.464(obj=2.424 bg=4.536)  lr=4.83e-05  tot=6.2min
10:32:28  [862/1000]  train nll=+2.440(obj=+1.664 bg=+2.470) mse=4.981(obj=2.391 bg=5.076)  val nll=+2.453(obj=+2.412 bg=+2.461) mse=4.572(obj=2.289 bg=4.659)  lr=4.77e-05  tot=6.2min
10:32:28  [863/1000]  train nll=+2.435(obj=+1.637 bg=+2.465) mse=4.321(obj=2.283 bg=4.396)  val nll=+2.358(obj=+1.473 bg=+2.391) mse=4.713(obj=2.159 bg=4.803)  lr=4.70e-05  tot=6.2min
10:32:29  [864/1000]  train nll=+2.470(obj=+1.620 bg=+2.501) mse=5.020(obj=2.213 bg=5.117)  val nll=+2.312(obj=+1.562 bg=+2.340) mse=4.869(obj=2.275 bg=4.964)  lr=4.63e-05  tot=6.2min
10:32:29  [865/1000]  train nll=+2.442(obj=+1.647 bg=+2.471) mse=4.661(obj=2.356 bg=4.743)  val nll=+2.379(obj=+1.819 bg=+2.401) mse=4.205(obj=2.374 bg=4.271)  lr=4.57e-05  tot=6.2min
10:32:30  [866/1000]  train nll=+2.465(obj=+1.679 bg=+2.492) mse=4.716(obj=2.333 bg=4.793)  val nll=+2.397(obj=+1.615 bg=+2.425) mse=4.761(obj=2.379 bg=4.846)  lr=4.50e-05  tot=6.2min
10:32:30  [867/1000]  train nll=+2.523(obj=+1.648 bg=+2.553) mse=5.295(obj=2.334 bg=5.391)  val nll=+2.397(obj=+1.680 bg=+2.424) mse=4.390(obj=2.329 bg=4.467)  lr=4.44e-05  tot=6.2min
10:32:30  [868/1000]  train nll=+2.671(obj=+1.982 bg=+2.696) mse=5.571(obj=2.466 bg=5.682)  val nll=+2.412(obj=+1.716 bg=+2.437) mse=4.280(obj=2.154 bg=4.352)  lr=4.38e-05  tot=6.2min
10:32:31  [869/1000]  train nll=+2.528(obj=+1.716 bg=+2.559) mse=4.813(obj=2.360 bg=4.901)  val nll=+2.482(obj=+1.534 bg=+2.515) mse=5.104(obj=2.188 bg=5.205)  lr=4.31e-05  tot=6.2min
10:32:31  [870/1000]  train nll=+2.577(obj=+1.780 bg=+2.603) mse=5.525(obj=2.367 bg=5.621)  val nll=+2.409(obj=+1.715 bg=+2.435) mse=4.559(obj=2.456 bg=4.634)  lr=4.25e-05  tot=6.2min
10:32:32  [871/1000]  train nll=+2.472(obj=+1.618 bg=+2.502) mse=4.970(obj=2.365 bg=5.062)  val nll=+2.345(obj=+1.704 bg=+2.371) mse=4.857(obj=2.291 bg=4.949)  lr=4.19e-05  tot=6.2min
10:32:32  [872/1000]  train nll=+2.393(obj=+1.609 bg=+2.425) mse=4.532(obj=2.261 bg=4.617)  val nll=+2.369(obj=+1.628 bg=+2.396) mse=4.827(obj=2.336 bg=4.916)  lr=4.12e-05  tot=6.2min
10:32:32  [873/1000]  train nll=+2.477(obj=+1.525 bg=+2.512) mse=4.841(obj=2.212 bg=4.934)  val nll=+2.458(obj=+1.458 bg=+2.494) mse=5.084(obj=2.195 bg=5.188)  lr=4.06e-05  tot=6.2min
10:32:33  [874/1000]  train nll=+2.443(obj=+1.733 bg=+2.470) mse=4.642(obj=2.360 bg=4.722)  val nll=+2.473(obj=+1.719 bg=+2.499) mse=4.858(obj=2.370 bg=4.943)  lr=4.00e-05  tot=6.2min
10:32:33  [875/1000]  train nll=+2.464(obj=+1.727 bg=+2.492) mse=4.643(obj=2.376 bg=4.725)  val nll=+2.484(obj=+1.678 bg=+2.512) mse=4.852(obj=2.345 bg=4.939)  lr=3.94e-05  tot=6.3min
10:32:34  [876/1000]  train nll=+2.513(obj=+1.635 bg=+2.545) mse=5.210(obj=2.396 bg=5.312)  val nll=+2.485(obj=+1.895 bg=+2.504) mse=4.722(obj=2.390 bg=4.805)  lr=3.88e-05  tot=6.3min
10:32:34  [877/1000]  train nll=+2.395(obj=+1.655 bg=+2.421) mse=4.407(obj=2.228 bg=4.484)  val nll=+2.417(obj=+1.774 bg=+2.439) mse=4.570(obj=2.485 bg=4.641)  lr=3.82e-05  tot=6.3min
10:32:34  [878/1000]  train nll=+2.434(obj=+1.678 bg=+2.460) mse=4.904(obj=2.268 bg=4.995)  val nll=+2.358(obj=+1.594 bg=+2.385) mse=4.641(obj=2.305 bg=4.722)  lr=3.76e-05  tot=6.3min
10:32:35  [879/1000]  train nll=+2.493(obj=+1.770 bg=+2.518) mse=5.084(obj=2.374 bg=5.172)  val nll=+2.299(obj=+1.603 bg=+2.323) mse=4.405(obj=2.280 bg=4.480)  lr=3.70e-05  tot=6.3min
10:32:35    ↳ saved (val_nll=2.2987)
10:32:35  [880/1000]  train nll=+2.370(obj=+1.611 bg=+2.399) mse=4.594(obj=2.332 bg=4.676)  val nll=+2.366(obj=+1.541 bg=+2.396) mse=4.777(obj=2.202 bg=4.865)  lr=3.64e-05  tot=6.3min
10:32:36  [881/1000]  train nll=+2.445(obj=+1.645 bg=+2.475) mse=4.977(obj=2.324 bg=5.076)  val nll=+2.398(obj=+1.448 bg=+2.431) mse=4.751(obj=2.229 bg=4.836)  lr=3.58e-05  tot=6.3min
10:32:36  [882/1000]  train nll=+2.666(obj=+1.815 bg=+2.694) mse=5.167(obj=2.568 bg=5.250)  val nll=+2.436(obj=+1.473 bg=+2.470) mse=4.668(obj=2.101 bg=4.758)  lr=3.53e-05  tot=6.3min
10:32:36  [883/1000]  train nll=+2.524(obj=+2.084 bg=+2.543) mse=4.829(obj=2.641 bg=4.908)  val nll=+2.399(obj=+1.679 bg=+2.425) mse=4.893(obj=2.369 bg=4.985)  lr=3.47e-05  tot=6.3min
10:32:37  [884/1000]  train nll=+2.375(obj=+1.570 bg=+2.404) mse=4.425(obj=2.292 bg=4.500)  val nll=+2.386(obj=+1.723 bg=+2.409) mse=5.011(obj=2.410 bg=5.099)  lr=3.41e-05  tot=6.3min
10:32:37  [885/1000]  train nll=+2.399(obj=+1.586 bg=+2.428) mse=4.524(obj=2.252 bg=4.603)  val nll=+2.458(obj=+1.655 bg=+2.488) mse=4.707(obj=2.429 bg=4.786)  lr=3.36e-05  tot=6.3min
10:32:38  [886/1000]  train nll=+2.477(obj=+1.619 bg=+2.505) mse=5.031(obj=2.280 bg=5.123)  val nll=+2.470(obj=+1.747 bg=+2.498) mse=5.190(obj=2.319 bg=5.297)  lr=3.30e-05  tot=6.3min
10:32:38  [887/1000]  train nll=+2.455(obj=+1.690 bg=+2.480) mse=4.749(obj=2.403 bg=4.826)  val nll=+2.432(obj=+1.869 bg=+2.449) mse=4.410(obj=2.407 bg=4.475)  lr=3.25e-05  tot=6.3min
10:32:38  [888/1000]  train nll=+2.416(obj=+1.663 bg=+2.444) mse=4.627(obj=2.374 bg=4.709)  val nll=+2.364(obj=+1.597 bg=+2.390) mse=4.658(obj=2.382 bg=4.737)  lr=3.19e-05  tot=6.3min
